borrower_id,company_name,industry,years_in_business,revenue,revenue_growth,ebitda_margin,ebitda,total_debt,total_equity,debt_equity_ratio,cash_flow,annual_debt_service,dscr,collateral_value,collateral_coverage,bureau_score,existing_exposure,num_past_defaults,loan_amount_requested,cash_flow_stability,industry_risk,defaulted,optimal_limit,promoter_gender,region
BRW-00000,Company_0,Agriculture,18,8334649.0,0.3713284419040656,0.08311620377880068,692744.3847087773,46523114.0,1739069.0,26.751720172275988,2438132.0,845143.0,2.8848716905048133,17285519.0,14.10082049056493,689,88302.0,3,1225851.0,0.6400250376220118,0.6,0,3376175.0,Female,North
BRW-00001,Company_1,Real Estate,6,402924646.0,-0.21051929330983582,0.2629184650632409,105936329.46246971,11580801.0,109066917.0,0.10618069358116455,10719518.0,15130897.0,0.708452201581162,4236012.0,0.6859184228973041,674,218023.0,1,6175678.0,0.7315936925955785,0.55,0,1406443.0,Male,Central
BRW-00002,Company_2,Pharmaceuticals,18,1438822.0,0.018848358263826998,-0.006983811570024062,-10048.461730805162,12279874.0,10435082.0,1.1767873815665866,13829035.0,3779321.0,3.659131188080825,166757559.0,95.43848145515481,585,2251936.0,0,1747277.0,0.9377030289002246,0.2,0,39827621.0,Female,West
BRW-00003,Company_3,Financial Services,19,50614973.0,-0.19502643159877686,0.3502714805014482,17728981.528250825,11871747.0,10556724.0,1.1245672308410042,5586762.0,2808660.0,1.9891193704046164,5425919.0,0.40293735767766786,652,32987611.0,0,13465911.0,0.7815532426686547,0.3,0,1880649.0,Non-Binary,Central
BRW-00004,Company_4,Retail,22,167602443.0,0.004495386012423802,0.22188493740764556,37188457.574423485,122971017.0,35713251.0,3.443288138531882,3283142.0,1249477.0,2.6276108903077926,6887557.0,4.133498131764328,694,5226263.0,0,1666277.0,0.6403187623347837,0.5,0,5176092.0,Male,South
BRW-00005,Company_5,Agriculture,37,150208.0,-0.04969032116769902,0.21287746425514645,31975.898150837038,4549704.0,6133841.0,0.7417380493335173,5643546.0,955145.0,5.908568951762349,28381047.0,8.581451082544286,686,2803209.0,0,3307254.0,0.700068639109509,0.6,0,8126706.0,Female,East
BRW-00006,Company_6,Construction,32,79495430.0,-0.14415194612520998,0.22965927877719827,18256863.11988325,47438809.0,11306446.0,4.195730895833147,995259.0,121565.0,8.186984847737032,18881029.0,3.052626975409261,654,23646018.0,0,6185173.0,0.6454503205066897,0.5,0,1791466.0,Male,East
BRW-00007,Company_7,Healthcare,3,17358938.0,0.2169638045794669,0.24287996693344208,4216138.287439671,12615169.0,5942661.0,2.1228144895334786,2887740.0,1393076.0,2.072922027999888,5136327.0,0.12342743964299444,794,7027755.0,1,41614141.0,0.7140720735970525,0.25,0,808118.0,Male,North
BRW-00008,Company_8,Agriculture,28,35465902.0,0.11834715557756444,0.27708807106138555,9827178.373632137,805510.0,1783276.0,0.4517021191884379,3352272.0,1957944.0,1.712137981403972,16431947.0,5.40664006770167,733,15187942.0,0,3039215.0,0.9345877465647596,0.6,0,2754985.0,Female,East
BRW-00009,Company_9,Pharmaceuticals,10,14874264.0,0.19937834444810687,0.10810830981491663,1608031.5407808612,2578508.0,15570824.0,0.1655986757284858,2920812.0,221611.0,13.17984585672256,1826355.0,0.20299532178952387,686,14054487.0,0,8997029.0,0.6111976703276862,0.2,0,1261791.0,Female,South
BRW-00010,Company_10,Pharmaceuticals,35,121216671.0,0.00025192629987583204,0.10108940474734533,12253721.116844798,3574923.0,50167247.0,0.07126009782318536,2529320.0,5325732.0,0.4749242968057167,12478077.0,0.7862402999666552,754,2041930.0,0,15870563.0,0.6286935108006124,0.2,0,477277.0,Female,South
BRW-00011,Company_11,Financial Services,29,41644464.0,0.06939252863298759,0.18590686536576811,7741991.762077577,45793926.0,16113274.0,2.8419999038060233,1287350.0,1635656.0,0.7870537649397154,20255006.0,0.5167748168498799,697,2309453.0,3,39195032.0,0.9056971610305818,0.3,0,219913.0,Male,West
BRW-00012,Company_12,Retail,15,29431610.0,0.31919609618244715,0.26213133125019705,7714947.110136612,56004730.0,44178535.0,1.2676909438556316,701935.0,8517680.0,0.0824091674717567,4713731.0,0.2437031278346517,824,936413.0,2,19342102.0,0.9105580916046879,0.5,0,31587.0,Male,Central
BRW-00013,Company_13,Real Estate,33,6272648.0,0.0795919707336331,0.1720013428533013,1078903.8792460747,15108692.0,3933538.0,3.840992043043173,2403327.0,872927.0,2.753178956340042,5101875.0,0.1922827525720521,636,11365877.0,1,26533190.0,0.761322524833043,0.55,1,535960.0,Non-Binary,Central
BRW-00014,Company_14,Financial Services,7,406639805.0,0.2011934823739162,0.27286821549589235,110959077.93994765,4056536.0,5927736.0,0.6843313055218205,7972626.0,8742484.0,0.9119404837411789,3456379.0,0.1638875069772576,726,518435.0,1,21089947.0,0.6850322079050908,0.3,0,916091.0,Male,Central
BRW-00015,Company_15,Financial Services,12,24517471.0,-0.012618445407509352,0.2541404139242301,6230880.228315308,2266004.0,3099786.0,0.7310192603556309,241323.0,1156794.0,0.20861345355054267,1031146.0,0.3887977256102619,529,865480.0,0,2652139.0,0.8162393758216112,0.3,0,19703.0,Female,West
BRW-00016,Company_16,Healthcare,30,749343986.0,0.18740260150463903,0.15396200863007684,115370505.23942818,48953015.0,22745299.0,2.1522255147217226,1550484.0,1866653.0,0.8306220649354407,16565199.0,1.30098594150982,668,2943113.0,0,12732803.0,0.9022662427598653,0.25,0,753973.0,Male,West
BRW-00017,Company_17,Energy,21,435216461.0,-0.0023379039707952243,-0.029661596373701943,-12909215.001372993,1293900.0,10007743.0,0.12928987791853988,72830405.0,2568258.0,28.357889527497033,4356606.0,0.20983009738547898,712,3855030.0,0,20762540.0,0.7713053654265258,0.45,0,21630630.0,Non-Binary,West
BRW-00018,Company_18,Retail,31,1676927.0,-0.20446335640895086,0.11957664655753064,200521.3071817802,7603845.0,9567952.0,0.794720145468942,2447395.0,1886070.0,1.297615519246094,20473815.0,5.9963879007415155,674,7881246.0,0,3414357.0,0.8318518523233596,0.5,0,1905467.0,Non-Binary,North
BRW-00019,Company_19,IT Services,24,9043719.0,0.07886256681184374,0.389135668057161,3519233.63478624,308337899.0,32696658.0,9.430257048587135,4102162.0,2856844.0,1.4359063932414955,6758894.0,1.3581580684474979,611,3071092.0,1,4976514.0,0.8268798155570364,0.2,0,3839994.0,Male,West
BRW-00020,Company_20,Financial Services,20,5099094.0,0.00945452860940571,0.22080715808468396,1125916.4549466635,4074747.0,8305433.0,0.49061217029718135,51551570.0,196918.0,261.7907362925873,22346797.0,5.614685650625543,644,1894473.0,3,3980061.0,0.7242550621058662,0.3,0,129909956.0,Female,East
BRW-00021,Company_21,Automotive,37,22469983.0,-0.16371720390958933,0.10325398424758891,2320115.2707255906,1319090.0,53522145.0,0.02464568591849811,5278502.0,1677365.0,3.1468993648374894,679850.0,0.03533096227592824,619,9670259.0,0,19242328.0,0.6400371652696737,0.45,0,1567715.0,Male,North
BRW-00022,Company_22,Energy,4,31983990.0,0.10872392775097608,0.21007818931294792,6719138.706203433,628954.0,19438945.0,0.032355355069148294,5462422.0,1800354.0,3.034080500790122,1592700.0,0.19209259232010753,690,12883500.0,3,8291313.0,0.7544928942005245,0.45,0,1622339.0,Male,East
BRW-00023,Company_23,IT Services,28,34102788.0,-0.05402897274299821,0.2611972881993362,8907555.745636864,327175288.0,9441473.0,34.65298829398884,834660.0,182814.0,4.5655991029182506,2513395.0,0.3898437240681438,762,255329.0,3,6447185.0,0.7093391212096275,0.2,0,468557.0,Male,Central
BRW-00024,Company_24,Automotive,20,117411218.0,0.5438961917694023,0.10331212686580399,12130002.64948457,14990701.0,2276332.0,6.585460475246811,5226409.0,4286429.0,1.219291811600796,53520814.0,21.698662382137957,672,16261574.0,2,2466548.0,0.7190185529675654,0.45,0,4205862.0,Female,South
BRW-00025,Company_25,Retail,24,226980383.0,-0.1396663350120501,0.3282460672946276,74505418.07277834,2413013.0,32473312.0,0.07430757065039838,3197259.0,664225.0,4.813510762902988,16267378.0,1.9582798692134908,844,2002231.0,0,8306972.0,0.7570988326050745,0.5,0,5635015.0,Male,Central
BRW-00026,Company_26,Manufacturing,32,103102235.0,-0.10193874136752094,0.23948376253963802,24691311.164045956,6691142.0,20573672.0,0.3252283634526514,13090145.0,6142824.0,2.130964987607493,5984797.0,1.1880594093526573,718,35930960.0,0,5037455.0,0.8412346490459044,0.4,0,11930577.0,Female,West
BRW-00027,Company_27,Automotive,36,10413329.0,0.2104326659971686,0.04801094721931923,499953.78899640625,3287264.0,21796984.0,0.15081278442867213,22208466.0,2198184.0,10.103092323894487,4340970.0,0.38299578710545473,536,1232713.0,0,11334249.0,0.8177720352814164,0.45,0,8420691.0,Male,South
BRW-00028,Company_28,Construction,34,7474174.0,0.06004671790398666,0.28276395438508484,2113426.996002187,542892.0,22647416.0,0.023971475422561433,3421083.0,995362.0,3.437020463891063,21728879.0,7.668489247327007,726,735450.0,1,2833527.0,0.8395036705283543,0.5,0,6157949.0,Male,Central
BRW-00029,Company_29,Energy,36,24255228.0,0.20738034638933273,0.13084639382427654,3173709.1151856193,28981729.0,7764687.0,3.7325039975849643,5798698.0,6620162.0,0.8759146866927596,3672157.0,0.3458961813262479,695,8641110.0,2,10616355.0,0.6288756662312808,0.45,0,579765.0,Female,North
BRW-00030,Company_30,Automotive,2,45771825.0,0.1370586580846851,0.15850434884332734,7255033.316995732,9348432.0,12217148.0,0.7651893252672943,191988.0,14566581.0,0.013180030840453855,26786307.0,4.675573940807696,810,79894581.0,2,5728987.0,0.6606834653213449,0.45,0,63356.0,Female,West
BRW-00031,Company_31,Telecom,15,18351337.0,-0.007346069189677298,0.05808375636382665,1065914.5872584775,25583948.0,8450519.0,3.027499846163313,114293.0,2076529.0,0.05504037986448546,6442791.0,2.528860680494798,698,286608.0,0,2547704.0,0.7472284195020727,0.35,0,44574.0,Female,Central
BRW-00032,Company_32,Manufacturing,34,3209972.0,-0.1268638589619448,0.25577356952277963,821025.996508176,8973853.0,65665050.0,0.1366610223145947,16848771.0,10322776.0,1.6321936432415425,61807557.0,26.227795348063516,679,11496917.0,0,2356566.0,0.6307147851590298,0.4,0,19800329.0,Female,South
BRW-00033,Company_33,Pharmaceuticals,36,67193647.0,0.24066246210920478,0.16213617279654943,10894520.760822345,10819578.0,10531230.0,1.0273801799618678,77471.0,1605022.0,0.048267844136812996,2154467.0,0.7866859802341435,865,7575924.0,1,2738661.0,0.6397569573982077,0.2,0,14627.0,Female,East
BRW-00034,Company_34,Pharmaceuticals,6,13410222.0,-0.11326752783839493,0.2608508345400731,3498067.6000676476,311068.0,6968508.0,0.04463910429045869,5341432.0,6291979.0,0.8489270468119733,7334050.0,1.014542132538084,531,3112922.0,0,7228925.0,0.6253069600868577,0.2,0,2208205.0,Male,Central
BRW-00035,Company_35,Construction,39,12816333.0,0.16383589417462419,0.11388211331213166,1459551.0869520123,34683396.0,71307844.0,0.4863896251527444,2519364.0,1275728.0,1.9748426193964392,2239115.0,0.22326312156865247,672,73294483.0,1,10029040.0,0.8723791498205635,0.5,0,447781.0,Male,North
BRW-00036,Company_36,Automotive,12,22255083.0,0.21784981358852729,0.10015160545559058,2228882.291997421,1736766.0,62580575.0,0.027752477062531353,20728684.0,17735346.0,1.1687780340582004,102185797.0,8.780027507130038,721,185365.0,2,11638436.0,0.6988739367826369,0.45,0,15989972.0,Female,South
BRW-00037,Company_37,Automotive,3,16854894.0,0.06096232939550589,0.09042755140826994,1524146.7936659406,2550690.0,19455671.0,0.1311026419442104,3101006.0,7222912.0,0.42932899787108053,9168524.0,0.758611000422309,668,17342446.0,2,12085935.0,0.7367714250267743,0.45,0,388155.0,Female,Central
BRW-00038,Company_38,Healthcare,18,13939658.0,0.03437786964682955,0.2275238615451514,3171604.816778762,4025628.0,12536538.0,0.3211115922823676,48806814.0,3486517.0,13.998727096776785,1961027.0,0.4711880069526305,531,14066333.0,1,4161877.0,0.6931592767578876,0.25,0,31046200.0,Female,East
BRW-00039,Company_39,Automotive,21,3540619.0,-0.06755891569915302,0.09835802105967162,348248.2781662735,405135.0,9290850.0,0.04360580101865803,2407627.0,94784.0,25.40092841694361,2296371.0,0.08967508265683712,732,19700124.0,0,25607681.0,0.8578172226285995,0.45,0,715065.0,Female,West
BRW-00040,Company_40,Agriculture,15,20411904.0,0.14941140750564527,0.15562648215283043,3176632.813561288,3708601.0,13897661.0,0.26685071201184773,18247221.0,3397600.0,5.3706191515719475,19212562.0,3.364570456285943,663,16290349.0,0,5710256.0,0.7068168249965958,0.6,0,26275998.0,Male,West
BRW-00041,Company_41,Real Estate,33,69332941.0,-0.37688932466224173,0.11778876152324014,8166641.253153878,3340810.0,5128614.0,0.6514058863845307,345465.0,450485.0,0.7668717784792424,580846.0,0.04167270519096899,689,4653089.0,0,13938283.0,0.8065600196609646,0.55,0,21459.0,Male,West
BRW-00042,Company_42,Telecom,35,35925791.0,0.18735895085852156,0.23281007098772113,8363885.953000033,5041679.0,26167803.0,0.19266725629708936,103460.0,3029486.0,0.03415099652185337,6801607.0,0.9019689307987275,800,2068611.0,0,7540843.0,0.6580678712927949,0.35,0,18197.0,Female,South
BRW-00043,Company_43,Healthcare,26,100150254.0,0.0979214511463571,-0.028236293592517364,-2827871.9753091866,692616.0,106430586.0,0.006507678098214379,3133565.0,9184235.0,0.34118951211619564,2474024.0,0.1912326035285706,724,1308561.0,0,12937249.0,0.6716219961933794,0.25,0,211516.0,Male,East
BRW-00044,Company_44,Retail,8,8098444.0,0.046577645042047665,0.2096439444268006,1697789.7438795567,35732219.0,28778636.0,1.2416230483743897,399954.0,4532555.0,0.08824027767114184,6993790.0,0.9751744149161268,650,7893712.0,0,7171834.0,0.876024836199379,0.5,0,58504.0,Male,East
BRW-00045,Company_45,Healthcare,36,3551612.0,0.11634534119957715,0.38776118269149684,1377177.2695813125,16144417.0,3898555.0,4.1411273815228,2987986.0,5556366.0,0.5377589349299642,10343503.0,0.7852400422732091,731,3238559.0,1,13172408.0,0.885650653258844,0.25,0,567781.0,Male,Central
BRW-00046,Company_46,Agriculture,30,16705107.0,-0.1260334587898193,0.3283231330480437,5484673.068142806,2431307.0,25295091.0,0.09611773699024301,1758913.0,1267265.0,1.3879588026507457,7666169.0,0.8691116743068432,666,2382996.0,0,8820694.0,0.6987938975502969,0.6,0,509223.0,Male,West
BRW-00047,Company_47,Retail,23,9613175.0,-0.28194890321138244,0.10600162536318333,1019012.1749007199,3714224.0,18503052.0,0.2007357380427976,8102757.0,318214.0,25.46315227126314,5961144.0,0.29728391993166975,675,1424666.0,1,20052022.0,0.7573337868451437,0.5,0,2187744.0,Female,South
BRW-00048,Company_48,Telecom,14,11234473.0,0.15028626049309424,0.23935221313979807,2688995.9760093065,31240394.0,25029202.0,1.248157761955105,662277.0,785647.0,0.8429691159399629,11391453.0,2.9068171350196166,760,1773656.0,0,3918874.0,0.7549779312612829,0.35,0,435458.0,Male,West
BRW-00049,Company_49,Agriculture,14,33185533.0,0.2774819258277034,0.2160678567407886,7170326.990110712,6039232.0,5479462.0,1.1021576384401173,6180940.0,1334832.0,4.630496848669459,122651304.0,81.02411275741315,648,10485852.0,2,1513762.0,0.6866196367892259,0.6,0,8900554.0,Non-Binary,West
BRW-00050,Company_50,IT Services,2,11357390.0,-0.18091029579051054,0.3563270475794565,4046945.2469084435,1382213.0,14709863.0,0.09396504277673812,11946203.0,1949585.0,6.12755887660252,60058464.0,17.88900313467672,744,3361585.0,1,3357283.0,0.6507602224423734,0.2,0,34405065.0,Female,Central
BRW-00051,Company_51,Real Estate,37,3703901.0,-0.07787201154946193,-0.1,-370390.10000000003,7838924.0,42275517.0,0.1854246706095949,2401112.0,9092437.0,0.2640779073775372,5354375.0,0.2069053315197732,681,20051727.0,0,25878380.0,0.8663626347869491,0.55,0,97245.0,Male,Central
BRW-00052,Company_52,Telecom,5,10443684.0,0.1928487339541155,0.3135440842722197,3274555.3362084324,1737982.0,4057196.0,0.42837012844089156,6698181.0,4764454.0,1.4058650989462593,26364377.0,3.4628190311521854,659,429504.0,0,7613558.0,0.7555611586233074,0.35,0,7345056.0,Male,Central
BRW-00053,Company_53,Automotive,38,40228612.0,0.1338334639920279,0.14789787926833547,5949726.400708712,3073078.0,8546669.0,0.3595643683446301,753246.0,28450329.0,0.02647582646668773,24495928.0,2.5142009767600975,659,8292082.0,0,9743026.0,0.6598658516777729,0.45,0,248571.0,Male,North
BRW-00054,Company_54,IT Services,14,66135809.0,0.5244662684460062,0.09081252726594988,6005959.958068153,8236317.0,10371535.0,0.7941270222655545,1841363.0,596274.0,3.0881103517672215,5032339.0,1.6242263900288514,650,720602.0,0,3098298.0,0.6445220400817491,0.2,0,4306738.0,Female,North
BRW-00055,Company_55,Construction,39,65145525.0,0.24134862032388477,0.08738375654464493,5692660.6965730805,43263384.0,48546883.0,0.8911670623391607,436653.0,8014487.0,0.054482956366021136,8472595.0,0.8929663392616429,707,20051254.0,3,9488145.0,0.8494067140815191,0.5,0,58487.0,Male,South
BRW-00056,Company_56,Telecom,25,45658924.0,0.20531367078395724,0.024011242054646387,1096327.4761187031,184837407.0,58060672.0,3.1835216067853707,109141831.0,5668456.0,19.254239910437708,19900873.0,6.2281938279116,678,20870254.0,0,3195287.0,0.9135461501908706,0.35,0,255391885.0,Male,South
BRW-00057,Company_57,Construction,20,18771678.0,-0.03456830499923237,0.10630579110312771,1995538.0801231782,68608256.0,1471571.0,46.622425542209285,20649276.0,1723944.0,11.9779204092938,2971235.0,0.8027349185035892,809,394203.0,3,3701389.0,0.868511861142777,0.5,0,14918305.0,Male,Central
BRW-00058,Company_58,Retail,2,44338820.0,0.15872086945860236,0.050431913528232536,2236091.536183867,7978138.0,48496905.0,0.1645081853262969,39435576.0,625834.0,63.012736583923875,6194085.0,1.042465847257792,629,1036786.0,0,5941762.0,0.6190751700949154,0.5,0,36999217.0,Female,East
BRW-00059,Company_59,IT Services,39,22668719.0,0.3043120493713055,0.20162606046087822,4570604.507664659,262569063.0,60294178.0,4.354799540433248,20209400.0,947351.0,21.33251420802405,6605936.0,0.476342507858718,743,1105475.0,0,13868037.0,0.7881321006476749,0.2,0,13862299.0,Female,South
BRW-00060,Company_60,Real Estate,6,28620798.0,0.05534138523906418,0.25079251587940565,7177881.936896262,20530128.0,55819002.0,0.36779818514494067,1208948.0,894243.0,1.3519218468337502,5929676.0,0.38428627820178674,791,21722742.0,0,15430360.0,0.8034991733053913,0.55,0,169581.0,Female,North
BRW-00061,Company_61,Automotive,17,5903228.0,0.0624178139394302,0.1492111908433966,880827.6797000824,2044098.0,7759646.0,0.2634266739195739,327164.0,15445083.0,0.021182403410690418,5589771.0,0.35253826915539027,838,1340936.0,1,15855784.0,0.9454204779430264,0.45,0,19031.0,Female,North
BRW-00062,Company_62,Automotive,25,25798127.0,0.10120302899103992,0.3599667847507398,9286468.828781249,10240129.0,11119798.0,0.9208915556836954,1730447.0,5356924.0,0.3230299098830019,17249185.0,9.500636710432246,635,9202752.0,0,1815581.0,0.9321448609775271,0.45,0,571048.0,Male,West
BRW-00063,Company_63,Agriculture,28,42627040.0,-0.01967480222083523,0.11418944574516737,4867558.07135708,3317178.0,2233531.0,1.485171468329086,6668865.0,5602859.0,1.190260866771613,9246306.0,1.0474923380725714,781,1212526.0,3,8827086.0,0.7159564246838467,0.6,0,1995520.0,Female,Central
BRW-00064,Company_64,Automotive,2,40293107.0,0.12034452711849711,0.14293650931240887,5759356.063931387,1367016.0,1185952.0,1.1526729980024504,2115117.0,2202731.0,0.9602243940706359,23184741.0,3.176521047889621,716,16406294.0,3,7298783.0,0.7435605259462512,0.45,0,1340451.0,Male,East
BRW-00065,Company_65,Financial Services,35,3501568.0,0.1165958207413522,0.12324712284858913,431558.1814586885,1526769.0,9494115.0,0.16081212826976202,114440.0,1506719.0,0.07595306360836784,389428725.0,202.8310527373922,784,19039733.0,3,1919965.0,0.7485650955266087,0.3,0,48065.0,Female,Central
BRW-00066,Company_66,Healthcare,37,27907085.0,0.3019979619770985,0.2518342648697274,7027960.235631996,7125203.0,16058718.0,0.44369684779962837,10025200.0,2972170.0,3.3730226154551675,3982652.0,0.44108160933212215,648,40018437.0,0,9029285.0,0.9113869933914349,0.25,0,5969607.0,Female,North
BRW-00067,Company_67,Manufacturing,5,2769468.0,0.05159113362339453,0.2639488203422266,730997.8115755457,27544377.0,18112690.0,1.5207225143961214,297356.0,2242178.0,0.13261920658430928,12317511.0,1.7806162726570298,690,2527742.0,0,6917554.0,0.8267785906521263,0.4,0,95306.0,Male,East
BRW-00068,Company_68,Real Estate,1,31343422.0,0.18120928190952595,0.23944402607653165,7504995.154695735,44114756.0,39246294.0,1.1240489325170695,1734952.0,1766948.0,0.9818913845277933,19055599.0,1.285754577240248,670,3282720.0,0,14820556.0,0.6656746514759482,0.55,0,591388.0,Male,South
BRW-00069,Company_69,IT Services,12,8435792.0,0.05606520770119232,0.16510696152750365,1392807.985198023,1373569.0,577005838.0,0.0023805114388105873,44708604.0,3078727.0,14.52177782512778,45713523.0,4.742941488585758,663,2653316.0,3,9638221.0,0.888781071629177,0.2,0,128760780.0,Female,West
BRW-00070,Company_70,Financial Services,36,311984609.0,0.17596391626733665,0.01912525691065331,5966785.79929472,5638406.0,9109343.0,0.6189694889116055,3518693.0,551799.0,6.376754258789417,17050373.0,3.3234489043091813,703,3400972.0,1,5130324.0,0.6410594621561472,0.3,0,8867106.0,Male,North
BRW-00071,Company_71,Real Estate,23,28885925.0,0.042491231631215355,0.1416671303027392,4092186.1008901517,18437294.0,4128056.0,4.466337068504626,16436065.0,2731636.0,6.016928676833708,1724976.0,0.07691619638632426,899,1726464.0,3,22426693.0,0.9074825948778839,0.55,0,3993964.0,Male,West
BRW-00072,Company_72,IT Services,31,80337417.0,0.16602094804178094,0.35737676566806376,28710726.249586523,11159346.0,28214924.0,0.3955121624459395,5499842.0,1735906.0,3.1682814805171016,3289918.0,3.4130470866997813,753,15959834.0,2,963923.0,0.8907977344566042,0.2,0,15839545.0,Non-Binary,Central
BRW-00073,Company_73,Energy,11,572949968.0,0.1892353743632672,0.30158854649219835,172795148.06187156,25186522.0,19128518.0,1.3167000539874518,719741.0,841096.0,0.8557169981583574,11069276.0,1.3283651387788347,671,1044424.0,1,8333006.0,0.782787513596195,0.45,0,269984.0,Female,East
BRW-00074,Company_74,Energy,10,7087883.0,-0.07999841995867134,0.21528604760240638,1525922.3169382869,4629500.0,7352672.0,0.6296349640464087,9761680.0,4276959.0,2.282387490179941,3152517.0,2.068785686770802,676,2631679.0,0,1523848.0,0.619145033443012,0.45,0,14704758.0,Female,Central
BRW-00075,Company_75,Construction,3,46432600.0,0.24535631310059014,0.1338657531457868,6215734.969517061,59971071.0,43707165.0,1.3721107197844857,2973237.0,17093678.0,0.17393780472887083,970296.0,0.271864779286525,745,4363957.0,3,3569038.0,0.8346583126491017,0.5,0,133796.0,Female,West
BRW-00076,Company_76,Real Estate,14,4078066.0,0.05502839195779678,0.17836578271985706,727387.4340732367,8829747.0,5529887.0,1.5967316155408573,351953.0,9190525.0,0.038295196597017404,2650935.0,0.17650769465244476,685,6822016.0,0,15018806.0,0.7196237022546829,0.55,0,14254.0,Male,North
BRW-00077,Company_77,Energy,16,40521591.0,0.009530495806077594,0.13439949131571427,5446081.217703425,27690119.0,12556135.0,2.2053057564843197,273623.0,1412486.0,0.19371718111387928,2672582.0,1.075464507943304,685,547860.0,0,2485048.0,0.7439650604038233,0.45,0,48555.0,Male,West
BRW-00078,Company_78,IT Services,10,341399499.0,-0.02650121675050328,0.3231662025700256,110328779.65113924,5019493.0,13455503.0,0.37304384882201364,5808912.0,4400712.0,1.319993373801018,1955085.0,0.9136218601747349,611,2260701.0,2,2139927.0,0.8976320772248049,0.2,0,3362593.0,Female,North
BRW-00079,Company_79,Construction,29,9418394.0,0.12473004171473615,0.07932396019279016,747104.3107360137,9699515.0,4698457.0,2.06440389591649,81166857.0,5455115.0,14.879034103032822,393317641.0,4.088520184133367,696,3379124.0,0,96200488.0,0.8631415845120428,0.5,0,146100343.0,Female,West
BRW-00080,Company_80,Automotive,10,6395266.0,0.07930674666447166,0.29084031387563725,1860001.170758191,810950.0,1882957.0,0.4306787511989115,650580.0,2287582.0,0.2843962383004245,14259632.0,6.247815070416796,497,10890580.0,1,2282338.0,0.6244465295746623,0.45,0,214691.0,Male,Central
BRW-00081,Company_81,IT Services,12,21067427.0,0.13562107783125293,0.11649569140094793,2454264.4744039983,2532879.0,19053093.0,0.13293793648422667,778048.0,1926482.0,0.40386964224444233,10568129.0,0.22828336289949858,558,2372889.0,0,46293907.0,0.8853096317214152,0.2,0,56019.0,Male,West
BRW-00082,Company_82,Construction,30,519681110.0,0.13853311764777188,0.338511219643439,175917886.3717562,6509703.0,75712860.0,0.08597882729593324,5936881.0,2995169.0,1.9821515974051556,35295246.0,4.718357779634776,671,2804583.0,0,7480408.0,0.7067465385857103,0.5,0,7060679.0,Male,South
BRW-00083,Company_83,Real Estate,1,76787957.0,0.17128769680252676,0.2312131108569608,17754382.41432054,10325141.0,46412632.0,0.2224640218106135,455481.0,40430484.0,0.011265781253922628,131884067.0,25.084814987125124,752,4017457.0,3,5257525.0,0.6123569310898934,0.55,0,122980.0,Female,Central
BRW-00084,Company_84,Financial Services,5,6215943.0,0.49644261742295875,0.09007351200661574,559891.8164429391,495859078.0,50292147.0,9.85957247242651,111671616.0,2700050.0,41.359076550776265,15871041.0,1.013308005061483,828,15772971.0,0,15662602.0,0.9081729027292027,0.3,0,142578755.0,Male,West
BRW-00085,Company_85,Agriculture,20,214236451.0,0.08595376359977763,0.14288251037975913,30610641.93373026,5011020.0,5616731.0,0.892159355297707,892243.0,433261.0,2.059361310246456,40887200.0,1.2089273974451713,732,150640.0,0,33821054.0,0.8102863034344399,0.6,0,533123.0,Non-Binary,West
BRW-00086,Company_86,Automotive,8,2017572.0,-0.03018600798588597,0.26539687280679913,535457.2994625593,1126966.0,18941834.0,0.05949613646196369,1546626.0,564925.0,2.7377497229725662,4184805.0,1.481474860129512,742,3832679.0,0,2824755.0,0.871623749445042,0.45,0,2070081.0,Non-Binary,East
BRW-00087,Company_87,Telecom,12,595456379.0,-0.22297199985073507,0.12010286117111287,71516014.82049057,114230293.0,2652487.0,43.065338278627465,977925.0,1614555.0,0.6056928344386939,2281943.0,0.4277516534082836,709,18887731.0,3,5334737.0,0.87245346890841,0.35,0,98813.0,Female,Central
BRW-00088,Company_88,Financial Services,1,87283851.0,-0.09929751972858795,0.18265637824574474,15942952.103001226,44824106.0,17942774.0,2.498170210572222,13284935.0,444071.0,29.916173503395846,34752938.0,1.676829630756178,767,945265.0,2,20725383.0,0.9083549546001117,0.3,0,28068482.0,Female,East
BRW-00089,Company_89,Retail,20,340299326.0,0.26530229761293656,0.11844669970212668,40307332.07555811,1567875.0,77558373.0,0.0202154186471212,83752311.0,1691250.0,49.52092326922497,33768652.0,2.849230938500055,717,1056750.0,1,11851847.0,0.7226570856029869,0.5,0,150754160.0,Male,Central
BRW-00090,Company_90,IT Services,28,2039679.0,0.18798867601596608,0.39109405778982553,797706.3366986936,17856767.0,80502963.0,0.22181502534490533,1138399.0,28638221.0,0.03975103622005584,29335431.0,1.0967910723901757,729,20508164.0,1,26746598.0,0.6887797715312509,0.2,0,299661.0,Male,North
BRW-00091,Company_91,Retail,37,31144952.0,-0.12249790697724906,0.4117286271541596,12823268.329742197,31102838.0,167507453.0,0.18568032202316204,11993389.0,1073335.0,11.173937145497774,10728102.0,0.7212749825985997,574,1936446.0,0,14873802.0,0.7131221314919303,0.5,0,7785478.0,Female,Central
BRW-00092,Company_92,Financial Services,37,19759928.0,0.4496318661498831,0.35557487440700686,7026133.9168914985,11361462.0,48014501.0,0.23662563448018267,460994.0,537810.0,0.85716729483034,2759857.0,0.05091821271871866,721,2023901.0,0,54201764.0,0.6263702398332964,0.3,0,49789.0,Male,Central
BRW-00093,Company_93,Construction,12,5333567.0,0.12901467164922628,0.16507512418394005,880439.2348683645,14486574.0,25929681.0,0.5586869133219605,13782509.0,1545574.0,8.917399026252365,4321717.0,0.4068033610445873,701,4954362.0,0,10623601.0,0.8990124169486811,0.5,0,5046094.0,Male,West
BRW-00094,Company_94,Telecom,37,3457183.0,0.14904750798205085,0.1316696823951638,455206.18759195955,3442181.0,41852740.0,0.08224505534774891,45696902.0,1750237.0,26.108964609384554,50254342.0,4.530336796254956,666,37201.0,1,11092848.0,0.8380541193152478,0.35,0,106930751.0,Female,South
BRW-00095,Company_95,Automotive,28,51682092.0,0.41663377699041215,0.08650037045830444,4470520.104060172,18919127.0,33154499.0,0.5706352682139679,28876382.0,605256.0,47.7092904336505,3662680.0,0.29878954779883893,672,213709.0,0,12258393.0,0.8293995166041404,0.45,0,8576285.0,Male,Central
BRW-00096,Company_96,Automotive,15,59209796.0,0.34091835812423193,0.36428655489637274,21569332.600957032,4252292.0,5561036.0,0.7646581024366499,3989739.0,448634.0,8.893062288943128,11750179.0,1.5248069331850163,593,7797073.0,0,7706010.0,0.8687712636535834,0.45,0,6022746.0,Female,East
BRW-00097,Company_97,Automotive,6,169771007.0,0.1971706213748241,0.29168684528414024,49519969.45254169,168032.0,2377604.0,0.07067279888795658,694384.0,10094500.0,0.06878834327719617,2795880.0,0.1347371075125378,743,2264122.0,0,20750630.0,0.9002282695450616,0.45,0,34372.0,Male,South
BRW-00098,Company_98,Telecom,20,11351590.0,0.2043820911239383,0.29745130578088086,3376545.2681891895,11927998.0,42258263.0,0.2822642690669924,3272801.0,3616137.0,0.9050542318904865,6670664.0,0.5922589428635329,718,2570343.0,1,11263086.0,0.7796537834258077,0.35,0,684180.0,Male,Central
BRW-00099,Company_99,Manufacturing,14,19532402.0,0.21841776442563,0.15000864757429297,2930029.207897415,719330.0,180640227.0,0.0039821141058347205,2050647.0,1110934.0,1.84587487116708,1757119.0,0.0899056964883842,705,1219555.0,1,19544022.0,0.6579461301834,0.4,0,408806.0,Male,South
BRW-00100,Company_100,Telecom,2,3036785.0,0.04385493024319761,-0.030947698110948996,-93981.50540785825,40639101.0,44400696.0,0.9152806993097428,1672722.0,495595.0,3.375172519552216,7945351.0,0.34770448376304924,718,2164083.0,0,22850872.0,0.6159110960388386,0.35,0,680487.0,Non-Binary,North
BRW-00101,Company_101,Agriculture,9,243634258.0,0.12301893463162958,-0.003354913144891586,-817371.7747101081,1629477.0,1518953.0,1.0727625721384584,4456279.0,1065623.0,4.181849320210506,4341339.0,0.3182998674110729,600,19541460.0,0,13639147.0,0.9047307787235258,0.6,0,1021272.0,Female,South
BRW-00102,Company_102,Telecom,37,26810982.0,0.1661480741112069,0.18691608754830114,5011403.858767926,224245.0,7856390.0,0.028543004033276857,2958463.0,455321.0,6.497518239839059,687060.0,0.04681556896697283,841,3984603.0,1,14675886.0,0.6618949701745425,0.35,0,1038421.0,Male,North
BRW-00103,Company_103,Financial Services,20,71405307.0,0.060982610843238236,0.11727908923603975,8374349.371579814,625348.0,11570493.0,0.05404678486501959,9452273.0,989170.0,9.555752241017984,23729837.0,7.334382448791874,775,16018830.0,0,3235423.0,0.6613966069621537,0.3,0,23819728.0,Male,South
BRW-00104,Company_104,Manufacturing,26,75290016.0,-0.06481292645733296,0.1034758446728842,7790698.001034967,8350108.0,1579704.0,5.285865398919419,9544896.0,23683511.0,0.40301860636209696,22163829.0,4.324625933750996,749,2593242.0,0,5125027.0,0.8138576574566015,0.4,0,3436163.0,Non-Binary,South
BRW-00105,Company_105,Automotive,29,215540791.0,0.04008043980369982,0.2214178048474349,47724568.79829975,11754676.0,2807271.0,4.1872237531667755,2975141.0,2640887.0,1.1265684118372306,9666689.0,0.46804675582613975,818,3365136.0,3,20653254.0,0.911489631549091,0.45,0,517688.0,Male,East
BRW-00106,Company_106,Financial Services,1,6940614.0,-0.0681898911858881,0.301639179583139,2093561.1127632488,1067729.0,14013187.0,0.0761945818467575,6251837.0,944471.0,6.619398986947204,1645829.0,0.04460646639805688,716,5327013.0,0,36896645.0,0.6034971976350857,0.3,0,2363194.0,Male,East
BRW-00107,Company_107,Financial Services,35,68776997.0,0.0896558856308346,0.09585275176839007,6592464.420816309,1778743.0,20054442.0,0.08869570698124102,23725901.0,4481385.0,5.294322113738919,1680317.0,1.3164285137897294,677,7201780.0,0,1276420.0,0.7205424393149135,0.3,0,39354150.0,Male,West
BRW-00108,Company_108,Pharmaceuticals,6,23265612.0,-0.18706857280097694,0.023326837721258653,542713.155609768,8779207.0,4487396.0,1.9564141527928107,1472687.0,649494.0,2.267433929437486,293052239.0,58.19063726650453,721,917024.0,3,5036071.0,0.6062315067354469,0.2,0,3205652.0,Female,South
BRW-00109,Company_109,Healthcare,37,568502120.0,0.13115577657613212,0.09870345894267281,56113125.66024245,38199831.0,2656374.0,14.380436120653146,3347884.0,1218645.0,2.7472161727031477,174011.0,0.019125229914145236,822,3144881.0,2,9098504.0,0.7807205695103695,0.25,0,1241644.0,Male,North
BRW-00110,Company_110,Manufacturing,5,6909817.0,-0.16469117433522473,0.0547243244937681,378135.0677005552,1446817.0,61341493.0,0.023586269353009236,699043.0,214270.0,3.262424686495139,1730740.0,0.4692281352523517,628,1187040.0,3,3688482.0,0.8116824500221449,0.4,0,354251.0,Male,South
BRW-00111,Company_111,Financial Services,33,139998116.0,0.019479041001049247,0.2511399139111186,35159114.799958795,15693590.0,9257692.0,1.6951944723161592,6714609.0,9146509.0,0.7341170566697024,223379938.0,57.22002460630804,821,31437848.0,0,3903876.0,0.8634850834103411,0.3,0,4140620.0,Female,Central
BRW-00112,Company_112,Healthcare,14,40853893.0,0.15561516117212684,0.17950694949480941,7333557.7074173475,654721.0,10992298.0,0.059561789576502606,4402846.0,1556460.0,2.8287544628487318,357244760.0,25.003398692371306,591,246142.0,0,14287847.0,0.6057497993797931,0.25,0,11209113.0,Male,North
BRW-00113,Company_113,Healthcare,12,37760878.0,0.1986720067268795,0.40565870738826715,15318028.959326055,14272328.0,7602561.0,1.87730504532551,6525998.0,742281.0,8.791804193015592,113658135.0,2.6309097571803592,742,7874346.0,0,43201076.0,0.8613599556882042,0.25,0,17620195.0,Female,Central
BRW-00114,Company_114,Manufacturing,20,26193742.0,0.1808538813325252,0.26816221435659143,7024171.857005252,27609987.0,5807087.0,4.754532219935362,741708.0,4322692.0,0.17158470425727665,19732399.0,16.93859753789261,780,1024720.0,0,1164936.0,0.9416830353236824,0.4,0,267015.0,Female,West
BRW-00115,Company_115,Pharmaceuticals,24,182087652.0,0.1279600871710821,0.39766273643977984,72409473.96621434,19507507.0,69953405.0,0.27886429146852404,10307151.0,563957.0,18.276451437873032,3420770.0,0.456508594108548,751,595763.0,0,7493330.0,0.7706360552440328,0.2,0,6775636.0,Male,Central
BRW-00116,Company_116,Retail,34,35883120.0,-0.08789099728712378,0.011534956811086128,413910.23944702087,39491526.0,5097416.0,7.747360280706876,3809598.0,606633.0,6.279895291065123,712145.0,0.050426241571256324,783,2077457.0,0,14122507.0,0.8180323274321796,0.5,0,1028591.0,Male,West
BRW-00117,Company_117,Construction,25,2454361.0,0.22709125323001367,-0.1,-245436.1,35734015.0,18176138.0,1.9659849102166307,15313521.0,1258137.0,12.171574978261527,16341606.0,0.8428307603819556,689,22645142.0,2,19388952.0,0.8585161237997574,0.5,0,11616036.0,Female,West
BRW-00118,Company_118,Agriculture,29,150467151.0,-0.08446020467576666,0.20915904341224817,31471565.3681263,141866598.0,14804551.0,9.582633638626822,1695349.0,471172.0,3.598145479473569,2828970.0,0.2313776250474783,598,1247397.0,0,12226635.0,0.7278871592315892,0.6,0,366195.0,Male,West
BRW-00119,Company_119,Construction,39,114296070.0,0.24418637306814878,0.19478642891905285,22263323.314782087,10458521.0,1414365.0,7.394494070134605,9098461.0,905155.0,10.051815377680754,78407753.0,1.515932548058672,784,218303.0,0,51722454.0,0.8225059847857622,0.5,1,12413388.0,Male,Central
BRW-00120,Company_120,Telecom,31,58276328.0,0.1741557136222558,0.16526575025424753,9631081.068982612,142497794.0,19562720.0,7.284149991200099,6372785.0,1563146.0,4.076894239633253,551148.0,0.06025630807610197,847,792912.0,1,9146726.0,0.8092121890890944,0.35,0,2236848.0,Female,West
BRW-00121,Company_121,Automotive,23,4444996.0,0.2838352272109307,0.1914956070755574,851197.2074684243,2156186.0,2297282.0,0.9385809236389248,32183881.0,1742010.0,18.47513075405379,12002650.0,0.36372587003337814,686,3935481.0,1,32999164.0,0.9419340386370845,0.45,0,11589049.0,Female,West
BRW-00122,Company_122,Agriculture,38,5611491.0,0.08373027260244455,0.045116857832326995,253172.84167438245,6530456.0,31407338.0,0.20792770759725934,2745669.0,404513.0,6.787574719292781,35787768.0,7.686643736315568,754,289228.0,0,4655837.0,0.7438251750064299,0.6,0,3953763.0,Male,East
BRW-00123,Company_123,Telecom,20,1445312.0,-0.04281461608165313,0.24758144374613406,357832.43162361253,7478144.0,3528206.0,2.1195309685627857,1422157.0,1478893.0,0.9616355195166117,40588352.0,4.3103048504314465,633,9643959.0,1,9416584.0,0.907275139553535,0.35,0,1066725.0,Male,South
BRW-00124,Company_124,Financial Services,23,48181940.0,-0.11389787862388749,0.2683431888122805,12929295.42276197,1859510.0,27410106.0,0.06784030430818822,1558634.0,3980033.0,0.39161323747485577,31029359.0,11.741847704748679,627,305043.0,0,2642629.0,0.8751682993866023,0.3,0,654626.0,Male,West
BRW-00125,Company_125,Automotive,16,3190463.0,-0.09723690018593893,0.03603015395962708,114952.8730924937,257561.0,8750251.0,0.029434695137922885,620028.0,4861821.0,0.12752996716045958,14808204.0,0.6769400318387829,708,1585975.0,0,21875207.0,0.6990087627855766,0.45,0,69254.0,Female,North
BRW-00126,Company_126,IT Services,8,1833750.0,-0.16551621229105196,0.13756362949808507,252257.3055921135,32734743.0,6522774.0,5.018530150127821,1537076.0,1091396.0,1.4083564459128988,10762523.0,1.3661866078074747,641,11167082.0,1,7877783.0,0.8403650458356311,0.2,0,1419578.0,Female,North
BRW-00127,Company_127,Manufacturing,21,163526183.0,0.22130043754048473,0.14497633810322869,23707427.195338447,2202489.0,18862375.0,0.11676625468604804,97647.0,1580723.0,0.06177359235388341,34690030.0,2.7295636588931216,707,1539036.0,1,12709001.0,0.8928764308965667,0.4,0,35153.0,Female,East
BRW-00128,Company_128,Agriculture,1,76459316.0,0.24011254295485995,0.09950269174076651,7607907.750657856,4870740.0,2504924.0,1.944465403155783,25473504.0,1472712.0,17.296991335039483,14811589.0,2.2802586807570817,900,435929.0,1,6495573.0,0.7479015485281317,0.6,0,36681846.0,Female,Central
BRW-00129,Company_129,Agriculture,8,14654273.0,0.1630549887885272,0.0406665131840134,595938.1861566317,95714264.0,13482933.0,7.098919567506598,59475307.0,373236.0,159.34997602059818,15544985.0,0.9731861142453362,643,2852653.0,1,15973290.0,0.8747834267717207,0.6,1,41673991.0,Female,Central
BRW-00130,Company_130,Financial Services,29,19755256.0,0.07504386318900819,0.18150059892305093,3585590.795878195,20960025.0,37456846.0,0.5595779324404961,2619835.0,1036966.0,2.52644008922174,9356340.0,0.7076049720224099,727,1559751.0,1,13222546.0,0.8551576251144533,0.3,0,1967085.0,Male,Central
BRW-00131,Company_131,Retail,32,652772.0,0.3891439154693769,0.2112966624797158,137928.54496020902,120881004.0,51193612.0,2.3612516662967313,6306883.0,5154981.0,1.2234539325258555,4986994.0,1.5173948365307084,559,20129130.0,0,3286549.0,0.7325312415077441,0.5,0,3512548.0,Male,West
BRW-00132,Company_132,Healthcare,38,95545906.0,0.06527772755539885,0.10677814694828457,10202214.791174984,10647083.0,8409250.0,1.266115495898505,4180802.0,5254197.0,0.7957069756411921,1173019.0,0.3368419269228538,741,11217321.0,0,3482401.0,0.6910483765226298,0.25,0,504256.0,Female,Central
BRW-00133,Company_133,Automotive,5,8545392.0,0.113137521221584,0.0491053682692251,419624.62116489,20444799.0,10019234.0,2.0405548926639607,456074.0,3250341.0,0.14031569600983526,1519473.0,0.17580897283850627,643,6986523.0,0,8642749.0,0.6911191101815479,0.45,0,22576.0,Male,Central
BRW-00134,Company_134,Financial Services,22,39643450.0,0.07282227300063211,0.22926686940496474,9088929.67391225,6193387.0,2445395.0,2.5326724178824205,15239317.0,81352.0,187.32335623763106,5001234.0,0.2910154958937371,723,3376439.0,0,17185455.0,0.7812148058452093,0.3,0,5760462.0,Male,South
BRW-00135,Company_135,Energy,34,577900.0,0.029253790030482833,0.08792154297172136,50809.859683357776,2487915.0,5951443.0,0.4180355221354683,19061397.0,776215.0,24.55682052418399,7416706.0,0.12955497368892183,721,2354319.0,0,57247558.0,0.7909960811466976,0.45,0,5661235.0,Male,West
BRW-00136,Company_136,Pharmaceuticals,1,104673030.0,0.17464617347466466,0.14289533836809531,14957288.039863791,20331652.0,2253212.0,9.0234043563569,685926.0,3475029.0,0.1973870729173561,2081222.0,0.17298935867358495,711,2335888.0,3,12030924.0,0.6743241855190598,0.2,0,49387.0,Non-Binary,West
BRW-00137,Company_137,Healthcare,26,7808573.0,-0.015024503380678442,0.1276708046210136,996926.797851922,4621122.0,24843043.0,0.18601271245182355,5361928.0,15477086.0,0.3464429708251947,1860576.0,0.0764487452132118,624,251580.0,0,24337560.0,0.882437846210619,0.25,0,361930.0,Male,North
BRW-00138,Company_138,Manufacturing,10,3066160.0,-0.025086673977195995,0.32948503970035936,1010253.8493276539,23365776.0,40249175.0,0.5805280585123035,2204162.0,1948417.0,1.1312572558865706,5142694.0,2.903560814106849,677,3283500.0,2,1771167.0,0.8967291433650393,0.4,0,1795301.0,Male,North
BRW-00139,Company_139,Healthcare,30,14513612.0,0.18222040781140314,0.09342834431356582,1355982.7391695008,3776456.0,8494513.0,0.4445758756769369,19479691.0,2224511.0,8.756837904223488,34383500.0,0.5169193031741072,718,995741.0,2,66516184.0,0.7173567268896716,0.25,0,13593728.0,Female,South
BRW-00140,Company_140,Retail,18,9873917.0,0.005358745015649119,0.3870631894810781,3821829.806691438,6830614.0,4114885.0,1.6599764853752934,2886879.0,1731014.0,1.6677377145778634,369467.0,0.022689124294140935,680,2875023.0,0,16283880.0,0.8066725729637606,0.5,0,433310.0,Male,East
BRW-00141,Company_141,Healthcare,17,121012139.0,0.1000223042112769,0.2702762325769808,32706705.02500193,7702660.0,21206751.0,0.36321733757248637,3006570.0,413399.0,7.272786647314949,2174928.0,0.2572030471824159,812,3535066.0,1,8456073.0,0.7015005388004367,0.25,0,1217661.0,Non-Binary,West
BRW-00142,Company_142,Manufacturing,26,12857107.0,0.02880078203547097,0.3985078410947223,5123657.953293842,44698367.0,5170299.0,8.645217298802777,50189592.0,3024667.0,16.593421823486082,11323525.0,1.502437583001416,703,1577897.0,2,7536768.0,0.8601899217878675,0.4,0,81439268.0,Male,North
BRW-00143,Company_143,Retail,8,186496968.0,0.07826730526600278,0.25975665954956084,48443829.42380134,4701899.0,32812715.0,0.14329502623312254,475383.0,319459.0,1.488083015087961,61223262.0,20.84756819706406,620,13251843.0,2,2936709.0,0.8362948416266316,0.5,0,424446.0,Female,Central
BRW-00144,Company_144,Construction,12,39634635.0,-0.02099336776999358,0.1534746662757395,6082912.379585744,52718931.0,149456560.0,0.3527374820299793,4742503.0,1789971.0,2.649484461209449,227178485.0,58.12135747713046,734,651855.0,3,3908691.0,0.6361628227851133,0.5,0,7539113.0,Male,West
BRW-00145,Company_145,Agriculture,27,92392081.0,-0.01608831291236401,0.06991604050173669,6459688.477235737,2286933.0,5069133.0,0.451148657739172,3733946.0,2206371.0,1.6923465308660552,5318631.0,0.08859240439077028,504,1558200.0,3,60034841.0,0.8024202156124441,0.6,0,454977.0,Female,West
BRW-00146,Company_146,Agriculture,8,24076584.0,-0.042959818271542674,0.13735063310708717,3306934.0554559655,13320122.0,6016338.0,2.213991266117152,1321898.0,2103594.0,0.628399478036409,5203507.0,1.574358102373833,856,1997530.0,2,3305160.0,0.7431662855978654,0.6,0,313869.0,Female,West
BRW-00147,Company_147,Pharmaceuticals,25,162809029.0,0.20649951647921772,0.35847372302678726,58362758.768006176,3167962.0,2542136.0,1.2461806739762649,69701473.0,417446.0,166.97083222540826,7227875.0,2.229379273076541,562,18498390.0,1,3242101.0,0.9126612320585916,0.2,0,200740242.0,Female,North
BRW-00148,Company_148,Telecom,4,4280430.0,0.10578272513769943,0.17424734491861377,745853.562609982,47375640.0,17458390.0,2.713631513923591,5415756.0,846756.0,6.39587980967385,12492834.0,2.837394232243338,771,3424934.0,0,4402924.0,0.8874097897325345,0.35,0,12672869.0,Female,South
BRW-00149,Company_149,Construction,33,28643488.0,0.21778262356904965,0.25931032645861296,7427552.2241933625,2602556.0,16090649.0,0.16174337270402375,8954436.0,4531136.0,1.976200675459603,8307338.0,3.0982269926752495,759,3184876.0,1,2681319.0,0.9374392949120745,0.5,0,10617457.0,Male,North
BRW-00150,Company_150,Construction,1,13327582.0,0.23380798468159425,0.20483656140791906,2729976.0687620766,3032509.0,10589027.0,0.28638218729802206,11093900.0,2163914.0,5.126772539586813,10583777.0,1.1729549934424406,609,12064401.0,0,9023173.0,0.8014702158834166,0.5,0,11711381.0,Non-Binary,Central
BRW-00151,Company_151,Automotive,19,196258401.0,0.011012850929648987,0.20995934142110895,41206284.62231991,1349907.0,14937367.0,0.09037114168975417,2020223.0,853441.0,2.367147386699975,1197162.0,0.04534541370670374,744,1493914.0,0,26400949.0,0.6038779984267416,0.45,0,473434.0,Female,Central
BRW-00152,Company_152,Healthcare,31,228844114.0,0.21223774765828451,0.21457916207578975,49105178.22809651,10371383.0,4187398.0,2.4768079182327742,21054953.0,548334.0,38.397973866340834,734549.0,0.1522097432603245,644,12148795.0,2,4825899.0,0.6441443965719869,0.25,0,8527256.0,Female,East
BRW-00153,Company_153,Agriculture,16,24170221.0,0.07788189170998508,0.23944097841989426,5787341.364865075,21564803.0,1991025.0,10.831000197887922,15569146.0,5195858.0,2.996452752085844,25983319.0,11.54542218943982,686,5936910.0,0,2250529.0,0.7284818797708226,0.6,1,22393061.0,Female,North
BRW-00154,Company_154,Manufacturing,14,3480663.0,0.056198974178112204,0.08230710106910277,286483.28132848645,18341811.0,5892060.0,3.1129703171776395,2721924.0,2066229.0,1.3173383408429846,6654659.0,0.5593199497586439,737,20920729.0,0,11897767.0,0.6486162278148868,0.4,0,721998.0,Male,North
BRW-00155,Company_155,Real Estate,5,45839007.0,0.2678550644991163,0.14701148749125661,6738860.604192125,7157298.0,1470882.0,4.865987301505286,13354984.0,510471.0,26.162030434578195,31023806.0,3.6915246827635633,696,1851332.0,0,8404062.0,0.7420407252766519,0.55,0,21635074.0,Female,East
BRW-00156,Company_156,Real Estate,26,1988886.0,0.16306526942231478,0.21711759996196078,431822.15491794434,3299193.0,5068554.0,0.6509139192531205,20997288.0,1581080.0,13.280336681042908,12430503.0,0.5132148720596362,619,2101848.0,3,24220854.0,0.8209308918830518,0.55,0,8728658.0,Male,East
BRW-00157,Company_157,Retail,28,276913073.0,0.027136361740440894,0.1996184667000236,55276963.0414517,5850163.0,21245867.0,0.2753553302693964,10773959.0,753641.0,14.29585798031426,1035539.0,0.18358833510709685,732,4045972.0,0,5640548.0,0.8892587596146097,0.5,0,2908969.0,Female,West
BRW-00158,Company_158,Agriculture,2,11878551.0,0.15331899732899723,0.12465544756653194,1480726.0913468755,6194707.0,15738149.0,0.3936108754840944,933943.0,2846656.0,0.32808413518031854,91315819.0,13.32965563771572,683,2984061.0,0,6850575.0,0.7214329403839215,0.6,0,224146.0,Male,West
BRW-00159,Company_159,Agriculture,6,23072333.0,-0.10985689782543841,0.2299921097713326,5306454.544016739,12979940.0,1743597.0,7.444342101791812,2846122.0,8924783.0,0.3189009392272127,9314066.0,1.217216287634247,691,10339758.0,0,7651939.0,0.8824320532632391,0.6,0,415722.0,Male,Central
BRW-00160,Company_160,Pharmaceuticals,9,8697737.0,0.11709694717094252,0.0874630372131337,760730.4949010499,11707957.0,51609476.0,0.22685672633342127,6669501.0,541984.0,12.305692961982343,2896833.0,0.2982343958927966,695,2362709.0,2,9713275.0,0.803900053979979,0.2,0,2881224.0,Non-Binary,South
BRW-00161,Company_161,Real Estate,33,6245224.0,-0.14493873262872753,0.03323925972764763,207586.62259333846,120791758.0,11599991.0,10.413089767648115,4771545.0,2394318.0,1.992861018101598,3987595.0,0.6644872005733701,592,666297.0,1,6001010.0,0.6609693552456579,0.55,0,1706029.0,Non-Binary,Central
BRW-00162,Company_162,Agriculture,25,72997589.0,-0.06765994388022746,0.21539829214669726,15723556.001426535,9430447.0,3081145.0,3.060694624662382,1069007.0,2342622.0,0.4563290806928814,1444074.0,0.2829805337397802,610,24935406.0,0,5103085.0,0.9047697441033951,0.6,0,38484.0,Female,North
BRW-00163,Company_163,Pharmaceuticals,13,19040426.0,0.16769595474036786,0.03618099149750911,688901.4912149515,15266958.0,9461809.0,1.6135346196974998,2126855.0,151232.0,14.063431922926874,14637010.0,10.479709314813489,652,57819506.0,0,1396699.0,0.9048425033301217,0.2,0,6125342.0,Female,South
BRW-00164,Company_164,Healthcare,9,25744300.0,-0.3205368996140215,0.21361488029035622,5499365.562659018,9891474.0,7278140.0,1.3590660032555018,5541634.0,5385064.0,1.0290746722648658,7521096.0,1.4897516260586936,732,311358.0,0,5048556.0,0.8714591545429409,0.25,0,3823060.0,Female,West
BRW-00165,Company_165,Energy,13,5358332.0,0.3503767788612133,-0.0545617194718504,-292359.8074210391,5443320.0,5171708.0,1.0525186161866416,339822.0,24611813.0,0.013807271581038278,183537319.0,10.101715368316212,625,6717815.0,1,18168925.0,0.7568289425071953,0.45,1,112141.0,Female,East
BRW-00166,Company_166,Automotive,31,87232614.0,0.20517390810569014,0.09300145930118407,8112760.4006569,15113694.0,38845828.0,0.38906864363739024,3365191.0,2339958.0,1.4381410101629986,19383000.0,0.9320781302963767,795,10026150.0,0,20795466.0,0.8618967826090305,0.45,0,1488598.0,Male,East
BRW-00167,Company_167,IT Services,11,101613261.0,-0.19577996837346068,0.14069077043410616,14296047.976411913,4727982.0,3884132.0,1.2172554338381307,9294813.0,10135392.0,0.9170648834238594,167594197.0,30.209878864285532,716,4709229.0,2,5547661.0,0.7738807219607498,0.2,0,8182989.0,Non-Binary,Central
BRW-00168,Company_168,Construction,4,17656372.0,0.4397747910039845,-0.01279622095411928,-225934.83736012495,8143040.0,18284703.0,0.4453471054275749,4997294.0,439999.0,11.357486363636363,2101395.0,0.06448168343315121,729,34650511.0,1,32589021.0,0.8443060861291095,0.5,0,1349269.0,Female,North
BRW-00169,Company_169,Telecom,34,161801883.0,0.48111558387290265,0.1352793272552192,21888449.88086769,50571706.0,2929722.0,17.26159981677449,903275.0,836919.0,1.079284758399847,5410156.0,0.6265619878929942,673,436768.0,1,8634669.0,0.7728152282820581,0.35,1,238224.0,Female,North
BRW-00170,Company_170,Retail,38,20662144.0,0.05292625115153925,0.3222023565542893,6657391.488264069,4290702.0,14016205.0,0.3061243534805353,1176120.0,2159726.0,0.5445688274490248,33772928.0,14.483586334546555,572,1403446.0,3,2331806.0,0.8528289928493944,0.5,0,384287.0,Non-Binary,East
BRW-00171,Company_171,Energy,4,77798542.0,-0.05897335970503652,0.02756295277397333,2144357.5390299805,15887066.0,20145817.0,0.7886036695059987,30416411.0,711823.0,42.7302409022455,21495716.0,12.625867393748305,742,3837066.0,2,1702513.0,0.6069956685370022,0.45,0,60224494.0,Female,Central
BRW-00172,Company_172,Automotive,38,2117208.0,0.3329455361304296,0.1385552105374379,293350.20019154786,214910.0,20192180.0,0.010643228683419588,800931.0,2075510.0,0.38589581071842066,8680220.0,0.2888925269491123,642,12991522.0,2,30046536.0,0.7775487346003113,0.45,0,39646.0,Male,Central
BRW-00173,Company_173,Automotive,19,41043634.0,0.0284314793839611,0.3843173603246639,15773781.077011626,6729316.0,16142520.0,0.4168689636519599,19355782.0,6609705.0,2.9283877376694214,1767863.0,0.28888850033352215,580,19994553.0,1,6119533.0,0.689724798062116,0.45,0,5611442.0,Non-Binary,West
BRW-00174,Company_174,Automotive,6,16075032.0,0.1041559261719281,0.052576696438707826,845172.0777065144,4247418.0,10997535.0,0.3862154213452904,1287261.0,687160.0,1.8733033452131305,338604.0,0.12830443486277537,633,535616.0,1,2639066.0,0.7048087043856281,0.45,0,238732.0,Male,West
BRW-00175,Company_175,Automotive,34,30501415.0,0.2625934600884151,0.3476668022080647,10604329.415871097,10642763.0,4086041.0,2.6046631434527594,17809831.0,6969286.0,2.555473895679716,6389090.0,6.885225585219766,693,227633.0,2,927941.0,0.7783042188149736,0.45,0,30038288.0,Female,West
BRW-00176,Company_176,Real Estate,18,28517361.0,0.0569732804310205,0.14651936639448446,4178345.6649627816,6234724.0,4143030.0,1.5048702266529022,7360629.0,197215.0,37.3226766590946,6811744.0,1.138685657955862,509,10525859.0,0,5982110.0,0.8663982784162262,0.55,0,6788969.0,Male,South
BRW-00177,Company_177,Pharmaceuticals,13,29167036.0,0.04384186245249976,0.1922294503059498,5606763.297333849,10987586.0,20969815.0,0.5239715026588693,1939490.0,1001973.0,1.935668989414895,10767810.0,0.8084153862901803,673,3893610.0,0,13319649.0,0.7712486027304972,0.2,0,1456782.0,Female,Central
BRW-00178,Company_178,Construction,23,60827412.0,-0.11085924658078276,0.33497786776912614,20375836.773674157,5035385.0,3224568.0,1.5615683832474976,231007.0,1565446.0,0.14756615841992735,1016199.0,0.22975785415629926,780,4183093.0,1,4422912.0,0.7116599316978479,0.5,0,10395.0,Female,Central
BRW-00179,Company_179,Agriculture,19,10347335.0,-0.014581464360702318,0.12178824728387767,1260183.7937091223,15863034.0,2448904.0,6.477602846986715,5943754.0,651903.0,9.117529574906735,2376338.0,0.7666813356425141,702,10916054.0,0,3099511.0,0.7890282553028758,0.6,1,3281015.0,Female,West
BRW-00180,Company_180,Automotive,11,56718948.0,0.040884523061589774,0.2557230808084182,14504344.12277247,678770.0,81468238.0,0.00833171317229528,4292349.0,1018889.0,4.212769778877013,15994958.0,3.1179000093956346,795,970036.0,2,5130041.0,0.9213262124230405,0.45,0,8498851.0,Female,East
BRW-00181,Company_181,Telecom,1,153434960.0,-0.10578447835520007,0.2861516528070705,43905667.40238675,10502443.0,10727700.0,0.979002211191382,6082152.0,10589503.0,0.5743566459769976,21371310.0,0.6937579698555482,667,2281283.0,1,30805137.0,0.9437058696546706,0.35,0,945173.0,Male,West
BRW-00182,Company_182,Agriculture,24,2913275.0,-0.09219037273140666,0.10190231913095192,296869.47876622394,2179010.0,31390555.0,0.06941610081707378,7341856.0,8779397.0,0.8362596159782254,12012279.0,5.443494468265599,792,7170869.0,0,2206721.0,0.8352431170362565,0.6,0,2947055.0,Female,South
BRW-00183,Company_183,Manufacturing,7,7490828.0,0.08504019749659844,0.08862837994814453,663899.9501101996,51228154.0,41790761.0,1.2258248365990552,455344.0,4704552.0,0.09678794138359159,5283861.0,1.1296055512038612,592,785263.0,0,4677615.0,0.8974216258673409,0.4,0,92585.0,Non-Binary,East
BRW-00184,Company_184,Manufacturing,25,7977988.0,-0.19745562185079402,0.15256762852212402,1217182.7095379632,2126906.0,15577722.0,0.1365351020813504,5896725.0,6916738.0,0.8525296386057071,1497643.0,0.050219359684662596,747,1449114.0,1,29822024.0,0.6328334139259015,0.4,0,542930.0,Male,Central
BRW-00185,Company_185,Telecom,21,4694637.0,-0.05187445234319975,0.15632215906065125,733875.7918460186,39540302.0,9321815.0,4.241695180424072,9957245.0,941807.0,10.572478679306185,37163485.0,2.551447594466624,691,3825796.0,0,14565646.0,0.8884585654702764,0.35,0,23299953.0,Male,South
BRW-00186,Company_186,Pharmaceuticals,15,11851362.0,0.37168909903955333,0.05052624250905732,598804.7904746266,8733712.0,9513836.0,0.9180010126303404,9782582.0,457070.0,21.402762371710303,26441948.0,2.487639674816818,808,7169244.0,1,10629331.0,0.8120010500959518,0.2,0,28173836.0,Male,South
BRW-00187,Company_187,Telecom,1,113768674.0,0.02817970292898915,0.1030079401598362,11719076.763455912,571978.0,100899617.0,0.00566878261124834,499027.0,752291.0,0.6633421596933106,3755701.0,0.8083432572757223,667,373457.0,1,4646170.0,0.7007728707749814,0.35,0,104357.0,Non-Binary,East
BRW-00188,Company_188,Real Estate,12,211848168.0,0.009391488769422335,-0.1,-21184816.8,2387122.0,7492631.0,0.3185959219670738,18466117.0,899126.0,20.537829472365974,31010207.0,3.3848923254491665,615,8891387.0,0,9161356.0,0.6646024189943787,0.55,0,29915110.0,Female,West
BRW-00189,Company_189,Telecom,7,28325201.0,0.027508124822773962,0.1398872780046712,3962335.266825191,31696015.0,18105353.0,1.7506432075285576,6218562.0,954156.0,6.517336245502575,8011454.0,1.5437457848551532,740,6294687.0,0,5189619.0,0.7828003963876542,0.35,0,11231858.0,Non-Binary,West
BRW-00190,Company_190,Healthcare,15,14852013.0,0.02987714278185013,0.28732730163615805,4267388.819155141,29107698.0,33025250.0,0.8813770408588265,7521845.0,3736899.0,2.012856913484439,3193143.0,0.8486589636086989,831,924130.0,0,3762574.0,0.8866027466370627,0.25,1,5782065.0,Female,North
BRW-00191,Company_191,Agriculture,21,80549781.0,0.16623033047575755,-0.020002696172945922,-1611212.7961403322,1265495.0,19793254.0,0.06393566899431144,852945.0,2922101.0,0.29189432812406957,35679610.0,11.824185562206733,718,95423621.0,0,3017510.0,0.8551866717484514,0.6,0,204707.0,Male,East
BRW-00192,Company_192,Energy,19,696656.0,0.1557299229766701,0.12442265621477597,86679.78998796096,92644819.0,53825633.0,1.7212025593604712,10176974.0,1605917.0,6.337169145622628,10326778.0,0.5305480375414348,696,785585.0,3,19464359.0,0.8033610433255984,0.45,0,5345380.0,Female,West
BRW-00193,Company_193,Financial Services,29,4961568.0,0.02138623804032197,0.47307993694118666,2347218.2765694098,8564649.0,9212398.0,0.9296871531508785,246256.0,1729092.0,0.1424191758338042,4675472.0,0.5589175284783067,602,9838119.0,1,8365226.0,0.8223918937360459,0.3,1,28904.0,Male,South
BRW-00194,Company_194,Pharmaceuticals,25,742334.0,0.04792438652930865,0.17729279503997591,131610.46971320547,33507119.0,32868333.0,1.0194346631624225,915939.0,7377215.0,0.12415781237800276,1298256.0,0.10667361688732714,775,4957025.0,3,12170356.0,0.8279645349906202,0.2,0,65948.0,Male,West
BRW-00195,Company_195,Telecom,33,4883879.0,0.2769159676985089,0.3428153241369565,1674268.562430675,1443005.0,1700562.0,0.8485454523002088,21853604.0,420758.0,51.93853013245112,1491702.0,0.14424457937681437,695,1757841.0,0,10341476.0,0.9038511693851675,0.35,0,7670615.0,Male,West
BRW-00196,Company_196,Retail,32,7644322.0,-0.1465457131705375,0.058570161397056314,447729.1733110683,4484226.0,73757892.0,0.060796557732472105,9462921.0,5114589.0,1.850181734997331,31658322.0,2.2923849394926017,756,3742869.0,1,13810211.0,0.6303414117401676,0.5,0,10504874.0,Male,South
BRW-00197,Company_197,Manufacturing,35,221630650.0,0.07136269751769181,0.23385820869266702,51830146.80039144,16582466.0,56388744.0,0.29407403906577456,5061949.0,157384.0,32.162842710550564,17529056.0,2.5448942505376433,715,7278907.0,3,6887930.0,0.9395851877537997,0.4,0,10933810.0,Male,East
BRW-00198,Company_198,Healthcare,38,384004.0,0.10028698105268477,0.038133812394997385,14643.536494928576,5555255.0,10167316.0,0.5463835739556463,13464549.0,1005429.0,13.39183135573834,1537295.0,0.2800441863909341,863,236633870.0,0,5489472.0,0.7959992552434871,0.25,0,5453142.0,Male,North
BRW-00199,Company_199,Construction,26,12928518.0,-0.03650242901486728,0.2281277537933141,2949353.77121643,111170.0,24806248.0,0.00448153205266947,14943530.0,12148353.0,1.2300868084680443,1494164.0,0.37997772771302674,655,372200.0,0,3932240.0,0.6068874776239197,0.5,0,2095407.0,Male,West
BRW-00200,Company_200,Automotive,11,61181151.0,0.06272950947630537,0.281069788171174,17196173.151638612,6674644.0,42681578.0,0.15638231191025057,10189545.0,2844820.0,3.581787746926784,208156565.0,96.32904436179335,658,56013.0,1,2160890.0,0.7190966214115643,0.45,0,20175299.0,Male,West
BRW-00201,Company_201,Financial Services,35,44727362.0,-0.05675146912028252,0.25259710146356107,11298001.997311426,466472.0,4217261.0,0.11061015417111861,2359259.0,1132604.0,2.083037775747061,17839717.0,6.1655095784646115,781,718403.0,2,2893469.0,0.8256062676934208,0.3,0,4128118.0,Female,West
BRW-00202,Company_202,Pharmaceuticals,8,216393096.0,0.17557536060522552,0.13860752091221787,29993710.57907957,1783273.0,12317957.0,0.14477018025227884,875833.0,5946923.0,0.14727496097141984,54532831.0,8.843927142019155,783,3124582.0,0,6166132.0,0.8988658454413905,0.2,0,420400.0,Male,East
BRW-00203,Company_203,Energy,14,30755433.0,-0.12073099832565688,0.212992027922147,6550662.044293721,1083490.0,3057475.0,0.3543739999921504,1208488.0,4049585.0,0.29842260418719346,83335258.0,46.59164355308613,785,8870438.0,0,1788630.0,0.6126445880239837,0.45,0,398801.0,Male,South
BRW-00204,Company_204,Financial Services,10,42347387.0,0.2393500493630089,0.2141390322491394,9068228.470459787,48585378.0,57431283.0,0.8459740861792329,27122700.0,3857531.0,7.031101751067781,2208323.0,0.9900791364616394,698,3777976.0,2,2230450.0,0.9451047733443976,0.3,0,33835560.0,Male,South
BRW-00205,Company_205,Telecom,2,1532238.0,0.06900422643656638,0.2599187586546183,398257.398923435,77790717.0,39322709.0,1.9782643922557728,482508.0,1557152.0,0.3098655045457961,121343800.0,4.816263744219395,716,2601797.0,1,25194591.0,0.7115143502853998,0.35,0,188178.0,Female,South
BRW-00206,Company_206,Real Estate,9,5485379.0,0.012794921084943386,0.16514796621520964,905899.1857696205,14832717.0,10457828.0,1.41833615753327,6825902.0,6274059.0,1.0879561241046467,1764314.0,0.158673431211301,592,32769299.0,0,11119151.0,0.6419518849941355,0.55,0,601529.0,Female,South
BRW-00207,Company_207,Manufacturing,3,1666011.0,-0.07070456494814105,0.29173665602822807,486036.4780462443,6292676.0,9099264.0,0.6915587138082032,6841645.0,915585.0,7.472422033539176,26530370.0,4.69095971135352,687,998167.0,2,5655637.0,0.9411938285398153,0.4,0,14777953.0,Female,South
BRW-00208,Company_208,Manufacturing,21,57019973.0,0.23459866939811969,0.3521526479155269,20079734.476021852,9271986.0,12252642.0,0.7567335472028361,29564524.0,865082.0,34.17536120811529,7467193.0,0.0866789031626082,722,39577728.0,0,86147755.0,0.6961887975683245,0.4,0,9578906.0,Female,South
BRW-00209,Company_209,Construction,26,40752823.0,-0.01777932010509388,0.14185590639539997,5781028.644836303,48534345.0,4991721.0,9.7229663430776,6812970.0,18795642.0,0.3624760270239225,26304156.0,15.386443467848876,722,8291995.0,0,1709566.0,0.6004067835608428,0.5,1,2043891.0,Male,West
BRW-00210,Company_210,Real Estate,8,38659649.0,-0.09508728392417244,0.18557276735303524,7174178.049827001,453549.0,11889366.0,0.03814744721060423,1732653.0,1088271.0,1.5921139200493994,6478103.0,0.2748106295129282,639,30997397.0,1,23572970.0,0.7261251359993277,0.55,0,223445.0,Male,West
BRW-00211,Company_211,Automotive,2,6438780.0,0.23771949785121788,0.07142222594259451,459871.9999546587,1771518.0,4217373.0,0.4200523833077171,1774070.0,173128.0,10.247098983994594,20247339.0,2.547213171263156,612,794621.0,0,7948819.0,0.8048623682548104,0.45,0,3512659.0,Male,South
BRW-00212,Company_212,Agriculture,6,5612885.0,-0.05564587202419878,0.22083087885891214,1239498.3274840051,40067000.0,43055362.0,0.930592548946806,3240795.0,7095663.0,0.45672892628512285,68534731.0,3.517688496695151,783,1927442.0,2,19482887.0,0.6439597482253012,0.6,0,777791.0,Non-Binary,South
BRW-00213,Company_213,IT Services,28,33071102.0,0.06582765287832693,0.2215965273336953,7328441.358298426,54756490.0,57329326.0,0.9551218000518303,17876613.0,10155872.0,1.7602241579822828,47654018.0,4.809166174016788,770,365172.0,3,9908997.0,0.75603726375208,0.2,0,30208172.0,Female,East
BRW-00214,Company_214,Healthcare,29,8849937.0,0.20282056636058948,0.18695836620404427,1654569.762528721,21521908.0,45545919.0,0.47253207312532053,10960186.0,1494197.0,7.335163077450244,8098127.0,5.926224853456667,681,5128341.0,2,1366489.0,0.687695703623521,0.25,0,29592502.0,Male,East
BRW-00215,Company_215,Manufacturing,26,5227236.0,0.10369364041714309,0.19600795851615233,1024579.857042138,1853419.0,3495406.0,0.5302441174947581,641416.0,160608.0,3.9936491728358936,2125767.0,0.21744325397864525,782,5290370.0,0,9776191.0,0.7442773528635233,0.4,0,207819.0,Male,Central
BRW-00216,Company_216,Retail,25,11267307.0,0.33962773188049605,0.4106191666889024,4626572.211168037,39205338.0,11408384.0,3.436537073389441,4965349.0,1855637.0,2.675817697201717,5686870.0,0.4575425485276118,775,66503065.0,0,12429160.0,0.9365981176292177,0.5,0,1823724.0,Male,West
BRW-00217,Company_217,Manufacturing,12,8965433.0,-0.04524255524315164,-0.1,-896543.3,68486626.0,29552382.0,2.317465430791148,11272708.0,23837281.0,0.4729024055678831,17300670.0,17.43082597757455,565,3690305.0,1,992532.0,0.8753992541281284,0.4,0,4058175.0,Male,South
BRW-00218,Company_218,Financial Services,5,6582437.0,0.048423299510038875,0.12040117464486357,792533.1468258118,26098161.0,36855287.0,0.7081252763511169,2290400.0,2528333.0,0.9058929714191242,23629392.0,0.3805847497715708,691,335741.0,0,62087069.0,0.9224327491046376,0.3,0,331657.0,Female,West
BRW-00219,Company_219,Manufacturing,34,3841403.0,0.06002327895984773,0.1387531586289504,533006.799816726,210868.0,1612606.0,0.13076217578120397,128032.0,4991413.0,0.025650446947498243,44235122.0,3.6466974499238964,807,13474239.0,2,12130186.0,0.912659283165872,0.4,0,46092.0,Female,Central
BRW-00220,Company_220,Pharmaceuticals,37,47347977.0,0.17318524288609927,0.3548295135545161,16800459.646700416,10712183.0,35626045.0,0.30068402763528684,2434593.0,5347686.0,0.4552609380466733,2968047.0,0.17057621779893267,572,830682.0,1,17400121.0,0.9446080772441748,0.2,0,175291.0,Female,East
BRW-00221,Company_221,Manufacturing,15,249276719.0,0.273293469175714,0.23703465711822966,59087221.61572228,21377726.0,3295532.0,6.486879664078618,352313.0,6360084.0,0.05539438545239568,2194547.0,0.7921657227901685,583,486869.0,0,2770312.0,0.8025922573450465,0.4,0,50236.0,Male,Central
BRW-00222,Company_222,IT Services,36,22782282.0,0.09104247644430458,0.23996230033657873,5466888.795636632,4100314.0,12179232.0,0.3366643860085442,277845.0,18532490.0,0.014992318086111575,1924792.0,0.10857771459094129,750,9369498.0,1,17727320.0,0.8874719288860422,0.2,0,20005.0,Male,North
BRW-00223,Company_223,IT Services,15,33721670.0,0.05935042544595735,0.33118274290837496,11168035.16605106,11757659.0,66252595.0,0.17746714407990896,16155140.0,7247341.0,2.2291124111432854,6612088.0,0.2503001612430955,803,1033225.0,0,26416634.0,0.6505062178271099,0.2,0,5185674.0,Female,East
BRW-00224,Company_224,Automotive,23,54003898.0,-0.14244878017447976,0.15840519578360632,8554498.035767905,4113609.0,56315728.0,0.07304547189649271,143457006.0,1799716.0,79.710868986624,12253583.0,1.0701091165937269,677,1331276.0,0,11450778.0,0.6874868618607688,0.45,0,151979503.0,Female,West
BRW-00225,Company_225,Energy,6,41860308.0,0.09685717846950424,0.2582791842993878,10811646.204761136,2440247.0,71940952.0,0.03392013725478449,25302865.0,519671.0,48.690067965947755,15478091.0,1.758229825800184,662,26795156.0,1,8803223.0,0.7493880518145764,0.45,0,44043369.0,Male,East
BRW-00226,Company_226,Agriculture,21,6780975.0,-0.017545001499468027,0.11630809342159718,788682.2737895149,85659117.0,4075384.0,21.018656396880296,65128.0,3320604.0,0.019613293360697826,1064946.0,0.29288436421481145,564,7062717.0,3,3636062.0,0.7788425291273615,0.6,0,2345.0,Female,Central
BRW-00227,Company_227,Retail,23,318702721.0,0.17276544658981544,0.05360324089854451,17083498.72878462,12269205.0,5481293.0,2.2383774707213298,2521794.0,1571997.0,1.604196697451269,2126428.0,0.2970546519439543,676,8004573.0,0,7158372.0,0.8604459757984084,0.5,0,364091.0,Female,South
BRW-00228,Company_228,Manufacturing,16,7756442.0,0.018547371617295784,0.3953000384763586,3066121.8210396436,1691338.0,7456814.0,0.2268177499374733,1349801.0,4686252.0,0.2880341714371802,3097691.0,0.5816984811235224,582,414716.0,0,5325251.0,0.7837669869437551,0.4,0,141332.0,Male,Central
BRW-00229,Company_229,Manufacturing,15,63855453.0,0.04390429184448933,0.2242838075716956,14321744.133055452,1127034.0,12289691.0,0.09170563428277942,359913.0,704015.0,0.5112284379900457,124076050.0,7.880643448854152,671,9419727.0,3,15744405.0,0.7255697534474561,0.4,0,132478.0,Female,Central
BRW-00230,Company_230,Healthcare,25,53505069.0,-0.13904020218753543,0.2573595113849522,13770038.414458154,2442486.0,19001745.0,0.12854008257977978,6565164.0,1382308.0,4.749418545346952,5017066.0,1.3207918117776645,804,2156198.0,0,3798528.0,0.6762198989325285,0.25,0,11706140.0,Male,South
BRW-00231,Company_231,IT Services,36,1279958.0,-0.1917178125643808,0.05037903782815992,64483.05250045591,2462383.0,67842944.0,0.036295343605735275,2477621.0,2009490.0,1.232959490736709,969852.0,0.06205389159987764,596,1679207.0,0,15629188.0,0.9214112768091423,0.2,0,439892.0,Female,West
BRW-00232,Company_232,Retail,11,14100635.0,0.3591480560275417,0.24124231750342653,3401669.865669929,11070510.0,4807393.0,2.3028089646906413,570270.0,642390.0,0.887730369821495,15748103.0,4.100938199359291,679,6032923.0,2,3840121.0,0.7020373589390574,0.5,0,303748.0,Male,West
BRW-00233,Company_233,Automotive,15,26296402.0,0.0994525864347914,0.39338792962462066,10344687.139356734,18408721.0,6888584.0,2.672351578734965,149564.0,2079904.0,0.07190905353850296,7550082.0,1.1045315878705315,768,3310046.0,0,6835550.0,0.6900445431335501,0.45,0,27258.0,Female,East
BRW-00234,Company_234,Construction,4,29494867.0,0.1406503216445913,0.1467059917938726,4327073.7160633635,18379202.0,80871278.0,0.22726488596773645,1311426.0,5097328.0,0.25727709551414085,1525200.0,0.09269800234346287,637,364062.0,3,16453428.0,0.7543597296763003,0.5,0,59014.0,Male,Central
BRW-00235,Company_235,Energy,21,37963312.0,-0.05684424447741297,0.02930406705856753,1112479.4406133213,2884413.0,3646005.0,0.7911158127551079,3308021.0,19622081.0,0.1685866464119353,4366744.0,0.9933468926574236,732,13632996.0,2,4395990.0,0.8749882815038795,0.45,0,542192.0,Male,East
BRW-00236,Company_236,Agriculture,13,75262632.0,0.2113285410767919,0.20207714323849332,15208857.66717001,35354848.0,35047786.0,1.0087612093739329,2737005.0,820466.0,3.3359111335373637,5325026.0,0.312669549005883,764,15733742.0,0,17030842.0,0.7612853943745888,0.6,0,616160.0,Female,South
BRW-00237,Company_237,Real Estate,22,23884182.0,0.18427098438565406,0.055692371374764585,1330166.7339264676,56050659.0,13172247.0,4.255208298537957,16097483.0,5879552.0,2.737875311269411,7387526.0,0.4782169467966989,706,1354548.0,3,15448063.0,0.7740532913646414,0.55,0,5690630.0,Female,North
BRW-00238,Company_238,Agriculture,19,41116759.0,-0.04036407916342144,-0.006935843576522688,-285179.4087975814,6016733.0,23340217.0,0.25778392472598155,5427429.0,184680.0,29.388128719251032,35853670.0,5.290469423921689,707,8148687.0,2,6777029.0,0.7835014662646214,0.6,0,7815498.0,Female,West
BRW-00239,Company_239,Pharmaceuticals,34,22579842.0,-0.07892581537680803,0.09182811663110575,2073464.36468794,1889634.0,5533631.0,0.34148168869921236,1949448.0,1964901.0,0.9921349767062174,20599704.0,0.725426161419571,612,12867960.0,0,28396692.0,0.7887760295864856,0.2,0,673468.0,Female,South
BRW-00240,Company_240,Financial Services,14,5251370.0,-0.029879152574090892,0.12088826462687967,634829.0062136571,10328564.0,34229950.0,0.30174054295315816,959491.0,2158187.0,0.4445817509874024,10719224.0,1.116015619102948,668,198193.0,0,9604904.0,0.9112110517979681,0.3,0,224869.0,Female,West
BRW-00241,Company_241,Pharmaceuticals,4,25357933.0,0.07575760269393322,0.06153002465388502,1560274.2426615644,226921425.0,6682147.0,33.95935333967461,229489.0,5267294.0,0.04356866285256474,39003544.0,1.4577388697361067,712,1509287.0,0,26756193.0,0.8859876302999223,0.2,0,80288.0,Female,East
BRW-00242,Company_242,Manufacturing,27,74300985.0,0.10506605047103382,0.3391760138566272,25201111.91792105,1816739.0,2667044.0,0.6811804825190426,636084.0,1062764.0,0.598518016682898,4805589.0,0.08997937768153193,547,124730.0,0,53407670.0,0.9159337690420302,0.4,0,41116.0,Male,North
BRW-00243,Company_243,Energy,29,127443358.0,0.08575910123579765,0.4067532005567369,51837993.75619802,4035961.0,26063514.0,0.15485098613905302,25077491.0,2659661.0,9.428826294468996,2994548.0,0.42895841913199806,520,8461742.0,2,6980974.0,0.8651327603162055,0.45,0,10649629.0,Male,Central
BRW-00244,Company_244,Financial Services,28,54079919.0,0.27480951629603056,0.25417056194489185,13745523.402164234,9685603.0,726718.0,13.327851618025674,11959177.0,7497653.0,1.5950558668084711,14120080.0,0.8337292343846411,687,6386897.0,0,16936049.0,0.8577831260442644,0.3,0,6679616.0,Male,West
BRW-00245,Company_245,Retail,35,178754782.0,-0.027243527514408755,0.22610345905236723,40417074.53235183,20025080.0,7410421.0,2.7022860506459687,5041188.0,512638.0,9.833797272544617,12576121.0,2.677485725429632,730,1223318.0,1,4696988.0,0.864223448477434,0.5,0,9074138.0,Male,Central
BRW-00246,Company_246,Real Estate,8,45276429.0,-0.08299929865433796,0.16295422647466662,7377985.465230163,452087.0,20777178.0,0.021758824910734994,1557973.0,189051.0,8.240976027759558,971056.0,0.3069573837485712,707,2609437.0,0,3163487.0,0.8761748261350388,0.55,0,387367.0,Male,East
BRW-00247,Company_247,IT Services,16,88261957.0,0.08001485327777307,0.07244006230643235,6393701.664367653,63011735.0,36372959.0,1.7323785306447428,21031454.0,7242098.0,2.90405502603596,83457789.0,11.41936960290163,570,1881931.0,0,7308440.0,0.6926022840803239,0.2,0,58633440.0,Non-Binary,West
BRW-00248,Company_248,Energy,36,98551196.0,-0.1739627223746419,0.3723492277288362,36695461.722353175,61739713.0,63835693.0,0.9671660027695477,717355.0,598982.0,1.1976216353385656,1927777.0,0.8474512417388124,788,153198.0,2,2274793.0,0.6635021101406587,0.45,0,240261.0,Female,East
BRW-00249,Company_249,Energy,30,17278512.0,0.1843606247765927,0.17245758034915867,2979810.3715539025,4698762.0,123660920.0,0.0379971454361075,729767.0,3430927.0,0.2127025108075716,19662188.0,5.650903282303633,708,22988127.0,3,3479476.0,0.8355117741996005,0.45,0,240823.0,Non-Binary,Central
BRW-00250,Company_250,Pharmaceuticals,18,71772012.0,0.094694489671419,0.12448974335201995,8934879.353738096,515128756.0,85677248.0,6.012433429089209,2841333.0,20585663.0,0.13802484097671078,20361217.0,1.2683411506692372,777,4793457.0,0,16053422.0,0.8432048879104429,0.2,0,864907.0,Non-Binary,East
BRW-00251,Company_251,Manufacturing,2,5891568.0,0.029294293863508077,0.3017707948803843,1777903.1584518359,56038980.0,18436769.0,3.0395226495747356,123660.0,5409451.0,0.0228599865568638,86691.0,0.016305614359458567,648,2632895.0,0,5316634.0,0.6545886775866222,0.4,0,6678.0,Male,East
BRW-00252,Company_252,Telecom,13,40821461.0,0.020967069012629118,0.17116989721435039,6987405.283509613,51736542.0,56555970.0,0.9147847890366873,687478.0,618093.0,1.1122547703100176,12494865.0,0.6909513864687972,721,2658621.0,0,18083565.0,0.7316266344169731,0.35,0,206051.0,Male,East
BRW-00253,Company_253,Automotive,4,57399075.0,0.21649936731818492,0.29727530917097744,17063327.766753122,52763477.0,18098430.0,2.9153619449111363,2293655.0,342939.0,6.688210765731615,103607655.0,8.642654236623061,741,9450668.0,0,11987943.0,0.8472965863238299,0.45,0,4541437.0,Female,South
BRW-00254,Company_254,Pharmaceuticals,26,116878172.0,0.2117221903007796,0.13083015521573477,15291189.384091346,50529814.0,33367294.0,1.5143515229508415,1636629.0,779053.0,2.100790189126813,3062701.0,0.05413110398165096,780,302475.0,0,56579318.0,0.7002356975946962,0.2,0,495103.0,Female,South
BRW-00255,Company_255,Energy,25,82733814.0,0.04304422123799702,0.30211643105444075,24995244.613201924,8598822.0,7136866.0,1.2048454875227463,742381.0,2439724.0,0.3042888030413264,515654.0,0.03435024777084842,773,879355.0,1,15011652.0,0.8293925164183914,0.45,0,36748.0,Male,West
BRW-00256,Company_256,Healthcare,30,119183070.0,0.16876532353368182,0.29757206603296366,35465552.37605133,7411623.0,25507701.0,0.29056412059385045,69240423.0,1469012.0,47.13397566937801,7453708.0,0.275271903512938,635,4499384.0,1,27077619.0,0.7447055349802394,0.25,0,28042371.0,Female,East
BRW-00257,Company_257,Real Estate,11,20809694.0,0.20950556927605074,0.3389794106388111,7054057.807694003,2157897.0,8302810.0,0.25989956895321353,25263983.0,10162649.0,2.4859640940109125,17877918.0,1.346073885474623,690,17424003.0,1,13281527.0,0.6025780895042694,0.55,0,22825975.0,Male,East
BRW-00258,Company_258,Automotive,7,14388075.0,0.13032893384370692,0.09486901924878081,1364982.564127902,3737555.0,11896409.0,0.314175032635896,42793739.0,4415152.0,9.692470226966087,7796220.0,0.6425928102520498,658,87989.0,0,12132441.0,0.8444419686743884,0.45,0,27223960.0,Male,East
BRW-00259,Company_259,Pharmaceuticals,31,15992843.0,0.049180247055691226,0.1700352676345212,2719347.339741879,5574167.0,25604398.0,0.21770348915434415,2817706.0,825081.0,3.415061775678054,2136126.0,0.0750028914437212,711,14564659.0,1,28480581.0,0.6243158997520835,0.2,0,1217249.0,Male,South
BRW-00260,Company_260,Real Estate,10,36014262.0,0.13717515612359016,0.4137324094723498,14900267.392628487,9802912.0,180213874.0,0.05439598921004279,1570840.0,5472692.0,0.28703236231230217,1894699.0,0.10923792282368677,584,1130278.0,0,17344699.0,0.8377716550003557,0.55,0,63619.0,Male,Central
BRW-00261,Company_261,Healthcare,39,1602186.0,-0.07586299643940629,0.1504305505074658,241017.72199535457,97703122.0,23528535.0,4.152537242436163,36124981.0,12087735.0,2.988564690691458,779768.0,0.07112531283925695,572,2126817.0,1,10963297.0,0.7608996534688117,0.25,0,14574849.0,Female,East
BRW-00262,Company_262,Construction,13,178060770.0,0.09066583539408885,0.2773230957638972,49380363.97050327,379366.0,14446323.0,0.026260382918173508,3714704.0,1358510.0,2.73439375904943,533691.0,0.048894885492238804,890,3439090.0,0,10915067.0,0.7890056736403359,0.5,0,914172.0,Male,North
BRW-00263,Company_263,Healthcare,31,25798065.0,0.04503106165606147,0.45486780211463057,11734709.125360377,66812545.0,5399779.0,12.373197611754552,666147.0,3525378.0,0.18895755605283857,5311685.0,0.34895590498034673,854,623274.0,2,15221650.0,0.6758941531796223,0.25,0,52303.0,Non-Binary,West
BRW-00264,Company_264,Healthcare,7,12961547.0,0.021520156430979778,-0.04188494350409547,-542893.6638206781,1947751.0,42945477.0,0.045354041699105084,739296.0,694199.0,1.0649611063094209,16785854.0,3.6966252420522197,793,508699.0,1,4540858.0,0.9286175551813018,0.25,0,708589.0,Male,South
BRW-00265,Company_265,Real Estate,36,543305.0,-0.17897815177951454,0.14645332344341097,79568.8228934224,7596668.0,9795641.0,0.775515070885604,2009424.0,1672623.0,1.201360257894183,11282249.0,2.592286772920047,738,4462929.0,3,4352237.0,0.7305071935759676,0.55,0,1303583.0,Non-Binary,Central
BRW-00266,Company_266,Agriculture,20,22857269.0,-0.07413966271186435,0.18022442206702513,4119438.0955555295,2997842.0,22953551.0,0.13060470989413753,3162803.0,679827.0,4.652357655171603,12946504.0,0.3502634827929279,762,56078753.0,0,36962185.0,0.683766569477912,0.6,0,797626.0,Female,North
BRW-00267,Company_267,Real Estate,4,17935369.0,0.007115776381192762,-0.03586543911286752,-643259.8848363116,143438275.0,34015631.0,4.216834042654272,3693893.0,8772639.0,0.4210697121961006,22925083.0,0.3998477252819392,762,790729.0,2,57334533.0,0.7847493020162583,0.55,0,199394.0,Female,East
BRW-00268,Company_268,Telecom,7,6289740.0,0.21425587709581345,0.12528345384233486,788000.3509702872,4197767.0,66781118.0,0.06285859031502601,2482118.0,1085845.0,2.28588400196713,63233133.0,18.015296716295786,832,781455.0,0,3509968.0,0.9131475877117681,0.35,0,4425590.0,Male,South
BRW-00269,Company_269,Manufacturing,1,8801474.0,0.12287352356059812,0.06343424675351207,558314.8735106209,19426951.0,40259114.0,0.4825478900865059,109278063.0,3361990.0,32.5039724972494,9262289.0,2.034918793630916,660,521463.0,3,4551674.0,0.8643182452803154,0.4,0,236040616.0,Female,East
BRW-00270,Company_270,Financial Services,13,23208869.0,0.2209511372041853,0.28292225620210126,6566305.581379006,20997208.0,3374813.0,6.22173784984891,429475.0,4249434.0,0.1010663770595385,14903586.0,0.5350417761697678,639,2330672.0,0,27854994.0,0.7121146704646977,0.3,0,48255.0,Female,West
BRW-00271,Company_271,Agriculture,22,9995498.0,0.2664370073600195,-0.0279176826153118,-279051.14074598387,1559678.0,1866101.0,0.8357946135848952,8967046.0,82713474.0,0.10841094513318417,15053152.0,0.9935984733074343,698,748656.0,1,15150135.0,0.6365969150748897,0.6,0,1069157.0,Male,South
BRW-00272,Company_272,IT Services,21,56957566.0,0.1293963717874243,0.4067187146376655,23165708.03241,7685488.0,33996429.0,0.22606750179357069,1597293.0,1441390.0,1.1081607974519059,11083456.0,0.634153617693823,747,773226.0,0,17477556.0,0.802436987549829,0.2,0,538794.0,Male,North
BRW-00273,Company_273,Financial Services,22,7856287.0,0.10104401160204453,0.2627876895909534,2064535.5094934425,54107826.0,16243531.0,3.331038224937778,3084258.0,780294.0,3.9526819984749357,9146217.0,0.419895070959252,679,4480574.0,1,21782148.0,0.7538557877226093,0.3,0,1631782.0,Male,Central
BRW-00274,Company_274,Manufacturing,28,30459627.0,-0.06594909950278154,0.053541410372755366,1630851.3890080594,2398005.0,23435523.0,0.10232350682664489,13399704.0,1818161.0,7.3699175321011,10329044.0,1.4787576770446504,655,374439.0,0,6984946.0,0.8700652371455982,0.4,0,21400108.0,Male,Central
BRW-00275,Company_275,Pharmaceuticals,9,141819837.0,0.37800068968599637,0.30317033458463727,42995567.43402872,30813036.0,115376251.0,0.26706566963191003,225455.0,714531.0,0.31552820587461444,92459564.0,7.480592035907011,814,37261216.0,0,12359925.0,0.805725340087095,0.2,0,108218.0,Male,West
BRW-00276,Company_276,Automotive,26,22864732.0,-0.1326766107565286,0.2516375608221013,5753625.3893310465,5407947.0,6990721.0,0.7735891943636151,791112.0,1104649.0,0.7161653012266329,76185730.0,6.662484489550664,633,560370.0,1,11435032.0,0.832123567280328,0.45,0,373934.0,Female,Central
BRW-00277,Company_277,Telecom,9,41200695.0,0.09781011323127425,0.17534788502511903,7224454.729814996,50905475.0,69005108.0,0.7377058849367226,2675136.0,4746370.0,0.563617129802959,686474.0,0.18228480417382956,817,17843621.0,0,3765941.0,0.7205660582099667,0.35,0,176407.0,Male,Central
BRW-00278,Company_278,Telecom,15,37467224.0,0.20491985053180728,0.09342517409089603,3500381.924902598,122209264.0,7074477.0,17.274668745877786,29930173.0,885559.0,33.79801820317088,12334691.0,1.012917963332683,777,63052127.0,0,12177383.0,0.6053553669137111,0.35,0,35470668.0,Female,West
BRW-00279,Company_279,IT Services,10,24446445.0,0.2070106366297007,0.24571959384089803,6006970.536253853,437241.0,95852632.0,0.004561596132680049,29694416.0,3891733.0,7.63012477214527,8979852.0,0.29310722838818365,852,19719764.0,0,30636746.0,0.6653437918050098,0.2,0,12827988.0,Female,North
BRW-00280,Company_280,Agriculture,24,21845146.0,-0.09326336356589852,0.19475044388975152,4254351.88033643,1193973.0,36057382.0,0.03311313524888925,22207756.0,4056122.0,5.475118974449246,58835648.0,9.247854870242245,874,16365446.0,1,6362085.0,0.8827423952758352,0.6,0,31979169.0,Female,South
BRW-00281,Company_281,Construction,8,10251542.0,0.01701454956986144,0.09729113852817785,997384.1928494334,4603077.0,2401121.0,1.9170525279431865,121774.0,2674433.0,0.04553262484697697,8421675.0,0.8136296043532313,729,10791190.0,3,10350747.0,0.7478124923426316,0.5,0,14862.0,Male,South
BRW-00282,Company_282,Healthcare,24,30295763.0,-0.039843215817649505,0.018809388708459218,569844.7824863566,80047969.0,8879587.0,9.014829179011459,676946.0,4427787.0,0.15288582018831975,12958158.0,1.1859297981683383,866,4504815.0,0,10926580.0,0.9267558997680594,0.25,0,180632.0,Female,West
BRW-00283,Company_283,Agriculture,16,15793338.0,-0.21706513443490305,0.07792931749954396,1230764.0513796126,19750692.0,145953943.0,0.13532139974237353,720029.0,1392649.0,0.5170207877068898,3352170.0,0.5014671508551212,740,19157514.0,1,6684724.0,0.8635795796050776,0.6,0,44803.0,Male,East
BRW-00284,Company_284,Automotive,26,245580475.0,0.09954901126174423,0.11960425732353297,29372470.325535454,1373500.0,125551951.0,0.01093969450988703,3009087.0,179281.0,16.78409990963956,30103624.0,1.7216012876256133,731,2211370.0,1,17485827.0,0.8897238133788634,0.45,0,5128644.0,Male,West
BRW-00285,Company_285,Construction,27,81549022.0,-0.027642309435996576,0.31949847410297694,26054788.093590096,24603038.0,30251783.0,0.81327560715097,202898.0,2128900.0,0.0953064515447172,1375220.0,0.3054985382845058,715,11969028.0,0,4501559.0,0.832559061826188,0.5,0,9298.0,Male,West
BRW-00286,Company_286,Telecom,37,2732715.0,0.30582234270670183,0.28329107397086895,774153.7672063031,2256663.0,22411431.0,0.10069249479462089,16968085.0,2178073.0,7.790407947572029,5620751.0,0.166848394316585,665,17221530.0,1,33687773.0,0.7124151108345252,0.35,0,5955798.0,Non-Binary,West
BRW-00287,Company_287,Real Estate,4,2970566.0,0.17227616572830082,0.12599189588231097,374267.242183533,32795370.0,19534283.0,1.6788621482108073,164131.0,1271633.0,0.12907094336892533,1827870.0,0.10997043762743686,760,7009441.0,0,16621466.0,0.7752123390791106,0.55,0,6647.0,Female,West
BRW-00288,Company_288,Automotive,24,19861827.0,0.086210292532116,0.13065672483691285,2595081.265097366,19944171.0,24752404.0,0.8057467951094045,15383236.0,4314336.0,3.5656083426028147,5658293.0,1.6248266280878865,792,2182660.0,0,3482397.0,0.6234817590597738,0.45,0,24745141.0,Male,Central
BRW-00289,Company_289,Manufacturing,19,13350198.0,0.009095070144369652,0.2989622735462039,3991205.5463719843,2241896.0,12373151.0,0.18119037089336654,12070297.0,4961244.0,2.4329169391957057,3900309.0,0.08034355726412393,588,6798371.0,0,48545385.0,0.875537906053022,0.4,0,3171531.0,Male,Central
BRW-00290,Company_290,IT Services,36,18351266.0,0.0972674104678512,0.21208160993103153,3891966.037552601,8049080.0,62659328.0,0.12845780713674734,633125.0,2576104.0,0.24576832077885025,31182301.0,2.966134720116186,900,1878503.0,1,10512772.0,0.8225267988111209,0.2,0,303900.0,Male,North
BRW-00291,Company_291,Manufacturing,39,64150484.0,0.04161892761263302,0.21040977118491594,13497888.65984161,55785562.0,29309429.0,1.903331521629728,21702366.0,2231906.0,9.72368741170667,6398838.0,1.4837523955938463,829,1445937.0,1,4312604.0,0.8345515981226357,0.4,0,34777013.0,Non-Binary,West
BRW-00292,Company_292,Automotive,10,38787316.0,0.09043086633396627,0.09559495134068179,3707871.5856556483,520187.0,4600031.0,0.11308334376804335,1983124.0,8559359.0,0.23169068715417976,83280759.0,3.1054963054700613,653,10654631.0,1,26817213.0,0.8674127309140245,0.45,0,654431.0,Non-Binary,South
BRW-00293,Company_293,Retail,25,38203735.0,0.3652453656247953,0.1651897371542225,6310864.94295957,13959394.0,32152159.0,0.4341666003154998,1343719.0,546446.0,2.4590106634312203,6191077.0,0.42483604112905204,744,4070610.0,1,14572861.0,0.6023902308058144,0.5,0,421125.0,Male,East
BRW-00294,Company_294,Retail,18,211406208.0,-0.07971342330215163,0.18051140006629052,38161230.588785425,1689006.0,17858337.0,0.09457800608320886,1737276.0,1332209.0,1.3040556668993628,1751278.0,1.1592992350898794,696,10466173.0,0,1510634.0,0.8144710590949309,0.5,0,787919.0,Male,Central
BRW-00295,Company_295,Pharmaceuticals,19,3007629.0,0.054703719702758974,0.1690569903631547,508460.7068689446,8672942.0,10069743.0,0.861287238285303,1975785.0,6565788.0,0.30092118403439405,6174525.0,1.1753931968909364,726,4109786.0,1,5253156.0,0.6208218568251405,0.2,0,557358.0,Female,South
BRW-00296,Company_296,Agriculture,36,28230351.0,0.18595826004533356,0.26808814942270354,7568222.557143368,17657009.0,142982417.0,0.12349077073238474,2268182.0,3771299.0,0.6014323973165752,18169054.0,1.5467144864972542,689,7019701.0,2,11746869.0,0.8133342841514537,0.6,0,506391.0,Male,Central
BRW-00297,Company_297,Telecom,10,10134147.0,0.019978873732126312,0.27184246072992596,2754891.457878797,182042996.0,16593550.0,10.970707595981114,2346745.0,1495490.0,1.5692137231183605,111532323.0,108.786868792289,741,26628372.0,1,1025236.0,0.8785679124407687,0.35,0,2872385.0,Male,North
BRW-00298,Company_298,Telecom,33,208021850.0,0.3170812760912554,0.06972505983605559,14504335.93845698,8542407.0,1399733.0,6.102878832692498,859861.0,3168243.0,0.271399866929441,3377835.0,0.349125216702313,614,2563390.0,0,9675138.0,0.9082777842610511,0.35,1,58539.0,Female,East
BRW-00299,Company_299,Healthcare,5,878501.0,0.18176887295177574,0.11997425810989473,105397.50572380063,80060126.0,10966926.0,7.300142145561833,1217982.0,1026998.0,1.1859622063896849,106968904.0,10.278653035837092,875,1784482.0,0,10406898.0,0.6505528823885731,0.25,0,1300033.0,Male,Central
BRW-00300,Company_300,Healthcare,35,938256.0,-0.02783356227544352,0.09751517601356445,91494.19898578293,2518698.0,48263501.0,0.05218639128175987,1386920.0,2406145.0,0.5764072504328499,6683299.0,2.4561958194719873,620,6228610.0,0,2720995.0,0.9387658258302226,0.25,0,719488.0,Female,East
BRW-00301,Company_301,Healthcare,34,38146877.0,0.11061030534124734,0.3466230919332257,13222588.453336453,4228974.0,4819738.0,0.8774280101059414,40188662.0,4527439.0,8.876685720848869,4557083.0,0.39123312081328304,744,68307.0,3,11647998.0,0.6124618940812515,0.25,0,21226233.0,Male,East
BRW-00302,Company_302,Real Estate,33,130834646.0,-0.025691310128170164,0.45041886357190075,58930392.567151934,21436120.0,46334909.0,0.46263432906203983,1387857.0,9343975.0,0.14852959810684446,28445248.0,3.1772871688534967,645,9466775.0,0,8952683.0,0.8036330758750581,0.55,0,374721.0,Female,South
BRW-00303,Company_303,Financial Services,21,77043556.0,-0.03949874715311419,0.12436543498357064,9581555.354621084,12026722.0,4424968.0,2.717922317647875,1260417.0,4382312.0,0.2876145542319775,75153007.0,27.836003791323144,687,897014.0,0,2699848.0,0.863418977120475,0.3,0,529375.0,Female,Central
BRW-00304,Company_304,Energy,17,7264636.0,0.05897030304356286,0.15994857053317404,1161968.1436438353,5429576.0,72856943.0,0.0745237955629871,31784624.0,10184286.0,3.1209473967102457,20494892.0,0.9195467918303794,736,40380507.0,0,22288035.0,0.7338938537246231,0.45,0,28935175.0,Female,East
BRW-00305,Company_305,Financial Services,22,231394032.0,0.2695641742852672,0.28107777974367976,65039720.76049799,5213325.0,7369938.0,0.7073769538662396,2016728.0,351103.0,5.743961903025884,1064100.0,0.05180783339699158,707,10687895.0,0,20539364.0,0.9034804528573348,0.3,0,762323.0,Female,West
BRW-00306,Company_306,Manufacturing,37,3808694.0,0.1918167559677075,0.09513467049243324,362338.8486965075,65656150.0,9605539.0,6.835237789858769,859970.0,139350.0,6.171251013627459,14644180.0,2.2018336760938593,710,12918006.0,2,6650901.0,0.9247490492517755,0.4,0,1857535.0,Male,East
BRW-00307,Company_307,Financial Services,15,171694327.0,0.07661335902541158,0.2837889993098972,48724961.246516265,5765121.0,8787934.0,0.6560268140353792,621297.0,144502.0,4.299543954104759,231941556.0,31.83534399482161,670,13383452.0,0,7285661.0,0.6602758268316515,0.3,0,1565668.0,Male,East
BRW-00308,Company_308,Real Estate,35,4644330.0,0.19717792922035887,0.17749568843253452,824348.550657873,1921710.0,30007059.0,0.06404192879942254,388388.0,7566703.0,0.051328557321655505,291677.0,0.015877350776244303,644,1641627.0,0,18370633.0,0.8013652288811356,0.55,0,15730.0,Male,Central
BRW-00309,Company_309,Pharmaceuticals,28,14249947.0,0.12029280656237426,-0.029248764353995566,-416793.34185992606,2464961.0,133945487.0,0.01840271767870225,7361523.0,4091511.0,1.7992182352147568,15558666.0,2.13996899804828,753,2213008.0,0,7270509.0,0.7686107807634137,0.2,0,12715187.0,Male,West
BRW-00310,Company_310,Manufacturing,7,63016321.0,-0.09548395384379314,0.02394797035539664,1509112.9872141588,24272430.0,14913838.0,1.6275105289791583,218267.0,837371.0,0.2606571511825091,5798749.0,4.499922786394575,631,258369.0,0,1288632.0,0.8881563968937273,0.4,0,78576.0,Male,East
BRW-00311,Company_311,Financial Services,32,2678288.0,0.05822935712175345,0.139457511929905,373507.3807117214,262243410.0,14460264.0,18.135449799848068,24630758.0,1249342.0,19.714968587489583,2183068.0,0.1509668771147152,648,30761585.0,0,14460575.0,0.9285015144155702,0.3,1,9310427.0,Female,Central
BRW-00312,Company_312,Real Estate,11,218770785.0,0.06902606060278019,0.3267538265749015,71484191.14154506,4049184.0,7363734.0,0.5498818194842698,2850494.0,2969110.0,0.9600496579615919,41869962.0,10.626365287412098,648,473415.0,0,3940195.0,0.8212783535718536,0.55,0,1477773.0,Male,Central
BRW-00313,Company_313,Energy,10,14119738.0,0.19425355053889434,0.07289584819332261,1029270.2777774886,223057086.0,2078557.0,107.31338071874829,1697027.0,832371.0,2.0387843416164886,655602.0,0.10895198349837835,673,3197101.0,0,6017347.0,0.7728488116669687,0.45,0,342527.0,Male,East
BRW-00314,Company_314,Financial Services,9,29677929.0,-0.004970575090314497,0.11590792784304421,3439907.253062989,8742781.0,8300052.0,1.053340382284306,2320903.0,743677.0,3.1208439674160053,5254982.0,0.13763039870183316,586,20533350.0,0,38181840.0,0.6820992823426902,0.3,0,877301.0,Female,North
BRW-00315,Company_315,Real Estate,14,138074118.0,-0.05689968634911556,0.2053349072139117,28351436.208172698,5840235.0,3233892.0,1.8059456512630443,6547442.0,903932.0,7.243282411417661,39892198.0,5.132894365733249,587,32650397.0,0,7771871.0,0.7746317999175878,0.55,0,10606856.0,Female,North
BRW-00316,Company_316,Healthcare,13,7350743.0,0.07316795648197896,-0.020251794727320943,-148865.73832929134,2268398.0,1521521.0,1.4908742693171706,1615640.0,815368.0,1.9814832302920518,33605670.0,3.7752638812466426,743,2243923.0,3,8901541.0,0.676122543809934,0.25,0,2881227.0,Male,South
BRW-00317,Company_317,Telecom,25,118594483.0,-0.016813675599182912,0.2158263937269177,25595819.581798248,6602635.0,13357712.0,0.4942938211054542,2451823.0,2090741.0,1.1727047144028293,21740519.0,1.469645116892809,744,252931.0,0,14793039.0,0.9095985271139901,0.35,0,1647991.0,Male,North
BRW-00318,Company_318,Healthcare,2,282955544.0,0.03147361706245456,-0.0052488103318922286,-1485179.982813386,2858447.0,7639829.0,0.3741506028275498,15864901.0,14587127.0,1.0875959270392361,11515064.0,0.7817913888007224,724,4623253.0,1,14729074.0,0.9276130297846169,0.25,0,6070275.0,Male,North
BRW-00319,Company_319,Telecom,35,9035136.0,0.06786806406633103,0.24806210513541432,2241274.856344767,2534302.0,76430082.0,0.03315843579549691,5500549.0,592121.0,9.289553504176505,7377950.0,2.0817397344959705,810,5388098.0,0,3544126.0,0.894398662549792,0.35,0,12871285.0,Male,Central
BRW-00320,Company_320,IT Services,7,188400676.0,0.022543375441331705,0.08294663013151263,15627201.188698947,745585.0,5247579.0,0.14208168336642796,501349.0,1815967.0,0.2760781026978449,4389379.0,0.5246608137791836,629,6174424.0,2,8366126.0,0.679795755588945,0.2,0,63129.0,Female,Central
BRW-00321,Company_321,IT Services,21,1722233.0,0.2244774114279225,0.06695410317422215,115310.56597205014,125670634.0,32750896.0,3.837166169830402,1130734.0,3446049.0,0.328124664470916,2069923.0,0.2246681815147649,561,2067110.0,1,9213244.0,0.6842344192064544,0.2,0,81413.0,Male,East
BRW-00322,Company_322,IT Services,18,43331941.0,0.29214426590066317,0.21273559494381522,9218246.2487053,43862878.0,31991704.0,1.3710703446408998,225906.0,3770299.0,0.05991724796435297,30095594.0,2.580188214992522,762,2657530.0,0,11664107.0,0.9005212684212754,0.2,0,108435.0,Female,East
BRW-00323,Company_323,Energy,3,3825127.0,0.2094366114437321,0.2752788611401279,1052976.604276354,13354989.0,72897122.0,0.18320323835002378,8226489.0,1080514.0,7.613488938145236,12193849.0,1.0275940307794937,560,1154218.0,0,11866406.0,0.939153969612262,0.45,0,8368956.0,Non-Binary,Central
BRW-00324,Company_324,Healthcare,39,99319534.0,-0.1856795747732295,0.22515118272686244,22361910.547980826,7159682.0,11744893.0,0.6095995417242591,9655128.0,4165884.0,2.317665514050436,31465087.0,0.2663212222360788,689,4147737.0,2,118147125.0,0.7101513223257422,0.25,0,3020943.0,Female,East
BRW-00325,Company_325,Telecom,11,87809835.0,-0.016296049345275135,0.2049172199820427,17993747.275281873,8812040.0,71331667.0,0.12353615507771387,804883.0,3282234.0,0.24522406226245227,2752655.0,1.0039436991628257,722,10882727.0,0,2741841.0,0.6506513758649579,0.35,0,157571.0,Male,Central
BRW-00326,Company_326,Real Estate,39,544876648.0,0.05320218214517072,0.20661626513006767,112580377.96635056,2770772.0,28720911.0,0.09647228472410625,103727571.0,1153705.0,89.90814904317044,2664136.0,0.11251133555075774,864,4851870.0,0,23678822.0,0.6860623065714362,0.55,0,25205800.0,Female,North
BRW-00327,Company_327,Manufacturing,24,203652257.0,-0.19694098890251138,0.2258786265313994,46000692.10117957,1622085.0,57491149.0,0.028214516495147515,126636215.0,391105.0,323.7900083353362,18716753.0,0.645037848957692,656,3060401.0,1,29016518.0,0.8790203567847227,0.4,0,88219964.0,Female,East
BRW-00328,Company_328,Real Estate,19,18837181.0,-0.051383757572392094,0.2337643435258205,4403461.250342059,26065448.0,259168268.0,0.1005734540751206,3382800.0,502837.0,6.727415191373763,291789.0,0.020060595181384387,662,17640530.0,1,14545380.0,0.7456812359711325,0.55,0,822020.0,Female,North
BRW-00329,Company_329,Manufacturing,4,4767720.0,0.051285504615117466,0.13268627399196561,632611.0022369743,5996377.0,12636903.0,0.47451314024384456,988505.0,4852606.0,0.20370596671026522,200138.0,0.04315648857842434,752,4803149.0,1,4637494.0,0.6849219977810606,0.4,0,53379.0,Female,South
BRW-00330,Company_330,Retail,26,56431079.0,0.012653887830640767,0.2585403538536888,14589711.133005466,14484701.0,17983611.0,0.8054389184997985,4929272.0,10989786.0,0.44853207801024714,40617947.0,0.8650677240421415,748,3424628.0,3,46953487.0,0.8604599534085362,0.5,1,639623.0,Female,East
BRW-00331,Company_331,Real Estate,38,22051758.0,0.08129752659633778,0.08421717297825594,1857136.7179606394,734057.0,9490679.0,0.07734503744726405,954032.0,1984557.0,0.4807276985605863,3076239.0,3.099372717966905,672,3672927.0,3,992535.0,0.7652977195206914,0.55,0,257589.0,Female,Central
BRW-00332,Company_332,Financial Services,32,247453333.0,-0.1271242541915431,0.31096719163456493,76949868.02362281,5536410.0,93247850.0,0.05937305729437132,13592768.0,10662960.0,1.274764861280089,11870384.0,2.6454036873550453,714,532021.0,0,4487172.0,0.8399388586091804,0.3,0,14555170.0,Non-Binary,Central
BRW-00333,Company_333,Financial Services,39,936991.0,0.010957647392474568,0.27389323785461783,256635.4988306362,1575306.0,333643404.0,0.004721525965723794,4195566.0,1861966.0,2.253297722247494,15704738.0,0.5476005299592349,641,637236.0,0,28679186.0,0.8710486039355426,0.3,0,2174314.0,Female,South
BRW-00334,Company_334,Agriculture,36,643276457.0,0.10278646260898688,0.4417081205501649,284140434.81563896,18367321.0,35356688.0,0.5194864541756158,4673461.0,502133.0,9.307198875200644,41979682.0,6.84013642574583,735,2713225.0,0,6137257.0,0.6106437356302016,0.6,0,6729784.0,Female,Central
BRW-00335,Company_335,Healthcare,37,53649672.0,0.08153022071373052,0.24166181415666835,12965077.064430213,39543693.0,2122070.0,18.634481598400807,45752121.0,1542075.0,29.669173892856122,4593037.0,0.10472551078755275,572,1081517.0,1,43857861.0,0.6305963138645758,0.25,0,18529609.0,Female,North
BRW-00336,Company_336,Manufacturing,33,7134708.0,0.1470340366471824,0.2890919623857108,2062586.7367690299,79363497.0,5077188.0,15.631385201535732,1291694.0,11878354.0,0.1087435086760751,4985478.0,2.544270657905212,900,3054521.0,0,1959491.0,0.7940162941669795,0.4,0,465010.0,Female,Central
BRW-00337,Company_337,Manufacturing,36,72636916.0,0.13828615429962998,-0.0072645945615124885,-527677.7449386395,3459139.0,58909203.0,0.05871983943290084,1371635.0,961107.0,1.427139301722595,3530299.0,1.2080347008519516,757,11817151.0,1,2922348.0,0.9021276786276082,0.4,0,851308.0,Female,South
BRW-00338,Company_338,Automotive,3,169122207.0,0.01893395468687531,0.2930036090766867,49553417.02601449,1636633.0,3710853.0,0.4410394480623598,11846650.0,1684294.0,7.033595658717743,22559167.0,4.320149242155413,611,9422358.0,2,5221848.0,0.6952324438377729,0.45,0,23456367.0,Male,West
BRW-00339,Company_339,Pharmaceuticals,9,28674545.0,0.09801783246126831,0.3211747226837116,9209539.03845661,4742664.0,7126714.0,0.6654768711811824,1735843.0,8225599.0,0.21102934740322896,24112519.0,1.7875436126937774,678,5890349.0,0,13489191.0,0.8605046044551229,0.2,0,744695.0,Female,West
BRW-00340,Company_340,Healthcare,8,1711053.0,-0.039998964204255485,0.3605665552066141,616948.4859859428,3112792.0,6832976.0,0.4555542920750355,36242649.0,7573381.0,4.785530295447925,60451708.0,8.494130574071784,615,11607036.0,1,7116879.0,0.8910187679566669,0.25,0,97855152.0,Female,North
BRW-00341,Company_341,Energy,33,15544687.0,0.03946575214590683,0.19445596228097992,3022757.068941639,16968175.0,13355241.0,1.2705254610886123,14661638.0,2862230.0,5.122450983166628,1369899.0,0.2517412776242104,634,15332611.0,3,5441693.0,0.8164648437916353,0.45,0,4354506.0,Female,West
BRW-00342,Company_342,Agriculture,6,114844842.0,-0.0783426207924559,0.13897279486703878,15960308.66880348,1083629.0,19936289.0,0.05435459656736534,1872825.0,3766202.0,0.4972713897790427,253441532.0,6.891213964673551,716,14523149.0,0,36777486.0,0.7645525667916413,0.6,0,449478.0,Female,Central
BRW-00343,Company_343,Energy,39,50880846.0,0.23981366484143873,0.049258226966805485,2506300.260531077,639478.0,1517663.0,0.42135676935079175,215917.0,7098682.0,0.030416487114581676,5561233.0,0.1377775862972813,811,13995639.0,0,40363843.0,0.9158958845628549,0.45,0,10688.0,Male,South
BRW-00344,Company_344,Energy,4,19100775.0,0.0389758549203902,0.06023568457595534,1150548.2580562932,5284706.0,2343306.0,2.255234162659865,370139.0,2871287.0,0.12891044019269401,8264370.0,1.4075402903994858,691,541327.0,2,5871497.0,0.7498887344330156,0.45,0,85963.0,Male,North
BRW-00345,Company_345,Energy,13,171908643.0,0.2395915169342095,0.17692719905331403,30415314.699046098,26423362.0,2411386.0,10.957744235993642,1586992.0,9217480.0,0.17217198494903327,11354686.0,7.063269485334368,548,191624.0,0,1607567.0,0.9446280688330825,0.45,0,523707.0,Female,West
BRW-00346,Company_346,Healthcare,2,73218506.0,0.1267244103032668,-0.030172559664459836,-2209189.7408276107,1902758.0,2783353.0,0.6836205527575724,5998769.0,4440722.0,1.3508541289335092,2266661.0,2.206264509064363,650,1014249.0,2,1027374.0,0.6378458287924196,0.25,0,7293116.0,Non-Binary,Central
BRW-00347,Company_347,Energy,5,82187085.0,-0.0528493392484347,0.08781376703024413,7217157.535084872,31758468.0,14934854.0,2.1264664437652727,17079947.0,1660325.0,10.287104460208417,4792540.0,0.42455271740261835,656,1647573.0,0,11288444.0,0.6277404087523967,0.45,0,7178825.0,Male,Central
BRW-00348,Company_348,Financial Services,27,13046728.0,0.117665989850228,0.19074264609127814,2488567.421553169,15371206.0,18503929.0,0.8306995324776952,2359756.0,3339810.0,0.7065537540896776,79470958.0,4.641077296277734,707,13162702.0,2,17123385.0,0.693425229270852,0.3,0,1400527.0,Female,East
BRW-00349,Company_349,Pharmaceuticals,32,11284317.0,0.2014577397631767,0.18806441432522533,2122178.467665184,90439654.0,49417792.0,1.8301030562008302,861704.0,1248521.0,0.6901792679664436,81351141.0,8.595918966399356,688,2828541.0,3,9463925.0,0.7867077069990378,0.2,0,570941.0,Female,East
BRW-00350,Company_350,Pharmaceuticals,21,1886173.0,0.06836288125962298,0.06367274959550041,120097.8211227938,2667409.0,28514273.0,0.09354644624653603,2646867.0,622407.0,4.252623680929551,12087291.0,1.4601995570097737,524,1591637.0,0,8277834.0,0.8607863053028411,0.2,0,5565534.0,Female,South
BRW-00351,Company_351,IT Services,8,16369205.0,0.09110440285118576,0.031936402744963566,522773.52349487133,798342.0,7284732.0,0.1095911133599543,3370441.0,503969.0,6.687781018711431,42528312.0,10.699778171435213,626,4177822.0,0,3974690.0,0.6895607682510112,0.2,0,9706870.0,Female,North
BRW-00352,Company_352,Retail,38,98256118.0,-0.002718596253261693,0.04985850523367799,4898903.173543883,21808550.0,19305758.0,1.1296396065029093,23147978.0,1547420.0,14.959069315978004,16457120.0,0.9620285870699087,611,7302640.0,0,17106684.0,0.6238709793167777,0.5,0,20042115.0,Male,West
BRW-00353,Company_353,Manufacturing,8,17784895.0,0.08361548397160212,0.1534977409434156,2729941.2054158472,13521774.0,51912689.0,0.26047145697901614,21298267.0,2886561.0,7.378420072044182,8156079.0,0.17137325717228796,771,10465783.0,3,47592483.0,0.8945132032858961,0.4,0,6900639.0,Female,West
BRW-00354,Company_354,Automotive,3,47124720.0,0.11568472832032127,0.4355756571699918,20526380.882951856,12040024.0,11152127.0,1.0796167332369213,727338.0,17214474.0,0.04225153540842808,2868677.0,2.963105237715518,677,1759361.0,0,968131.0,0.7869623037458057,0.45,0,240022.0,Female,Central
BRW-00355,Company_355,Manufacturing,3,127905086.0,-0.006822372117776546,0.3072406903280726,39297646.9191115,1845496.0,10094463.0,0.18282258473555407,6459986.0,3266716.0,1.9775162648004097,2440753.0,0.29680445088781604,540,777997.0,0,8223437.0,0.8396584273874251,0.4,0,1379671.0,Female,West
BRW-00356,Company_356,Retail,22,42255686.0,-0.08189439050194815,0.20570332846610892,8692135.25681876,28423474.0,4714018.0,6.029562884663808,908210.0,2494979.0,0.3640149420035431,2851816.0,0.8468890854136215,630,1016801.0,0,3367401.0,0.8251403738339316,0.5,0,115373.0,Female,South
BRW-00357,Company_357,Automotive,6,48923683.0,0.2731955749374792,0.24646689184124423,12058068.08643632,3436147.0,5577265.0,0.6160988197442977,947514.0,1759315.0,0.5385695349783666,100160630.0,50.036433048216715,793,3914453.0,0,2001753.0,0.8079847765369736,0.45,0,336799.0,Male,East
BRW-00358,Company_358,Healthcare,2,3151113.0,0.17061807589771122,0.301903784865617,951332.941239249,12032125.0,33354029.0,0.3607397666788691,15525793.0,1291296.0,12.023409796506924,32928739.0,11.471114015674189,652,674414.0,0,2870578.0,0.6168712794700315,0.25,0,41919641.0,Non-Binary,Central
BRW-00359,Company_359,Real Estate,23,14889292.0,-0.002148715805707621,0.2610742381114789,3887210.5649193376,4459949.0,14583636.0,0.3058187062664821,2424265.0,2319610.0,1.0451170476429021,77165919.0,5.940513279177396,645,13557520.0,3,12989772.0,0.8594769912461673,0.55,0,1368166.0,Female,North
BRW-00360,Company_360,Healthcare,2,321960608.0,0.11294858857370826,0.14301480318872914,46045132.98764357,15120657.0,153631774.0,0.09842141705386141,8535911.0,1424149.0,5.993688164870274,16183760.0,1.2147721911823375,686,684201.0,1,13322464.0,0.7775634563172726,0.25,0,13998403.0,Female,Central
BRW-00361,Company_361,Manufacturing,38,28224354.0,-0.14178680015094836,0.07852941521141539,2216442.0143399728,1479633.0,6504152.0,0.22749049722538814,7290641.0,1342681.0,5.429908943443049,2372027.0,0.06197449324018035,718,316065.0,0,38274245.0,0.6169793849183733,0.4,0,2362168.0,Non-Binary,West
BRW-00362,Company_362,Manufacturing,17,415547412.0,-0.2165606460865534,0.16496709951293548,68551651.26774679,18802821.0,36530124.0,0.514720959755818,2901597.0,5309083.0,0.5465343927502372,21965463.0,2.4502749682664566,688,4126872.0,3,8964488.0,0.7833800884235889,0.4,0,1141792.0,Non-Binary,South
BRW-00363,Company_363,Automotive,35,8164667.0,0.2426199631216701,0.3005090000294305,2453555.91574329,23828285.0,23293641.0,1.0229523146273134,5386905.0,667328.0,8.07233763256205,59686235.0,38.97158857927879,781,2160805.0,2,1531531.0,0.6477401673274913,0.45,0,10666072.0,Female,North
BRW-00364,Company_364,Automotive,34,34309100.0,0.11443267103923113,0.14755305894669107,5062412.654707919,10574619.0,13160766.0,0.8034956473281535,4438292.0,1469004.0,3.0212912821944107,23199173.0,3.3128093196075326,688,6627893.0,1,7002869.0,0.9294323289861517,0.45,0,8787818.0,Female,Central
BRW-00365,Company_365,Retail,23,13605468.0,0.07284462957730756,0.04743892450348203,645428.7692865406,104619978.0,8687516.0,12.042563830378691,582058.0,868794.0,0.6699601171737867,1232819.0,0.5549888805855925,753,1546338.0,0,2221339.0,0.6164393535378674,0.5,1,64926.0,Female,West
BRW-00366,Company_366,Energy,30,58701570.0,0.11489858072194294,-0.026813759132918724,-1574009.7587041678,12124521.0,30102604.0,0.4027731487025791,6790183.0,2283285.0,2.9738644217150196,973483.0,0.36620247607604656,715,5984566.0,1,2658318.0,0.8843640985408822,0.45,0,2440270.0,Male,Central
BRW-00367,Company_367,Healthcare,8,92480928.0,0.5639197488379551,0.16547630859861462,15303402.58121426,35255448.0,28097988.0,1.2547320735302445,1133707.0,5523442.0,0.20525367963424263,23082672.0,1.4535860659802564,596,14809884.0,1,15879810.0,0.6070227378440505,0.25,0,370787.0,Male,North
BRW-00368,Company_368,Automotive,22,59631776.0,0.21036429293679865,0.05692293089545901,3394415.464421491,10207417.0,18669209.0,0.5467514158338783,657604.0,3017644.0,0.21791960286912476,5560621.0,0.5153233659053614,842,1283344.0,2,10790546.0,0.888548097159508,0.45,0,55915.0,Female,West
BRW-00369,Company_369,Telecom,36,115268900.0,-0.07681603995622101,0.12761809363484788,14710397.273385918,30833068.0,24416295.0,1.2628069384479939,11780605.0,1521062.0,7.7449816345542555,14197599.0,0.8878235913860044,792,7052418.0,1,15991463.0,0.794471918271759,0.35,0,12237146.0,Female,East
BRW-00370,Company_370,Retail,5,23682348.0,-0.1720564587880487,0.3547479034623985,8401263.302066926,890950.0,15306439.0,0.05820752572119971,1346502.0,6128483.0,0.21971208540317638,3001908.0,0.482995137882283,654,48334863.0,0,6215192.0,0.8419849279496094,0.5,0,97553.0,Male,North
BRW-00371,Company_371,Financial Services,13,18150478.0,0.2381803645039124,0.17353803465036716,3149798.280084727,9336268.0,2044335.0,4.566895070086327,17296802.0,5718679.0,3.0246144215098587,10746702.0,0.548581094729111,691,10396550.0,1,19589996.0,0.7983690026167345,0.3,0,11955760.0,Non-Binary,East
BRW-00372,Company_372,Manufacturing,29,1728407.0,0.20841437813450103,0.08994470703014669,155461.06124385475,1639000.0,16211772.0,0.10109936772492435,16979879.0,2079003.0,8.167314252401631,1705850.0,0.2902469306580626,749,994672.0,1,5877236.0,0.8623163410260661,0.4,0,5501481.0,Female,East
BRW-00373,Company_373,Retail,31,62938990.0,0.16625911513256614,0.21705015371902428,13660917.454420133,10969627.0,10614584.0,1.0334485050522466,1598975.0,13411143.0,0.11922733810031419,12873527.0,0.4742601450418469,714,5402033.0,2,27144441.0,0.6121389056503252,0.5,1,113750.0,Female,West
BRW-00374,Company_374,Healthcare,16,31273328.0,-0.04193185463490896,0.41051456004963,12838156.485207776,15812148.0,151408527.0,0.10443366835981656,16232264.0,3279715.0,4.949289511652839,26496318.0,2.1125110722922016,708,463968.0,0,12542569.0,0.8429962555744179,0.25,0,43827113.0,Male,Central
BRW-00375,Company_375,Automotive,30,21815426.0,0.1344928084825963,0.1655164501911569,3610811.8709278693,29836601.0,31329251.0,0.9523559962427446,1823033.0,3175295.0,0.5741300968476639,28792262.0,3.985305496244363,740,575758.0,1,7224605.0,0.7213537807775219,0.45,0,690794.0,Male,Central
BRW-00376,Company_376,Manufacturing,16,18142610.0,-0.02850177531151979,-0.1,-1814261.0,18529320.0,18658474.0,0.9930779444729539,2950294.0,468264.0,6.300479429382935,1251647.0,0.11393555363991127,728,30634344.0,0,10985569.0,0.901893378640424,0.4,0,955895.0,Female,South
BRW-00377,Company_377,Real Estate,12,22855004.0,0.17941728290314418,0.25800918918311755,5896801.0508169085,5361319.0,25530799.0,0.20999416391182416,6856303.0,262910.0,26.078418171928902,17955877.0,2.05708236451071,728,6027614.0,2,8728807.0,0.6614643803025406,0.55,0,11107211.0,Male,North
BRW-00378,Company_378,Retail,17,16947753.0,0.2273985360908512,0.22157160731122044,3755140.8725235583,2869381.0,4291978.0,0.6685449765714138,69657060.0,2139588.0,32.55628066885743,3680719.0,0.08395386422882466,707,32853546.0,0,43842162.0,0.7601222197716704,0.5,0,18807406.0,Female,North
BRW-00379,Company_379,Agriculture,16,10940141.0,-0.0015209138244302728,0.19081468265948712,2087539.5331650442,264664.0,7048164.0,0.03755076675985877,13407780.0,6561341.0,2.0434508672158835,87792540.0,7.72953996084717,751,6194830.0,0,11358054.0,0.6071938564140394,0.6,0,13151107.0,Female,West
BRW-00380,Company_380,Manufacturing,12,34600660.0,0.24977152418231352,0.15369872896068387,5318077.463200776,9852924.0,9803532.0,1.0050380816793292,2997579.0,2940846.0,1.0192910409824107,37286194.0,4.202779979199244,716,1442494.0,0,8871792.0,0.8018092241082977,0.4,0,2199892.0,Female,West
BRW-00381,Company_381,Healthcare,8,49935298.0,0.09722785993440647,0.08312733901382617,4150988.445602436,48973631.0,23349987.0,2.0973728551809105,3816917.0,6206223.0,0.6150143791136125,9237521.0,1.319528984575652,718,3487765.0,1,7000619.0,0.8815932437581688,0.25,0,1393893.0,Female,South
BRW-00382,Company_382,IT Services,20,7603720.0,0.1537809818662978,0.36179690687206284,2751002.3767212415,10454993.0,8695335.0,1.2023679130973202,304162.0,1207154.0,0.2519659861409678,234517494.0,11.35725181013583,809,4887529.0,1,20649140.0,0.8288933501956557,0.2,0,145998.0,Male,South
BRW-00383,Company_383,Telecom,3,13241901.0,-0.11644500455362063,-0.04059712016508571,-537583.0461111686,7825299.0,8026617.0,0.9749185771641307,14756618.0,2189087.0,6.740988941513543,2983052.0,0.16538884801828194,734,90459863.0,0,18036596.0,0.692062037867277,0.35,0,5179573.0,Male,East
BRW-00384,Company_384,Construction,16,17770803.0,0.11483217589323495,0.1429246703025913,2539886.1597873,11012989.0,4067600.0,2.707489992258336,12559716.0,2022869.0,6.208859689451127,8158078.0,1.2072688194065646,726,9384171.0,2,6757465.0,0.7193127176514433,0.5,0,13646658.0,Female,South
BRW-00385,Company_385,Energy,30,24329982.0,-0.02133765811220019,0.14011917940969523,3409097.1128926557,4967543.0,15099094.0,0.32899607559261,5001450.0,228253.0,21.911773725761652,20014946.0,7.15370846531005,628,1071776.0,0,2797841.0,0.6775784073337963,0.45,0,9902871.0,Female,Central
BRW-00386,Company_386,Construction,23,19929703.0,0.15119501810212604,0.2824130162876632,5628407.53794729,11904795.0,17870814.0,0.6661584824195204,9593863.0,16965683.0,0.565486366479536,187958278.0,52.127807483664846,632,2445992.0,0,3605719.0,0.9242853977285268,0.5,0,3255119.0,Male,East
BRW-00387,Company_387,Healthcare,28,64979461.0,0.30007440044768935,0.32827927744604923,21331410.505913734,4840626.0,24501085.0,0.19756781393281914,156720.0,8344172.0,0.01878196916578791,79830452.0,10.800344126265495,791,6643786.0,0,7391472.0,0.7468709286293247,0.25,0,70524.0,Male,South
BRW-00388,Company_388,Financial Services,5,2025748.0,0.12342803139745287,0.15279194279670089,309517.9725365312,2307506.0,6355178.0,0.36309063835967487,645223.0,6041244.0,0.10680298514627366,29580037.0,0.8638835729385509,745,639155.0,0,34240767.0,0.6237409630372933,0.3,0,117053.0,Male,Central
BRW-00389,Company_389,Financial Services,20,2643050.0,-0.055128235964977554,0.2031559022722424,536951.2075006503,7937049.0,22860724.0,0.34719148233487784,48749740.0,9266464.0,5.260877799678734,2382971.0,0.3443953562280749,773,3182868.0,0,6919288.0,0.9122343281814479,0.3,0,21154372.0,Female,Central
BRW-00390,Company_390,IT Services,1,32292776.0,0.17396991376663795,0.21335841773726866,6889935.591704044,7681655.0,4204520.0,1.8269988424365107,2220869.0,1132218.0,1.9615189287584822,2377755.0,0.48470771029675813,715,2404327.0,0,4905543.0,0.9169826593804574,0.2,0,1013530.0,Male,East
BRW-00391,Company_391,Energy,30,9781185.0,0.14026831186815747,0.3063991487291501,2996946.757562332,148004780.0,11264012.0,13.139613741567947,10182178.0,5152176.0,1.9762865289760037,25218264.0,16.507221588376336,731,6774641.0,0,1527710.0,0.6991884724181701,0.45,0,13281115.0,Male,East
BRW-00392,Company_392,Agriculture,21,90999399.0,0.38879026196004635,0.3039276536835678,27657233.824684802,2653699.0,21038961.0,0.12613260102851082,1066658.0,1129096.0,0.9447000567710303,1357687.0,0.03363297195398959,688,2818694.0,0,40367737.0,0.8396861404545293,0.6,0,72552.0,Female,Central
BRW-00393,Company_393,IT Services,20,139657203.0,0.11809519413514152,0.11539037466012828,16115096.97815559,6995918.0,10740641.0,0.6513500775838167,1684111.0,2368104.0,0.7111639897724129,14368490.0,0.9153213892891938,697,401465.0,1,15697753.0,0.7194972763736825,0.2,0,526205.0,Male,West
BRW-00394,Company_394,Pharmaceuticals,6,34298794.0,-0.007821248683610282,0.23254816817235727,7976121.715221038,6046572.0,2248529.0,2.6891222265213273,52800128.0,245075.0,215.44389495503435,29690615.0,1.5073174711381845,666,3053476.0,0,19697651.0,0.759115420432374,0.2,0,114604640.0,Female,East
BRW-00395,Company_395,Construction,22,4838124.0,0.19559618384695665,0.22599021509674366,1093368.6834247177,4540173.0,2594335.0,1.7500327636821136,2581348.0,1658553.0,1.5563846579610914,968431.0,0.04165826057638149,806,10348512.0,3,23247033.0,0.604876669581033,0.5,0,361581.0,Male,North
BRW-00396,Company_396,IT Services,18,117493113.0,0.060848289154160976,0.1660908063780157,19514525.882033322,19185356.0,19097612.0,1.0045944485313427,7169454.0,316062.0,22.68362320170346,23483025.0,3.1159013766449752,643,28568138.0,0,7536510.0,0.6388302540657941,0.2,0,20648028.0,Non-Binary,West
BRW-00397,Company_397,Construction,8,32552151.0,0.09203764845676607,0.22485380808385913,7319475.113670803,255043462.0,29372859.0,8.682963184381773,3975590.0,440222.0,9.030854816763322,34066444.0,3.522717228123214,724,13841248.0,3,9670501.0,0.7126745264534009,0.5,0,7156062.0,Male,North
BRW-00398,Company_398,Manufacturing,39,2596295.0,-0.05927140455633283,0.182422531425147,473622.706226452,5491759.0,22013801.0,0.24946890137378358,4730899.0,1859015.0,2.544840388678742,5152942.0,0.13087356331122427,687,298459.0,2,39373436.0,0.8584138808638972,0.4,0,1300253.0,Male,South
BRW-00399,Company_399,Financial Services,32,2964505.0,0.06163477807948799,0.19894687189373836,589778.9964633469,19265794.0,30234392.0,0.6372145126247449,4494391.0,848073.0,5.299526928074672,7025137.0,0.6606205160375316,776,440459.0,0,10634148.0,0.8583321432473356,0.3,0,3741049.0,Non-Binary,East
BRW-00400,Company_400,Manufacturing,33,235076179.0,0.0846207046235654,0.017279242594500116,4061938.3251291336,504560.0,10462929.0,0.04822358555395095,168315.0,2977956.0,0.05652029226748405,608375.0,0.038045265971351064,718,669399.0,0,15990819.0,0.6412146698008689,0.4,0,9089.0,Male,East
BRW-00401,Company_401,Telecom,16,183312677.0,0.06074769863946833,0.0698446353517645,12803407.080420787,4924364.0,35538611.0,0.13856376833175138,6686484.0,14797127.0,0.4518771480519733,7538361.0,0.35521379448977547,736,31277376.0,1,21222038.0,0.7451306271536124,0.35,0,463151.0,Female,Central
BRW-00402,Company_402,Pharmaceuticals,12,553648.0,-0.008633104364623195,0.27813066114878293,153986.48428370137,91592661.0,21927938.0,4.176984485409231,1459429.0,940292.0,1.5521002496030492,901267.0,0.05332369097467183,716,6868673.0,0,16901811.0,0.6737513762817642,0.2,0,326186.0,Male,East
BRW-00403,Company_403,Energy,38,3151262.0,0.12323436955179429,0.03472945478170575,109441.61113430762,8182673.0,6801487.0,1.203071004462553,47173873.0,1443061.0,32.690122115335306,3156794.0,0.40382911783868114,620,171309407.0,2,7817152.0,0.7925475277121095,0.45,0,18859682.0,Male,North
BRW-00404,Company_404,Agriculture,34,133723293.0,-0.05852086252627507,0.23641310510348323,31613938.922792885,18878042.0,27162406.0,0.6950062268045686,1025858.0,4401310.0,0.23308009817983777,4860392.0,0.5658158383061352,744,22446231.0,0,8590059.0,0.9139242271719656,0.6,0,69654.0,Female,West
BRW-00405,Company_405,Construction,14,23494129.0,-0.09384919007859925,0.17022888227694588,3999379.31974038,3491609.0,20900011.0,0.16706253565787427,1611374.0,887455.0,1.8157226949843148,1569439.0,0.08115359339792055,692,3771887.0,2,19339118.0,0.8335597396161308,0.5,0,263323.0,Non-Binary,South
BRW-00406,Company_406,Agriculture,36,69218168.0,0.1864304256089661,0.30367856751957967,21020074.10456961,13076611.0,109014658.0,0.11995277625920014,128208832.0,840309.0,152.57325510823387,1368903.0,0.07090015287342581,639,1650815.0,0,19307475.0,0.8935977819990729,0.6,0,27693108.0,Male,West
BRW-00407,Company_407,Construction,33,22011396.0,0.17266252671309268,0.25785606505160225,5675771.958852577,102889316.0,76682490.0,1.3417576119169108,9675498.0,1163178.0,8.318150516816415,1473544.0,0.05155780393196378,587,5730172.0,2,28580425.0,0.6763585142510742,0.5,0,2612384.0,Female,North
BRW-00408,Company_408,Healthcare,23,64471817.0,-0.11614067210205285,0.12560649954517977,8098079.252687413,1559500.0,13114588.0,0.11891337197071139,747786.0,5706159.0,0.131048901537987,55454211.0,3.5965359525109113,634,11543793.0,0,15418783.0,0.7048208036200184,0.25,0,336504.0,Female,South
BRW-00409,Company_409,IT Services,2,24367244.0,-0.19443325696486935,0.15321019825541402,3733310.2841780474,236111275.0,8875305.0,26.603170076614823,4259306.0,237552.0,17.929918797068442,7999814.0,0.495753309400699,761,20103684.0,0,16136682.0,0.9190554771641858,0.2,1,3040654.0,Male,Central
BRW-00410,Company_410,Telecom,21,12529390.0,-0.07131130680948526,-0.05826453774721024,-730019.1166045185,874217.0,95146989.0,0.009188067851647224,524085.0,717135.0,0.7308028044889672,59382301.0,10.44099650157532,840,2119078.0,3,5687416.0,0.7325151104333429,0.35,0,298742.0,Female,East
BRW-00411,Company_411,Financial Services,2,118226844.0,0.06075515082902032,0.16435222617687253,19430845.005265824,4289785.0,28398515.0,0.15105666084805278,4810829.0,12447938.0,0.38647594593771706,4841407.0,0.974203779617048,709,87572806.0,1,4969603.0,0.6440525725518216,0.3,0,984213.0,Male,East
BRW-00412,Company_412,Automotive,27,32706419.0,0.25315243621482586,0.02758215088749716,902113.3838477039,2536065.0,11887794.0,0.21333350718110466,978164.0,48099.0,20.336049896049897,4999846.0,0.25776342919231876,620,3058609.0,0,19397033.0,0.7059224966100117,0.45,0,290515.0,Male,Central
BRW-00413,Company_413,Construction,9,64268686.0,0.057088314828121996,0.15375523703897323,9881647.05011334,5904991.0,1346644.0,4.38496485710785,53611422.0,1701730.0,31.504052050529726,4707537.0,0.9406918201918937,733,19284580.0,0,5004334.0,0.7711108304554525,0.5,0,45388644.0,Male,North
BRW-00414,Company_414,Agriculture,1,30589638.0,-0.03540415730920471,0.10344981192529565,3164492.297962877,2487144.0,5917358.0,0.4203131836347938,6146090.0,12433684.0,0.49430961135013474,101428.0,0.011652964809144616,786,5417209.0,1,8704050.0,0.8408478502713894,0.6,0,221259.0,Female,Central
BRW-00415,Company_415,Telecom,11,11645899.0,0.10228793436245909,0.07480449577326227,871165.6025213393,2219784.0,5443682.0,0.40777245846240495,7212515.0,19618508.0,0.36763828484621336,18997618.0,0.5383754377293147,853,1921332.0,1,35286932.0,0.6395161376449365,0.35,0,757193.0,Male,North
BRW-00416,Company_416,Real Estate,3,269636137.0,0.06289758271256293,0.3225269414544256,86964918.57219648,1498358.0,12290575.0,0.12191112930752798,13587040.0,5174360.0,2.6258392099043726,7569281.0,0.2513367270445678,801,171888.0,0,30116095.0,0.8020182912506431,0.55,0,2889868.0,Female,South
BRW-00417,Company_417,Real Estate,23,41138393.0,-0.12715109611794967,0.026854692359153554,1104758.8881649561,23349367.0,30775270.0,0.7587054879224296,16069518.0,8090537.0,1.9862113001632278,9598391.0,0.7987694724375007,717,509769.0,0,12016471.0,0.6506122469181751,0.55,0,6883567.0,Male,West
BRW-00418,Company_418,Manufacturing,26,14181191.0,-0.12625943273780665,0.06443218639057854,913725.141752395,6218648.0,36965806.0,0.1682270320785909,1162862.0,635180.0,1.8307569023632635,385918.0,0.05839760452365878,746,19098174.0,0,6608455.0,0.675950056623631,0.4,0,229923.0,Male,West
BRW-00419,Company_419,Financial Services,4,164347592.0,-0.12222962531729402,0.09621467479319044,15812650.117323948,4200585.0,88635483.0,0.047391685704565,3769501.0,700993.0,5.377365569462792,8512570.0,1.0837564669969746,642,10104647.0,3,7854688.0,0.6643205621516991,0.3,0,5147379.0,Female,Central
BRW-00420,Company_420,Automotive,18,3330937.0,0.4519777302361905,0.12226583293552905,407259.78676077235,13570181.0,44798043.0,0.3029190515550188,1675767.0,15510022.0,0.10804413378368298,4602786.0,0.21751491898952888,763,7952355.0,0,21160782.0,0.6035708679434237,0.45,0,82950.0,Female,East
BRW-00421,Company_421,Healthcare,6,691535798.0,0.208997216041042,0.07478657862341469,51717596.328032814,944156.0,3076916.0,0.30685130603132943,75610797.0,1444670.0,52.33772741336955,10728706.0,1.2522383396188184,774,33640117.0,1,8567622.0,0.6879345194444624,0.25,0,127821698.0,Male,Central
BRW-00422,Company_422,Agriculture,35,18462928.0,-0.009057408780304352,0.13690218092324488,2527615.109428844,14070048.0,50425578.0,0.2790260078124239,106096.0,208464.0,0.5089391504569112,7929554.0,1.5595377687010503,500,752516.0,0,5084553.0,0.9380856724984731,0.6,0,20210.0,Male,East
BRW-00423,Company_423,Automotive,22,3605528.0,0.24624002342433976,0.21625851801826373,779726.1419533544,7720162.0,117270014.0,0.06583236132441869,1379643.0,3275875.0,0.4211523879414239,4290477.0,0.14314941545979937,711,1610345.0,2,29972018.0,0.8780981227567393,0.45,0,68292.0,Non-Binary,Central
BRW-00424,Company_424,IT Services,15,421323718.0,-0.005208443149219741,0.26038305096347586,109705555.13611513,8084371.0,110504819.0,0.07315853733800932,2899526.0,1576635.0,1.8390586032540168,20679849.0,1.9407413573501517,819,1782363.0,0,10655643.0,0.9376816973861924,0.2,0,4967427.0,Male,Central
BRW-00425,Company_425,IT Services,22,12058117.0,0.24127705954605944,0.2545569548892303,3069477.545218061,19360590.0,3417992.0,5.664315286777943,4014422.0,2185506.0,1.8368378595904749,41327744.0,8.28378638410324,646,438834.0,0,4988991.0,0.8835302505204082,0.2,0,7078889.0,Female,West
BRW-00426,Company_426,Agriculture,37,34790915.0,0.09204596856041815,-0.048984309399727755,-1704208.9446596294,104561504.0,11648455.0,8.97642606024352,3893341.0,113831.0,34.202517745449434,4820097.0,0.3360028524813346,529,985846.0,0,14345404.0,0.9284961712598603,0.6,0,941885.0,Female,East
BRW-00427,Company_427,Energy,12,70882640.0,-0.018827687469594567,0.22562350722137248,15992789.837909946,14424838.0,46416637.0,0.3107686946219586,3050366.0,82632.0,36.91462248738397,1012027.0,0.04312067779465774,697,654254.0,0,23469644.0,0.7744340355848114,0.45,0,905959.0,Female,West
BRW-00428,Company_428,Healthcare,38,142700529.0,0.18197305187434548,0.2330278191255752,33253193.060935896,6584232.0,3649090.0,1.8043485350187212,2562190.0,2850689.0,0.8987964317410873,1117039.0,0.3443367218130776,786,310274.0,0,3244030.0,0.9401278254034228,0.25,0,356836.0,Non-Binary,East
BRW-00429,Company_429,Telecom,18,37869699.0,0.10062793590855273,0.1005121027546589,3806363.0771760033,1507606.0,1848901.0,0.8154061167114319,4694703.0,1378137.0,3.4065550764872605,16755510.0,2.304103214081458,732,851378.0,0,7272030.0,0.7845973151346592,0.35,0,10985605.0,Female,South
BRW-00430,Company_430,Construction,35,9147827.0,0.13974016582689885,0.38012210475685665,3477291.2531916015,246169.0,21353940.0,0.011528035972376246,6532201.0,1145974.0,5.700125220881782,62066675.0,8.938814304366874,702,2961678.0,0,6943501.0,0.6354056825079958,0.5,0,11757962.0,Male,South
BRW-00431,Company_431,Energy,30,33548033.0,0.11232605347761633,0.31051994781775044,10417333.45654817,10765168.0,6512867.0,1.652907444155171,47968894.0,3167903.0,15.142155191571462,585138.0,0.04189100212362348,625,47709990.0,0,13968106.0,0.6879983955988167,0.45,0,14246762.0,Male,South
BRW-00432,Company_432,Construction,24,12877945.0,0.1107522159306392,0.15803707402307465,2035192.7472300841,1343179.0,2068344.0,0.6493979486014181,47336416.0,778670.0,60.79129182928349,1930338.0,0.11546328138953732,612,708658.0,1,16718197.0,0.6196154267218854,0.5,0,12780832.0,Male,North
BRW-00433,Company_433,Construction,30,35093185.0,0.20008308321301171,0.10848380336781206,3807042.1810902515,196733.0,64066011.0,0.0030707858013699994,5134512.0,1441898.0,3.5609373472067043,5396424.0,1.05413524141043,714,16357452.0,0,5119289.0,0.8706736291852178,0.5,0,4871223.0,Male,West
BRW-00434,Company_434,Energy,14,277747870.0,0.4675710273226501,0.3781733353131551,105036838.37402461,5249768.0,17843952.0,0.2942043167228697,1554993.0,1157175.0,1.3437826225224165,416506.0,0.20854652923990516,695,4555170.0,0,1997184.0,0.7641199642581471,0.45,0,206868.0,Non-Binary,West
BRW-00435,Company_435,Manufacturing,6,75066713.0,0.2673187850824337,0.17771835145686546,13340732.483645651,12726826.0,7843292.0,1.622638093464059,1727039.0,5737506.0,0.3010086087912398,7686728.0,0.3082657526887283,768,6296192.0,2,24935393.0,0.8384971913919563,0.4,0,95830.0,Male,South
BRW-00436,Company_436,Real Estate,3,32932470.0,0.11294677404245682,0.19020444691924884,6263902.242034755,27138277.0,4609266.0,5.88776414991798,455369.0,208012.0,2.189137217385452,15320176.0,5.283697497308173,735,4061974.0,0,2899517.0,0.7771630715077881,0.55,0,538307.0,Female,Central
BRW-00437,Company_437,Construction,16,73129050.0,0.033408962765064006,0.1886947916551019,13799070.853685528,43657082.0,18064864.0,2.416684652777643,13658214.0,911800.0,14.979380369181433,18250399.0,1.5659821372108433,640,202753.0,2,11654282.0,0.755023459645499,0.5,0,19249667.0,Female,West
BRW-00438,Company_438,Energy,7,81419143.0,0.04988976229970122,0.4563725365459177,37157460.8143048,33051194.0,27193829.0,1.2153931241020481,3056857.0,7331671.0,0.4169385919064574,4878370.0,0.6264429535199943,720,675026.0,2,7787412.0,0.9373348543334472,0.45,0,315966.0,Female,East
BRW-00439,Company_439,Energy,14,4795501.0,-0.10841939419156744,0.15401816830715526,738594.2801351313,34410164.0,21663063.0,1.5884255338949282,6298943.0,726093.0,8.675106804353156,5205889.0,0.4980061154847809,707,7728067.0,0,10453463.0,0.8683603526747559,0.45,0,3105543.0,Female,West
BRW-00440,Company_440,Pharmaceuticals,9,25714975.0,0.17968153138298246,0.17716296278414198,4555741.158920142,982539.0,2367403.0,0.4150280222556015,5393046.0,2289728.0,2.3553206514832103,1920505.0,0.041455477408064816,566,3503541.0,1,46326929.0,0.703329527264601,0.2,0,1829139.0,Female,West
BRW-00441,Company_441,Automotive,15,1128089678.0,-0.07223840374875136,0.08027248044013688,90554556.61197531,7100009.0,25964025.0,0.2734556266428019,1148043.0,14699570.0,0.07810044252311853,623492.0,0.003362096949571549,666,276909.0,3,185447358.0,0.6794751914108952,0.45,0,56828.0,Male,East
BRW-00442,Company_442,Retail,21,148966421.0,0.02413185319261052,0.13326006692836323,19851275.232538734,21205123.0,33711157.0,0.6290238680023985,953960.0,2397817.0,0.3978450407829118,6707502.0,3.8658215941876963,704,2359105.0,2,1735077.0,0.7506920213793739,0.5,0,286188.0,Female,South
BRW-00443,Company_443,Manufacturing,35,11351343.0,0.18055230543529993,0.0562329366856202,638319.3522157581,9526252.0,9702703.0,0.9818141417073014,1657186.0,25870230.0,0.06405764216021109,16395491.0,0.6897753780829817,690,7948899.0,3,23769318.0,0.8552098402179631,0.4,1,205755.0,Male,South
BRW-00444,Company_444,Financial Services,2,9773529.0,0.044401204430521105,0.08271200963602536,808388.2248259733,7041108.0,51010011.0,0.1380338432384607,6773913.0,10637234.0,0.636811445831553,9102210.0,1.1975471768364827,725,498451.0,2,7600710.0,0.808220559147041,0.3,0,2169664.0,Non-Binary,East
BRW-00445,Company_445,Retail,27,9297085.0,0.0061568014206120625,-0.03719419893692763,-345797.6290235258,9268527.0,5270834.0,1.7584551593817679,2896091.0,907096.0,3.192702654732625,46900779.0,1.8509338299383928,706,1803147.0,0,25338981.0,0.9163871158415153,0.5,0,4824426.0,Male,West
BRW-00446,Company_446,Automotive,2,88585605.0,-0.09962210291584646,0.2857829485174522,25316255.393102355,12842891.0,68936872.0,0.18629929732960182,231430.0,435032.0,0.5319826312026904,14918025.0,0.6445632425961657,727,31881842.0,1,23144392.0,0.6163871341225928,0.45,0,26188.0,Male,West
BRW-00447,Company_447,Automotive,35,269333617.0,0.2607990098457217,0.19880956051030957,53546098.02642204,7918081.0,17171796.0,0.4611096322650448,703470.0,960586.0,0.7323334586039578,23896851.0,0.6567265381559206,713,7912662.0,3,36387825.0,0.6459628850763992,0.45,0,111649.0,Male,South
BRW-00448,Company_448,Automotive,18,57843438.0,-0.04498327981793185,0.20869311507369842,12071527.26279234,2496951.0,8077530.0,0.30912304762432974,2188971.0,3128501.0,0.6996866231825967,11427749.0,0.9671420080519642,698,35321108.0,3,11815998.0,0.9270391785823878,0.45,0,488819.0,Female,North
BRW-00449,Company_449,Retail,14,30576538.0,-0.007881374042192371,0.17370740321605577,5311371.015317052,690909.0,9997662.0,0.06910705031765924,3123249.0,3004171.0,1.0396372111849788,144492705.0,39.5796795609803,712,1858870.0,0,3650678.0,0.8917282670195843,0.5,0,1948228.0,Female,South
BRW-00450,Company_450,Agriculture,20,12406945.0,-0.1887594129750792,0.18861192210208108,2340097.7438648045,6543346.0,48600378.0,0.1346356990343635,7083078.0,4401414.0,1.6092729270018846,4262058.0,0.1896856894820761,671,16560446.0,1,22469053.0,0.7466169455839362,0.6,0,820700.0,Male,East
BRW-00451,Company_451,Real Estate,18,39588915.0,0.07702084282881497,0.37429668855005244,14817999.7877895,9686310.0,19475948.0,0.4973472666210001,3467316.0,653120.0,5.308841700083139,24597534.0,2.459994479458987,666,695677.0,1,9999019.0,0.8686494740547744,0.55,0,5617052.0,Male,North
BRW-00452,Company_452,Energy,10,7059024.0,0.030005767045766116,0.08774726497983111,619410.0494269873,9529181.0,31771518.0,0.29992840443039565,1897279.0,779220.0,2.4348406934618034,12886683.0,1.832256208809833,707,11358614.0,0,7033231.0,0.622959755695055,0.45,0,2793199.0,Male,North
BRW-00453,Company_453,Real Estate,25,1324243.0,0.10727868754526196,0.2134028157935019,282597.18499483436,37109427.0,53201820.0,0.6975217446034413,1801933.0,3875712.0,0.46492942072852145,26883590.0,4.870761775641145,539,1118572.0,1,5519380.0,0.6855432966951238,0.55,0,486522.0,Male,East
BRW-00454,Company_454,Healthcare,2,281386165.0,-0.09619475154363603,0.21275893713900104,59867421.391019575,48443535.0,7793710.0,6.215721239856084,4422403.0,21618945.0,0.20456145271837026,14654559.0,0.6028580155686443,670,6489778.0,2,24308474.0,0.854347970481121,0.25,1,599868.0,Female,Central
BRW-00455,Company_455,Agriculture,25,5342910.0,0.19012711903027033,0.31703870740749096,1693909.2801945575,7602333.0,17068718.0,0.4453956386533752,6120005.0,531606.0,11.512273164198364,8338649.0,0.1888206324808663,643,7000960.0,0,44161746.0,0.9478645060833334,0.6,0,1321921.0,Male,South
BRW-00456,Company_456,Financial Services,33,14838733.0,-0.19588158292691743,0.23263857750645012,3452061.7371180193,7684399.0,11191363.0,0.6866364993578977,1993288.0,1817693.0,1.0966026184825388,15671219.0,5.828084869951215,633,9178277.0,0,2688913.0,0.6701934130789589,0.3,0,1836110.0,Female,West
BRW-00457,Company_457,Real Estate,36,64652425.0,0.06617337500263913,0.23867026137928207,15430611.173554432,20992859.0,49648045.0,0.42283353910846766,649176.0,1287515.0,0.504208103044933,18906742.0,1.1423377587265386,674,720617.0,2,16550920.0,0.8015686016396271,0.55,0,100956.0,Male,South
BRW-00458,Company_458,IT Services,31,207719736.0,0.09732324247093754,0.029007651535217227,6025461.718875317,16849349.0,9258508.0,1.8198771530059539,2819561.0,2360651.0,1.194399259187716,22986966.0,3.7540110672205285,592,5254759.0,0,6123307.0,0.7251678008497779,0.2,0,3232974.0,Non-Binary,East
BRW-00459,Company_459,Automotive,14,35523179.0,0.08866610100591275,0.08293171779540219,2945998.2560235574,4575208.0,15516245.0,0.29486565242649543,1233304.0,471334.0,2.616618753116149,79791668.0,38.94698800473465,675,3394398.0,0,2048724.0,0.8495588111025458,0.45,0,2129877.0,Male,West
BRW-00460,Company_460,Construction,1,4030631.0,0.10366323067404015,0.03997339151236887,161117.99100489085,23879258.0,230294509.0,0.10369008796605703,5032213.0,2203921.0,2.2832990459734965,11881924.0,1.1535254982025196,718,21458483.0,0,10300529.0,0.8999943592246402,0.5,0,3976219.0,Female,Central
BRW-00461,Company_461,Healthcare,16,15370802.0,0.19830075263913,-0.1,-1537080.2000000002,7134398.0,68485974.0,0.10417312449738797,30132700.0,8579959.0,3.5119860698651277,1713311.0,0.4435591268571476,784,1251407.0,0,3862643.0,0.713640942874989,0.25,0,18043606.0,Female,East
BRW-00462,Company_462,Manufacturing,3,8729965.0,0.2787048057459576,0.22766392033291652,1987498.0562691495,7365621.0,4230058.0,1.7412572732437066,430479.0,282438.0,1.524148577214903,11374519.0,6.200557119767121,875,460796.0,1,1834434.0,0.7923863941486693,0.4,0,472402.0,Male,South
BRW-00463,Company_463,Financial Services,35,22809404.0,0.0566588107530589,0.14860453921103844,3389580.971098417,17028870.0,43244098.0,0.39378482599440906,18366613.0,6551725.0,2.8033243453709757,4559035.0,1.1211576238624974,553,277066.0,0,4066363.0,0.8676906046255066,0.3,0,24244788.0,Male,North
BRW-00464,Company_464,Healthcare,6,153310634.0,-0.06517639527094203,0.22788860262956312,34937746.15051239,5656128.0,33482154.0,0.16892962833485478,6606466.0,472651.0,13.977442177331314,4375468.0,1.376160962473667,625,2129674.0,1,3179473.0,0.9018302001518289,0.25,0,12273607.0,Male,East
BRW-00465,Company_465,Automotive,25,537088.0,0.16410759234391348,0.18425871366426005,98963.1440045101,10242013.0,3910737.0,2.618946347211191,17094393.0,2702726.0,6.3248685494317405,5486878.0,1.1788701888318311,675,1723192.0,2,4654352.0,0.7468321419454282,0.45,0,19950550.0,Male,East
BRW-00466,Company_466,Construction,13,13031959.0,0.03796409228837134,0.20885235782443312,2721755.3642213414,13884955.0,12838167.0,1.081537100932158,1700416.0,3564639.0,0.4770232057094125,2294227.0,0.972184461164777,711,2082470.0,1,2359867.0,0.696057520927349,0.5,0,247968.0,Male,South
BRW-00467,Company_467,Agriculture,34,11686274.0,0.26969295674332694,0.34057384941260427,3980039.3214704324,30273032.0,4698512.0,6.4431091283561415,373607.0,3110243.0,0.12012144384813539,243017.0,0.040600558878554016,729,2097080.0,1,5985557.0,0.8506395632569097,0.6,0,13450.0,Male,Central
BRW-00468,Company_468,Construction,8,3666903.0,-0.01029499215581886,0.18087541071311442,663252.5861701514,27294912.0,829748.0,32.89538402577165,4280343.0,1328850.0,3.2210857349695337,81230736.0,18.653860691851484,651,26472672.0,1,4354633.0,0.6927001126285066,0.5,0,7704617.0,Male,South
BRW-00469,Company_469,Retail,21,58132539.0,-0.04870163329491713,0.26027870617245913,15130662.03744002,13264034.0,12296610.0,1.078673953335598,26682751.0,4390653.0,6.077170052570756,4270368.0,0.3300855559046792,497,2622077.0,0,12937154.0,0.8859072304435298,0.5,0,7926832.0,Male,South
BRW-00470,Company_470,Construction,34,2892224.0,0.10156906264290153,0.14373075767591087,415701.54688845365,177521.0,7981938.0,0.02224033533706534,666115.0,438589.0,1.5187646777172301,678950.0,0.04220416971850978,782,17839559.0,0,16087272.0,0.8315545081167117,0.5,0,91050.0,Male,Central
BRW-00471,Company_471,Retail,4,3437169.0,-0.18106266868554882,0.278974574401471,958882.7589209296,12800902.0,3909489.0,3.274315064113222,834453.0,5941596.0,0.14044254431931347,11619678.0,1.008094476859947,740,5817733.0,3,11526377.0,0.6892911996200155,0.5,0,126181.0,Male,Central
BRW-00472,Company_472,Agriculture,25,86582114.0,0.009885692936257476,0.03124348143362632,2705126.671243117,16140285.0,14483150.0,1.114418057230778,7887565.0,1134792.0,6.95066412993383,22375140.0,3.1864435937504227,757,831361.0,0,7021978.0,0.7189497681235222,0.6,0,11358094.0,Male,East
BRW-00473,Company_473,Telecom,15,229372311.0,0.03052391350874773,-0.040506744179994336,-9291125.5236511,21886778.0,1149991.0,19.0321132668749,1516157.0,2917971.0,0.5195927171336805,6803200.0,0.9953419425027337,682,3310793.0,3,6835037.0,0.8553167305836307,0.35,1,305805.0,Female,North
BRW-00474,Company_474,Automotive,4,21549321.0,0.11307084811590234,0.43279925659973234,9326530.109029,2117957.0,15394640.0,0.13757755052553677,39790055.0,1300540.0,30.595002387467986,1286045.0,0.33425766465512624,728,33207616.0,3,3847465.0,0.9072527494585734,0.45,0,13167130.0,Female,South
BRW-00475,Company_475,Retail,12,3889946.0,-0.06944081444052987,0.4003564982775893,1557365.1590489154,368386.0,14923948.0,0.024684217293961537,8693738.0,12466130.0,0.6973886284365213,1062972.0,0.2697050343813202,540,14987887.0,0,3941238.0,0.9351343012684653,0.5,0,545662.0,Non-Binary,North
BRW-00476,Company_476,Manufacturing,32,8382601.0,-0.051925070840192725,-0.05346173957356545,-448148.43161110935,29777243.0,33081589.0,0.9001152302534431,1111438.0,3356346.0,0.3311451408331737,272300407.0,15.162306428919681,614,19850971.0,0,17959035.0,0.65672968702825,0.4,0,400118.0,Male,Central
BRW-00477,Company_477,Construction,32,109562193.0,0.25353705360445994,0.17566640088284674,19246396.117141824,1415807.0,2139719.0,0.6616786308488961,1401468.0,4339517.0,0.3229547613352451,1071367.0,0.7005764206988324,795,6970789.0,0,1529264.0,0.923700317651249,0.5,0,147275.0,Male,Central
BRW-00478,Company_478,Construction,28,28764639.0,0.07798078181215219,0.19798996116943704,5695109.758662874,55575572.0,190909320.0,0.2911097881910124,1487103.0,5101649.0,0.2914945164799624,771814.0,0.0941584512325896,702,1597746.0,3,8196969.0,0.9098041967277642,0.5,0,66920.0,Male,South
BRW-00479,Company_479,Manufacturing,13,20757991.0,0.2096955775854441,0.26675658983620665,5537330.891010669,3730386.0,120476187.0,0.030963678897277195,3065188.0,1484834.0,2.0643290331922404,5592052.0,0.8696936660077669,849,38266162.0,3,6429909.0,0.8668012794036333,0.4,0,1981093.0,Female,East
BRW-00480,Company_480,IT Services,31,38631346.0,-0.0012681102075194212,0.388705067586148,15016199.957873868,1903568.0,5792892.0,0.32860403256196863,5161186.0,2805600.0,1.8396008555742602,30485819.0,1.8844575158194985,622,7566424.0,0,16177503.0,0.7940156035160533,0.2,0,8588171.0,Female,South
BRW-00481,Company_481,Energy,14,22828266.0,0.07183235563686868,0.052630769757705864,1201469.211813665,15013089.0,84451387.0,0.177771962729612,4625737.0,2417734.0,1.913252279509541,106936527.0,50.03674362237736,900,13208260.0,0,2137159.0,0.6735745219172264,0.45,0,5841133.0,Male,East
BRW-00482,Company_482,Telecom,20,245441318.0,0.11218016405438203,0.05907818093814626,14500226.594501095,22393116.0,40975568.0,0.5464992078572478,604976.0,4298947.0,0.1407265219304816,6452978.0,0.7171799583249562,900,3847003.0,0,8997710.0,0.8633818859206128,0.35,0,84606.0,Female,West
BRW-00483,Company_483,Financial Services,18,7852049.0,0.3421332361434895,0.17985945885705432,1412265.2840590745,20478109.0,8646713.0,2.3683111295227297,12645518.0,1161562.0,10.886639812046354,6320720.0,0.5047758978437185,648,693787.0,0,12521833.0,0.7597721130740869,0.3,0,8042772.0,Female,East
BRW-00484,Company_484,Retail,29,6609783.0,0.04735727297427781,0.06437063593374345,425475.9350940466,18857393.0,7072866.0,2.6661597058166087,2115662.0,849255.0,2.4911946456663245,1295039.0,0.9790053151961996,663,5911562.0,0,1322810.0,0.9183696172824849,0.5,0,1547962.0,Non-Binary,South
BRW-00485,Company_485,Manufacturing,6,3032263.0,0.055059665941943246,-0.1,-303226.3,3073460.0,7744787.0,0.39684236676329937,813171.0,8187995.0,0.09931257904864634,45461539.0,14.979835570072844,800,41488304.0,0,3034848.0,0.7874211482022163,0.4,0,292742.0,Male,South
BRW-00486,Company_486,Agriculture,32,10745725.0,0.2447229541605107,0.15273119222701312,1641207.3905936205,899537.0,435342072.0,0.002066276282007781,1632188.0,5096447.0,0.3202599143560378,8003728.0,0.9872891454206434,654,10988727.0,0,8106771.0,0.8878263523179422,0.6,0,193373.0,Male,East
BRW-00487,Company_487,Retail,29,4695132.0,0.0230282842272369,0.28290526885880285,1328277.5807875688,4952997.0,74935876.0,0.06609647071989296,14968547.0,724163.0,20.67010649521379,8405743.0,0.565683090955685,678,7502546.0,1,14859455.0,0.8760829543883022,0.5,0,7620709.0,Male,North
BRW-00488,Company_488,Energy,2,33501918.0,0.12269437875091305,0.17754391373536174,5948061.639361163,1593492.0,11486380.0,0.13872881284366242,4349124.0,19436850.0,0.22375661571928498,17024406.0,1.5962532075026237,641,900016.0,0,10665228.0,0.8216100480618747,0.45,0,1145480.0,Male,East
BRW-00489,Company_489,Agriculture,23,24925976.0,0.2316438809628547,0.25488543109797623,6353268.138297809,17001685.0,12740458.0,1.3344640879892946,4957154.0,998794.0,4.9631345771654845,13974628.0,0.8978965787077257,643,32106389.0,0,15563738.0,0.6835283054546999,0.6,0,3204728.0,Non-Binary,West
BRW-00490,Company_490,Healthcare,19,4786867.0,-0.006376280754841077,0.23772074447451022,1137937.5869404653,32978676.0,40505076.0,0.8141862315185823,565247.0,2286077.0,0.24725621785433394,7199901.0,2.3844055744194805,709,24664127.0,3,3019578.0,0.6896047495349178,0.25,0,254361.0,Male,West
BRW-00491,Company_491,Automotive,31,58451566.0,0.13106936697254845,0.05676172495296383,3317811.7123620124,11513663.0,38430928.0,0.29959366842263946,3986203.0,8060000.0,0.49456606767170375,64454453.0,35.5243869504159,678,225622.0,0,1814371.0,0.804759458230138,0.45,0,1315447.0,Female,North
BRW-00492,Company_492,Construction,5,235028961.0,0.34183260652175196,0.18816258532548663,44223656.92812297,8873526.0,4647075.0,1.9094858788623212,14596578.0,7968323.0,1.8318253625229095,801684.0,0.08290697490434276,532,13168961.0,0,9669680.0,0.908465096032657,0.5,0,2406454.0,Male,West
BRW-00493,Company_493,Healthcare,19,41315881.0,0.21819770732572297,-0.003019277884681204,-124744.12578942034,5578057.0,20937374.0,0.2664162532313626,218716.0,850386.0,0.2571958414227875,12199930.0,4.694039228541769,815,2248595.0,0,2599025.0,0.8517579329916187,0.25,0,98422.0,Male,South
BRW-00494,Company_494,Retail,34,532188.0,0.12273996045272174,0.1185707206217755,63101.91466626146,38668037.0,7549167.0,5.122158759746769,1824060.0,3688353.0,0.4945458055273436,16366611.0,4.3757411826732895,827,5063230.0,0,3740305.0,0.7731254782144517,0.5,0,547218.0,Male,North
BRW-00495,Company_495,Energy,10,475889602.0,0.04635180322510501,0.1860543821342319,88541345.86421552,570516.0,17586458.0,0.032440640836225186,8324983.0,1366471.0,6.092318759550141,4786979.0,0.21206375620473053,740,958964.0,1,22573300.0,0.6457058774567068,0.45,0,2472520.0,Male,North
BRW-00496,Company_496,Telecom,25,74059931.0,-0.01064774219122569,0.1798616800454313,13320543.613708718,1455374.0,13830464.0,0.10522957832581913,4144805.0,3280396.0,1.2635071303869623,22402308.0,2.0866813122941767,710,3918234.0,0,10735854.0,0.6111108848153344,0.35,0,4084853.0,Female,North
BRW-00497,Company_497,Automotive,2,454463145.0,-0.06822788848537108,0.025087814782731477,11401487.207337638,137632817.0,49682999.0,2.7702195318318137,709129.0,1705216.0,0.4158585095034825,24025662.0,4.772058218896472,625,627549.0,0,5034653.0,0.7268851727416302,0.45,0,234013.0,Non-Binary,East
BRW-00498,Company_498,Retail,11,124036369.0,0.30644359399485166,0.049320541655333644,6117540.904040835,1352629.0,10618069.0,0.1273893466515101,5941037.0,1222846.0,4.8583649467186,46956000.0,10.620146342522563,663,979836.0,3,4421407.0,0.8272597283259095,0.5,0,10693867.0,Female,East
BRW-00499,Company_499,Manufacturing,31,167379313.0,0.27732065680549994,0.21491515555894747,35972351.090744756,19708395.0,16885756.0,1.1671608800245081,567436.0,624779.0,0.9082172924869554,7516871.0,0.454634670852337,787,7106660.0,1,16533870.0,0.7072912912069674,0.4,0,84347.0,Female,North
BRW-00500,Company_500,Real Estate,15,32864393.0,-0.01856717163108662,0.2792872122363961,9178604.702811329,26834131.0,1538456.0,17.442236604597984,889735.0,8221027.0,0.10822673271517869,6415816.0,0.5840934838570357,747,1050491.0,1,10984227.0,0.8323194524627905,0.55,0,70158.0,Male,West
BRW-00501,Company_501,Retail,9,16298049.0,0.13065304971172081,0.15516390078121234,2528868.857963337,494164.0,21603881.0,0.022873852023446526,1041490.0,812169.0,1.2823546794390337,19951038.0,7.563606048750307,736,6220540.0,0,2637767.0,0.7310842913041877,0.5,0,801336.0,Female,South
BRW-00502,Company_502,Automotive,23,42296791.0,0.09669897477594663,0.1491567984896135,6308853.931944298,659049.0,5756118.0,0.11449537440070297,33101271.0,11548243.0,2.8663466930556716,6607891.0,5.215309490472905,739,3853837.0,0,1267017.0,0.8646816999065132,0.45,0,62620614.0,Male,South
BRW-00503,Company_503,Construction,19,8342074.0,0.25766231919861105,0.29175312000035064,2433826.116773805,59237865.0,2372460.0,24.968952071288,267115.0,1393652.0,0.19166535715848923,907078.0,0.01554807993953534,784,116447630.0,0,58340193.0,0.8565539545690177,0.5,0,12020.0,Non-Binary,East
BRW-00504,Company_504,Construction,9,46307814.0,0.13742017974520254,0.0873520663167283,4045083.239510719,2064884.0,56793763.0,0.03635758320226847,298390.0,3546893.0,0.08412712643794824,32398901.0,12.380390859140382,772,1238985.0,2,2616952.0,0.9236710438356069,0.5,0,89517.0,Female,Central
BRW-00505,Company_505,Retail,35,469686.0,0.07657718589044776,0.38724354793249405,181882.8730542214,2151235.0,13934478.0,0.1543821624044932,5000171.0,12573479.0,0.39767598151028993,567260.0,0.037661250048631786,755,1974195.0,1,15062165.0,0.8029505967253887,0.5,0,225008.0,Male,North
BRW-00506,Company_506,Agriculture,21,25761672.0,-0.0012528403443520797,0.018567275442030157,478324.0598712359,4068097.0,1211548.0,3.3577651419794,3825518.0,1182675.0,3.2346289262655197,16232328.0,0.4032584572634915,672,1116009.0,0,40252913.0,0.7336389179665163,0.6,1,1110724.0,Male,Central
BRW-00507,Company_507,Real Estate,9,181545012.0,0.13113017676887406,0.30581955977865527,55520015.64985069,2072522.0,5720986.0,0.36226651100588064,1615410.0,3492807.0,0.4624960776544259,400306151.0,38.86688234234663,834,27912653.0,0,10299414.0,0.6739217696662826,0.55,0,436161.0,Non-Binary,South
BRW-00508,Company_508,Manufacturing,28,27825485.0,0.027772614355606955,0.24470014129836687,6808900.111195588,19567910.0,14738919.0,1.3276352677129668,3337517.0,3587048.0,0.9304352965348397,19772885.0,4.056248490924417,661,3835112.0,1,4874672.0,0.6663780093068072,0.4,0,2235847.0,Male,East
BRW-00509,Company_509,Retail,7,322374383.0,0.1131027417694762,0.46921446268742295,151262722.9035345,1508979.0,15274556.0,0.09879036099050205,662112.0,891010.0,0.7431019370131233,3137199.0,1.4694519062551963,630,2566175.0,0,2134944.0,0.6026444426724926,0.5,0,216898.0,Male,East
BRW-00510,Company_510,Agriculture,16,16262655.0,0.06860433808125291,0.04545968155414706,739295.1175249575,465729.0,8046222.0,0.057881691819876235,3753465.0,2588815.0,1.4498770866681912,4515172.0,2.144623327768133,654,10380596.0,1,2105344.0,0.9192854959570633,0.6,0,2612190.0,Male,East
BRW-00511,Company_511,Construction,16,108686307.0,0.024126218019477966,-0.1,-10868630.700000001,50351289.0,258240.0,194.97790436065534,4476644.0,4846387.0,0.923707305316867,15493570.0,1.196308713042945,604,886256.0,2,12951146.0,0.7774021310439598,0.5,0,1484060.0,Female,East
BRW-00512,Company_512,Construction,33,6469406.0,-0.06591111604477289,0.32993356407544694,2134474.179031081,1624375.0,7554889.0,0.21500974865285927,20217319.0,15265990.0,1.3243371491572344,8605760.0,0.22694807430401726,746,436591.0,2,37919510.0,0.7675188986091552,0.5,0,2409709.0,Male,East
BRW-00513,Company_513,Energy,4,102250366.0,0.15712928791209518,0.003439979121625858,351739.1242186025,2876175.0,52970196.0,0.05429798571449527,57134589.0,1205156.0,47.40841981584142,27629063.0,4.617427091729478,698,5013895.0,0,5983648.0,0.6684133007677378,0.45,0,113126486.0,Female,North
BRW-00514,Company_514,Retail,4,34239564.0,0.08638555120685494,0.25389317905657055,8693191.753470907,30854307.0,78835452.0,0.3913760348405685,2188170.0,3002787.0,0.728712782920406,78227005.0,15.345859039072725,790,4169010.0,1,5097596.0,0.8567745195439035,0.5,0,956728.0,Non-Binary,Central
BRW-00515,Company_515,Real Estate,39,17372069.0,0.3481131283199641,0.32185812967527083,5591341.636929752,9873509.0,7067454.0,1.3970388209051208,484092.0,1702346.0,0.2843674057051823,63822614.0,3.5756143675769265,504,1083043.0,0,17849411.0,0.9257196880211865,0.55,0,130705.0,Non-Binary,South
BRW-00516,Company_516,IT Services,17,508478.0,-0.07485172575664133,0.22557129176613028,114698.03929465839,47134317.0,140399281.0,0.3357162253863948,5823789.0,2500581.0,2.3289734149889907,1569516.0,0.3507172144197717,716,5572843.0,0,4475160.0,0.8401844164060531,0.2,0,2283329.0,Male,South
BRW-00517,Company_517,Real Estate,37,16492806.0,0.17379472883494868,0.20786170638026322,3428222.7981586433,31569852.0,2104496.0,15.001138989506757,2674545.0,974664.0,2.7440659098254274,9101940.0,0.778423284776345,679,52419714.0,1,11692789.0,0.6056252598275087,0.55,0,1542496.0,Female,East
BRW-00518,Company_518,Construction,39,33270429.0,0.06760302979600387,0.22811280417683336,7589410.855356238,4501198.0,5542533.0,0.8121191498329103,2502675.0,1618726.0,1.546076021466251,18609867.0,2.0085255557832835,672,6397805.0,3,9265436.0,0.6351955807613947,0.5,0,2321595.0,Male,East
BRW-00519,Company_519,Construction,29,83726338.0,0.3949637597489837,0.2804906272045613,23484453.059161093,41155981.0,42703667.0,0.9637575160990854,291673.0,12260022.0,0.02379057527053579,86479228.0,14.656482738142854,616,167158.0,0,5900407.0,0.811663563668672,0.5,0,87502.0,Female,East
BRW-00520,Company_520,Healthcare,36,251115788.0,0.16234578755922005,0.25044821817156215,62891501.65934775,11428945.0,35352025.0,0.3232896751094265,3790177.0,2310361.0,1.6405121794766362,15229756.0,1.7407215938087381,703,27389240.0,0,8749104.0,0.6433048004392288,0.25,0,4870581.0,Female,West
BRW-00521,Company_521,Construction,38,511341924.0,0.12870328724526267,0.03400994318506134,17390709.783379953,3621570.0,14482580.0,0.2500638525688204,6164321.0,2172364.0,2.8376083208853022,3186551.0,0.06150096309758091,638,64620104.0,3,51813025.0,0.9385359305591694,0.5,0,1574274.0,Female,South
BRW-00522,Company_522,Manufacturing,39,156630645.0,0.06798463475392703,0.398999966621902,62495622.12696698,13736986.0,3824924.0,3.591439309267502,14506497.0,712919.0,20.34800117825282,17065409.0,1.0492032886093867,821,7229641.0,3,16265111.0,0.8400285728875299,0.4,0,16437886.0,Female,East
BRW-00523,Company_523,Financial Services,37,10395302.0,-0.02546815819984291,0.18613296418522823,1934908.3748606315,1246445.0,3812678.0,0.3269210442316282,1531519.0,7342530.0,0.2085818909038314,136103761.0,5.136784372016402,750,4226901.0,1,26495906.0,0.6956158532043595,0.3,0,643238.0,Female,Central
BRW-00524,Company_524,Retail,35,15291289.0,0.12670891889613956,0.24220099037754053,3703565.3399491915,31039513.0,6132908.0,5.061140316936058,947826.0,5478560.0,0.17300637886481504,6085368.0,1.7161644169398451,778,320870.0,0,3545911.0,0.8724917121441064,0.5,0,243994.0,Male,West
BRW-00525,Company_525,Real Estate,7,73175645.0,-0.12734539137051426,0.2653186821032235,19414865.693453338,25550774.0,4016777.0,6.3610122341837165,1513292.0,2309899.0,0.655133122646002,3103359.0,0.11672429991011425,560,892402.0,0,26587085.0,0.8805631669794427,0.55,0,80304.0,Female,North
BRW-00526,Company_526,Financial Services,27,52662895.0,-0.12044261328774562,0.31871133622575426,16784261.634966593,10644327.0,17138600.0,0.6210732719665976,13263400.0,19410963.0,0.6832942454583915,8463663.0,0.502717001349502,770,2062840.0,2,16835839.0,0.6483673589124693,0.3,0,1913531.0,Male,West
BRW-00527,Company_527,Agriculture,28,277829713.0,0.23186576552442428,0.3062528186969563,85086132.7240164,500114.0,13115157.0,0.03813251811377339,26144839.0,1046422.0,24.984962104235095,3347375.0,1.687558386155001,763,1086355.0,2,1983560.0,0.7344161136231396,0.6,0,31767078.0,Male,West
BRW-00528,Company_528,IT Services,22,995827022.0,-0.18431862085660977,0.19580841917369907,194991314.94827244,50204096.0,3635895.0,13.807902096209572,17566170.0,567638.0,30.946023793291157,30721786.0,2.0151463024641405,667,1522538.0,1,15245436.0,0.6038420485907874,0.2,0,50590570.0,Male,West
BRW-00529,Company_529,Manufacturing,14,724339159.0,0.032063966256374414,0.18809597815017484,136245282.62458003,17117965.0,9569969.0,1.7887166835423727,8636717.0,1769291.0,4.881453711428074,3384142.0,0.6362808911845516,685,3934356.0,2,5318628.0,0.902865613302298,0.4,0,5935008.0,Non-Binary,Central
BRW-00530,Company_530,Automotive,7,227101429.0,-0.07736897368884378,0.22903331795626758,52013793.796479724,8585304.0,609672.0,14.081817630106631,3114967.0,717361.0,4.342252586560202,61762037.0,32.609466993243366,621,1170787.0,0,1893990.0,0.8253550574683987,0.45,0,6167635.0,Male,South
BRW-00531,Company_531,Pharmaceuticals,37,53321702.0,0.019629396141550542,0.312007320714416,16636761.376952518,6776696.0,22011257.0,0.3078740887958335,3935712.0,2646630.0,1.4870648760631913,18679355.0,1.8462445269264987,675,31934169.0,0,10117486.0,0.8410753198687104,0.2,0,5186611.0,Female,East
BRW-00532,Company_532,Real Estate,22,182815425.0,0.10768179535090192,0.0464853978200539,8498247.758767227,3972560.0,34624453.0,0.11473278394512734,4897876.0,2164791.0,2.262515752090732,25279305.0,1.6593965420192351,745,3655189.0,0,15234034.0,0.6419537167983815,0.55,0,4964932.0,Female,Central
BRW-00533,Company_533,Financial Services,5,291969972.0,0.22768329364462586,0.25729145066903514,75121377.64767757,5300405.0,4905305.0,1.0805452300019611,2239636.0,7908736.0,0.28318503953286095,24990504.0,2.416688683007627,646,6967775.0,0,10340803.0,0.8606462179849463,0.3,0,940647.0,Female,Central
BRW-00534,Company_534,Automotive,2,19366385.0,0.26264503845990816,0.07364128740048023,1426165.5236933494,28171603.0,5702121.0,4.940547220841645,12407001.0,1147548.0,10.811739629418874,31890045.0,4.002595219334126,702,7017732.0,0,7967341.0,0.8262886508140405,0.45,0,24565862.0,Female,East
BRW-00535,Company_535,IT Services,27,10864472.0,-0.05784298287382332,0.4021456230001764,4369099.861007973,4093500.0,19964505.0,0.20503888250478122,273990.0,2953271.0,0.09277506440314336,5586931.0,0.875050158989509,900,5803493.0,0,6384697.0,0.9000081435136004,0.2,0,57541.0,Male,West
BRW-00536,Company_536,Healthcare,21,7639697.0,0.010105709505985327,0.22407770015813727,1711885.733665021,5888706.0,16643318.0,0.35381800949678366,361644.0,2476313.0,0.1460412532497898,2049078.0,0.01957136932468251,621,3510186.0,1,104697732.0,0.6786096560727846,0.25,0,24411.0,Female,North
BRW-00537,Company_537,Automotive,38,6487728.0,0.6878825183317934,0.13007669104189581,843902.1906198567,7338244.0,37048634.0,0.19807056319348879,273267.0,5384532.0,0.05075036219482729,4350328.0,1.59732580088834,726,14639081.0,3,2723506.0,0.8668038506144015,0.45,0,72022.0,Female,West
BRW-00538,Company_538,Manufacturing,15,3038903.0,0.04249779710969567,0.23144599220026751,703341.9200353696,7646083.0,5768856.0,1.3254069220297886,981378.0,510681.0,1.9217007844411982,35659661.0,1.6763329065209407,617,20050475.0,0,21272421.0,0.9260879047187232,0.4,0,1138112.0,Female,West
BRW-00539,Company_539,Manufacturing,21,35140068.0,-0.0523316193993857,0.18110419892237437,6364013.865217762,3517574.0,6631431.0,0.5304395792643278,24625353.0,675134.0,36.47470950254394,627989.0,0.06958925221714354,581,148028.0,2,9024223.0,0.7977119435581861,0.4,0,7978614.0,Male,South
BRW-00540,Company_540,Healthcare,10,5391697.0,-0.027370114411215812,0.16077756452010866,866863.9122903763,6883934.0,11241938.0,0.6123440093386026,549391.0,989835.0,0.5550323487931335,442679.0,0.11707581673314149,763,378617.0,0,3781130.0,0.8129896566134629,0.25,0,41166.0,Male,West
BRW-00541,Company_541,Pharmaceuticals,23,7457395.0,0.04337901255360044,-0.03710703076893007,-276721.78572106524,14871704.0,4076109.0,3.6485040884568867,580584.0,539705.0,1.0757412368956432,12445248.0,1.4699793557354746,667,1448160.0,0,8466273.0,0.8878367784931186,0.2,0,440682.0,Non-Binary,North
BRW-00542,Company_542,Retail,39,69156550.0,0.02108939558173111,0.05709683961867418,3948620.4439308215,2287095.0,10951918.0,0.2088305254996864,947848.0,4134164.0,0.22927193278449215,31527256.0,14.286218693782484,827,613315.0,0,2206829.0,0.9032408540363945,0.5,0,284354.0,Male,Central
BRW-00543,Company_543,Automotive,5,31718593.0,0.04484448152076955,0.16314562806209829,5174749.776231075,6931897.0,4156867.0,1.6675768872141237,17214635.0,4181885.0,4.116476393665442,38647243.0,7.88905362162992,745,1085341.0,2,4898843.0,0.6362049753158587,0.45,0,34084977.0,Male,West
BRW-00544,Company_544,Healthcare,1,46013133.0,0.0767860169410154,-0.022602496761648355,-1040011.6896257951,160929399.0,24181157.0,6.65515683740208,28146450.0,7351953.0,3.8284311898578256,2134632.0,0.2517645427049764,637,1657392.0,0,8478683.0,0.9262544297070693,0.25,0,11399312.0,Male,Central
BRW-00545,Company_545,Manufacturing,13,187206556.0,0.07573882065602534,0.10953884431708551,20506389.79282175,8083080.0,4768932.0,1.6949451795611303,14985355.0,1664642.0,9.002143402519339,1514593.0,0.8039437268638194,629,2223600.0,0,1883953.0,0.915241165156288,0.4,0,13011173.0,Male,South
BRW-00546,Company_546,Manufacturing,21,88348066.0,-0.06332297459067908,0.12001502846555695,10603095.655866904,2200875.0,19845172.0,0.11090228339153305,16445523.0,1138393.0,14.446248838275675,3175003.0,0.21533432606320121,757,349156.0,0,14744527.0,0.864233451601558,0.4,0,5328349.0,Male,North
BRW-00547,Company_547,Financial Services,26,235761173.0,0.13539965317341965,0.08646688479144819,20385534.184087686,1846647.0,84135528.0,0.02194848029065105,38952487.0,636287.0,61.2183272354657,4929765.0,1.454355116166621,615,1756168.0,1,3389656.0,0.6165062836202242,0.3,0,71379943.0,Female,East
BRW-00548,Company_548,Construction,21,27233673.0,0.09815704248210261,0.2726825776397569,7426148.152238251,1332020.0,24492292.0,0.05438527131779781,220853.0,9476014.0,0.0233065270580513,5373816.0,2.582529889457785,613,27618983.0,0,2080833.0,0.9201155126680507,0.5,0,66256.0,Non-Binary,East
BRW-00549,Company_549,Pharmaceuticals,18,271015314.0,0.1544872505824889,0.0743796817682234,20158032.80963514,102019532.0,18093499.0,5.638463094481444,520564.0,1518607.0,0.34279023948247345,10657421.0,3.5331309524125256,562,2242059.0,0,3016423.0,0.6643948106399913,0.2,1,249871.0,Male,South
BRW-00550,Company_550,Automotive,37,41433701.0,-0.17716810805877353,0.19060905744918766,7897638.694241464,40306914.0,2852288.0,14.13142707488617,1142692.0,829848.0,1.376987861647119,73180363.0,0.9347123043113883,749,7944317.0,1,78291857.0,0.6377817463384106,0.45,0,485346.0,Male,North
BRW-00551,Company_551,Automotive,32,31110607.0,0.10352663655372173,0.13762032492113102,4281451.843833613,1284092.0,77581646.0,0.01655149187539161,3819356.0,4879285.0,0.782769446185364,8112455.0,6.5993710123918365,635,2955095.0,0,1229276.0,0.8177462904921902,0.45,0,1973186.0,Female,Central
BRW-00552,Company_552,IT Services,36,216324317.0,-0.21783944738530242,0.16574432842414383,35854528.6429766,12244157.0,55888761.0,0.21908084133264574,3800838.0,1319733.0,2.8800030915320813,36269029.0,2.638872010989992,728,3883804.0,0,13744140.0,0.8471369600588552,0.2,0,10508568.0,Male,South
BRW-00553,Company_553,Healthcare,17,6529034.0,0.053664365828512944,0.37276809031813574,2433815.535802179,55798307.0,12144485.0,4.594538377334372,3890830.0,551082.0,7.060333924290896,23723840.0,5.66114960960617,595,2748980.0,3,4190639.0,0.7129177951099072,0.25,0,10505241.0,Non-Binary,West
BRW-00554,Company_554,IT Services,35,502648085.0,0.17869044391296138,0.20156236221998095,101314935.37794977,8362750.0,9240066.0,0.9050529611960606,11425164.0,700227.0,16.316348389381744,3062154.0,0.48907330699625545,568,9963994.0,0,6261134.0,0.7040778897864219,0.2,0,8046350.0,Male,Central
BRW-00555,Company_555,Healthcare,11,15821020.0,0.23686687274035478,0.22476394698315458,3555994.900499428,4250635.0,5516333.0,0.7705543210400241,184099.0,2210274.0,0.08329235049937225,23315804.0,1.4343488591398645,757,954243.0,2,16255322.0,0.6770079930115456,0.25,0,59414.0,Male,West
BRW-00556,Company_556,Agriculture,21,3885795.0,0.13016900961455075,0.08814994953443185,342532.63315114763,256169392.0,125429240.0,2.042341881029161,2648495.0,547558.0,4.836912551889386,21032629.0,1.3590239899459011,687,4225184.0,3,15476274.0,0.659301626534876,0.6,0,2591545.0,Female,West
BRW-00557,Company_557,Manufacturing,26,64376095.0,0.18130861029394835,0.2551379612754765,16424785.633176396,509907.0,37533990.0,0.013585206007003092,4869071.0,1789228.0,2.721323542151396,8878780.0,1.973623169785368,645,1375786.0,1,4498720.0,0.856061590395681,0.4,0,9414408.0,Female,Central
BRW-00558,Company_558,Construction,4,13715234.0,0.03514925568763109,0.2500763888217401,3429856.1905651498,460982740.0,5896743.0,78.17581024375485,2006176.0,702401.0,2.8561649881406943,11533291.0,5.045879462830618,661,8933357.0,0,2285684.0,0.7095634393396728,0.5,0,3437982.0,Female,West
BRW-00559,Company_559,Financial Services,34,504314499.0,0.00362483451125567,0.23851304004464535,120285584.29508226,9722942.0,54795771.0,0.1774396389560859,4341388.0,637183.0,6.81339769987947,8148012.0,0.49220670839060787,661,620359.0,0,16554044.0,0.9027829965003635,0.3,0,2692444.0,Male,East
BRW-00560,Company_560,Construction,18,12618175.0,0.48391372437855895,0.034898781854081795,440358.93672162853,61567531.0,73073651.0,0.842540769688095,15147055.0,1104012.0,13.719996956557576,1727106.0,0.11186980423532386,862,8673888.0,1,15438535.0,0.7712440339595462,0.5,0,4089705.0,Male,Central
BRW-00561,Company_561,Construction,35,38712511.0,0.2040740467797816,0.10977033384382877,4249485.256402894,1467514.0,14282484.0,0.10274920645811986,3588816.0,2400381.0,1.495102029593623,308895493.0,46.223247175874015,721,4469705.0,2,6682686.0,0.735489579220592,0.5,0,3219388.0,Non-Binary,South
BRW-00562,Company_562,Construction,29,2846526.0,-0.09594757771980901,0.35202960762819496,1002061.4308834553,2992511.0,9691727.0,0.30876960228351436,80734569.0,2909221.0,27.75125755270653,43282237.0,3.1308621151482856,711,490382.0,2,13824382.0,0.8933938221632082,0.5,0,145322224.0,Female,East
BRW-00563,Company_563,IT Services,29,81765943.0,-0.18019958822994858,0.09747066411752768,7969780.766405914,1758664.0,4449489.0,0.3952506916523017,13610211.0,6011539.0,2.2640140463175826,19595564.0,3.44403260971771,639,44865506.0,3,5689714.0,0.9232227110981607,0.2,0,29581161.0,Male,South
BRW-00564,Company_564,Healthcare,38,7526306.0,0.010239582640463665,0.36839856309055563,2772680.3157798275,7636525.0,34240313.0,0.22302730635005275,4872851.0,774779.0,6.289335037042774,4838557.0,1.2450359328293208,762,7547744.0,3,3886278.0,0.8818387998033325,0.25,0,8190281.0,Female,North
BRW-00565,Company_565,Telecom,21,68338717.0,0.25878027594629976,0.11443241075395116,7820164.134142025,14098644.0,8775805.0,1.6065355136610815,6959340.0,10530757.0,0.660858411141914,7743072.0,0.8679221511446086,607,641455.0,0,8921389.0,0.8027939382516716,0.35,0,1556761.0,Female,South
BRW-00566,Company_566,Agriculture,13,12704695.0,0.08731087310431518,0.19778593848633869,2512810.0237576948,44022129.0,8350995.0,5.271482467480526,9968867.0,51916214.0,0.19201837036848698,1532941.0,0.10265985652247346,741,4135502.0,1,14932233.0,0.6392556577646189,0.6,0,358879.0,Female,Central
BRW-00567,Company_567,Real Estate,17,1120850.0,-0.2536029733541928,0.15753969188910433,176578.36365390258,682022.0,14449425.0,0.047200629284512755,40961080.0,1197881.0,34.194586778998264,17982477.0,1.4853612536175913,741,279570.0,0,12106466.0,0.7638299514128455,0.55,0,49282021.0,Male,South
BRW-00568,Company_568,Construction,9,29408230.0,0.053405986521513835,0.07862336613820034,2312174.034766407,11243783.0,5489738.0,2.0481452761233276,19028218.0,237847.0,80.00158925027749,14713501.0,0.9951252494238135,781,249780.0,0,14785576.0,0.6880274878931033,0.5,0,17041914.0,Female,North
BRW-00569,Company_569,Retail,1,27498521.0,0.07963976746271727,0.08035092245163798,2209531.5284057385,34016740.0,91706880.0,0.37092898187214546,7069559.0,245268.0,28.823695615834044,6518564.0,1.569478192448858,542,19665427.0,1,4153331.0,0.8890494150979937,0.5,0,9985967.0,Male,West
BRW-00570,Company_570,IT Services,2,90567624.0,-0.28235010691982204,0.09549083922123178,8648378.422032973,45049793.0,46804698.0,0.9625057731917045,1095827.0,1092330.0,1.0032004950880273,9293940.0,0.21502348777752242,790,540290.0,0,43222905.0,0.912907630680671,0.2,0,158304.0,Female,Central
BRW-00571,Company_571,Pharmaceuticals,29,249258447.0,0.08362492280752852,0.19776771377394897,49295273.20203503,4589222.0,16060426.0,0.2857471971324299,6091418.0,862042.0,7.066257715682396,5678602.0,0.8999611716955924,728,10649329.0,3,6309829.0,0.8661339248287161,0.2,0,7894137.0,Male,East
BRW-00572,Company_572,Financial Services,33,425431334.0,-0.07200520113869861,0.28685010287943247,122035021.9260342,4675683.0,5275078.0,0.8863721282657567,7790397.0,1995024.0,3.9049119685216978,4234599.0,0.5367164670952778,639,18828538.0,1,7889824.0,0.8401418555233744,0.3,0,5268355.0,Female,East
BRW-00573,Company_573,Real Estate,10,88298292.0,-0.19533196161824729,0.1899787983256795,16774803.408369958,7740394.0,5628143.0,1.3753013426806422,10498883.0,3648922.0,2.877255288752325,2772941.0,1.166577618397737,527,747104.0,0,2376987.0,0.7581642934122301,0.55,0,9514783.0,Male,South
BRW-00574,Company_574,Telecom,21,36686844.0,0.3206761370248102,0.17599461161453406,6456686.8611429995,11746655.0,5338042.0,2.200554585266548,1087238.0,423668.0,2.566243930993299,1921802.0,0.26253494451499526,667,74028772.0,0,7320175.0,0.6415648378724457,0.35,0,326444.0,Male,East
BRW-00575,Company_575,Retail,28,2839106.0,-0.07864033011773917,0.3252453666410756,923406.0719028777,62701549.0,3345622.0,18.741367153441974,9890717.0,1613912.0,6.128407789019606,3100718.0,0.2049286213836987,714,3756813.0,0,15130721.0,0.800867584127922,0.5,0,2670494.0,Male,North
BRW-00576,Company_576,Telecom,11,32704767.0,-0.020092710318442175,0.1849605812359576,6049092.713506565,1446788.0,21578827.0,0.0670466440531432,10861859.0,1080382.0,10.053711507863415,3479179.0,0.18264630218801006,578,3514953.0,0,19048723.0,0.7684206342542604,0.35,0,3812513.0,Male,East
BRW-00577,Company_577,Real Estate,34,33344729.0,-0.022087432910001717,0.11485636738663835,3829854.444431894,2732205.0,6777201.0,0.40314646073704163,532427.0,22808895.0,0.02334295355636678,45526227.0,1.0745031556970817,631,731371.0,1,42369560.0,0.9483852624052778,0.55,0,77233.0,Male,South
BRW-00578,Company_578,Construction,8,17930964.0,0.08033581263864538,0.06027107056358405,1080718.3965170854,1206076.0,6328277.0,0.19058517972819777,539206.0,377793.0,1.4272487122611794,3513197.0,0.23499337399991277,598,751474.0,1,14950195.0,0.9383407779880497,0.5,0,69262.0,Male,East
BRW-00579,Company_579,Retail,22,62423444.0,0.3449465910583811,0.3324536740390341,20752903.303969897,16879849.0,5516619.0,3.0598172431670116,17487957.0,797643.0,21.924513943563795,420344.0,0.035861728646162244,665,121670.0,0,11721241.0,0.9206807800253584,0.5,0,4721748.0,Non-Binary,West
BRW-00580,Company_580,Telecom,8,129975765.0,-0.09942803053538975,0.14047229878052367,18257994.495307133,46364855.0,48851435.0,0.9490991216716741,906412.0,2064169.0,0.43911693319833156,13763601.0,2.4201584789063464,612,1019394.0,0,5687065.0,0.7053520700823399,0.35,0,353501.0,Female,West
BRW-00581,Company_581,Financial Services,15,7077237.0,0.033979472832710765,0.1105711446751358,782538.1962272241,1054471.0,5895563.0,0.17885837555151637,32821781.0,804105.0,40.81772925460076,22644169.0,4.938951490496995,873,18800495.0,1,4584812.0,0.779833020929829,0.3,0,82710888.0,Female,East
BRW-00582,Company_582,Healthcare,17,6913755.0,0.09812928185395972,0.10019481317127284,692722.3905369535,10150718.0,67177799.0,0.15110226890431064,2151322.0,7723194.0,0.27855337072286795,38001964.0,1.6207675788856117,769,709751.0,0,23446892.0,0.8824635805138497,0.25,0,784528.0,Male,Central
BRW-00583,Company_583,Manufacturing,23,19600428.0,-0.05031876207392581,0.3257028666585274,6383915.587334067,41595596.0,10373525.0,4.009783751445748,5822876.0,583121.0,9.985690815987049,11401395.0,0.4956803051486752,611,808662.0,1,23001508.0,0.7425901964585633,0.4,0,3117188.0,Male,East
BRW-00584,Company_584,Healthcare,24,9598873.0,0.031567039313209054,0.11124312080781301,1067808.5887578544,28826919.0,3288372.0,8.766316655683525,5413705.0,660625.0,8.194810679567562,1606931.0,0.5309162117452166,623,474804.0,0,3026712.0,0.7593857468633374,0.25,0,3880202.0,Male,West
BRW-00585,Company_585,Real Estate,19,2059802.0,0.1691749710124336,0.29885553092101125,615583.2203021608,28321472.0,25728795.0,1.1007694258215581,1119391.0,8565212.0,0.13069038680065517,2680746.0,0.14638864423244263,581,424261.0,1,18312526.0,0.9189202443665014,0.55,0,45335.0,Female,West
BRW-00586,Company_586,IT Services,5,5417315.0,-0.03335574800597389,0.1523510507508637,825333.6324984152,1491342.0,42487965.0,0.035100338764157364,26315916.0,474924.0,55.41067747539085,21861687.0,1.2838488132743717,687,12377156.0,0,17028240.0,0.7258555295489988,0.2,0,48651347.0,Male,North
BRW-00587,Company_587,Manufacturing,32,3803827.0,0.029203623690473086,0.03499436027676919,133112.49246850214,28180805.0,5232292.0,5.385937867011652,2154429.0,5397828.0,0.3991287978926342,79285012.0,27.176925753205374,842,528460.0,0,2917364.0,0.6814957945793214,0.4,1,775594.0,Female,South
BRW-00588,Company_588,Agriculture,1,147993034.0,0.015296910962107127,0.14010099674161192,20733971.574215263,6723448.0,15805817.0,0.4253780475012429,3570382.0,1151892.0,3.099577825370933,1600233.0,0.10489482711097142,795,2682839.0,0,15255594.0,0.8497059573018161,0.6,0,771203.0,Male,North
BRW-00589,Company_589,Financial Services,23,310669595.0,0.06442899782984941,0.17606482386624714,54697987.524273336,44244548.0,21469747.0,2.060785622635161,167168.0,944104.0,0.1770650510271633,12211353.0,3.925221721525286,715,1918521.0,1,3110996.0,0.7093788983019923,0.3,0,70211.0,Non-Binary,Central
BRW-00590,Company_590,Agriculture,37,4670842.0,0.11647275719348633,0.16617950486743804,776198.2108740341,17430809.0,16432319.0,1.0607637266070769,440389.0,1077967.0,0.4085362459739065,3865453.0,4.937610731945344,676,13727700.0,0,782858.0,0.8800981690469256,0.6,0,105693.0,Male,South
BRW-00591,Company_591,Retail,8,54795042.0,0.1679841152160318,0.16320195565486378,8942658.0145904,2614933.0,8454648.0,0.3092893625743659,17728661.0,516765.0,34.30694163315698,2581535.0,0.3409556322557749,744,932440.0,0,7571468.0,0.6851449152008893,0.5,0,5440218.0,Male,East
BRW-00592,Company_592,Automotive,13,89547040.0,0.37063314529435065,0.1413666068193817,12658961.195519447,13500239.0,42200576.0,0.3199065027001882,3242002.0,5888297.0,0.5505838868888769,9365050.0,0.814387015514055,722,1712727.0,0,11499507.0,0.6308790408070479,0.45,0,479713.0,Female,East
BRW-00593,Company_593,Manufacturing,8,2575610.0,-0.31877146477813173,0.08579880483568451,220984.2597228374,30333828.0,10838983.0,2.798585919123047,1358172.0,2334435.0,0.5817987728085071,7271908.0,0.9181449298491532,734,634990.0,1,7920217.0,0.7953465066694235,0.4,0,261181.0,Non-Binary,Central
BRW-00594,Company_594,Agriculture,23,30752087.0,0.05489129911918375,0.18128850765290322,5574999.959442246,4157622.0,7082830.0,0.5870000286608561,1391315.0,5775616.0,0.24089460918201466,426364.0,0.0027283503898533346,715,1251241.0,0,156271716.0,0.8643822726259338,0.6,0,50087.0,Female,West
BRW-00595,Company_595,Agriculture,1,1080051161.0,-0.12466541083632891,0.24491381048735106,264519445.36179748,10779999.0,1761895.0,6.118408237489613,7443714.0,8134441.0,0.9150860009819973,12023678.0,0.9263872971210264,735,845730.0,1,12979104.0,0.810288154230805,0.6,0,1514452.0,Male,East
BRW-00596,Company_596,Telecom,24,66700319.0,0.02219449990236435,0.004488508728034524,299384.96399418695,1196709.0,1781721.0,0.6716586538191704,21650879.0,3795142.0,5.7048914889373075,14536068.0,1.411992281093166,586,2631161.0,2,10294721.0,0.8624728845704991,0.35,0,35767923.0,Female,North
BRW-00597,Company_597,Healthcare,35,16718880.0,0.21213009960411167,0.33588746616626475,5615662.24033784,20247622.0,18983574.0,1.0665863516223895,1407609.0,346857.0,4.058170778820151,27261407.0,1.9964912342373398,690,36081514.0,1,13654658.0,0.9495662184817686,0.25,0,3793877.0,Non-Binary,West
BRW-00598,Company_598,Telecom,24,10425030.0,0.2596688783213567,-0.1,-1042503.0,8166937.0,13356852.0,0.6114417071146924,16916376.0,619617.0,27.30129854200491,3763808.0,0.658533837138584,718,2408979.0,0,5715435.0,0.7223401858684442,0.35,0,13033807.0,Male,East
BRW-00599,Company_599,Manufacturing,17,1162761.0,0.26670718652276126,0.18902982897196188,219796.51296526738,35009485.0,42496574.0,0.8238189783529614,2571208.0,5504611.0,0.46710067848560444,820978.0,0.03647137742001404,665,19041089.0,0,22510199.0,0.935115675313231,0.4,0,138845.0,Male,West
BRW-00600,Company_600,Manufacturing,5,48920666.0,0.26529387722756353,0.23593043225681098,11541873.875671076,19410024.0,56873565.0,0.34128375210374534,6927256.0,2119318.0,3.268623553131926,4723382.0,0.3704760942632067,600,13490730.0,0,12749491.0,0.8763632409239691,0.4,0,2771693.0,Female,South
BRW-00601,Company_601,Real Estate,20,448637236.0,0.053909739256935776,0.10759766281259711,48272318.04430355,4824609.0,10917480.0,0.44191595112462295,228078.0,4327304.0,0.05270670775459553,25620138.0,2.10374148654401,700,3066642.0,1,12178367.0,0.6971426553545625,0.55,0,61581.0,Female,East
BRW-00602,Company_602,Telecom,21,7129020.0,0.28977954120607446,-0.07510017251646972,-535390.6318733629,2496616.0,45735249.0,0.054588441082097504,294927.0,1782069.0,0.16549686600414126,7930299.0,1.6658262228551983,900,13829441.0,0,4760579.0,0.7169962451294758,0.35,1,95803.0,Female,East
BRW-00603,Company_603,Energy,31,1324603.0,0.3195274691908764,0.16839310798895427,223054.01602149277,1768071.0,7465363.0,0.2368365427325446,11185497.0,1183950.0,9.447601294310322,31767715.0,17.08653605669029,634,4620474.0,2,1859224.0,0.9243348807838421,0.45,0,22147284.0,Non-Binary,West
BRW-00604,Company_604,Pharmaceuticals,36,8918727.0,0.10082006818122653,0.20036351095241203,1786987.454946073,4151030.0,12238927.0,0.3391661426556313,4937721.0,4333926.0,1.1393179903583979,1262551.0,0.2345775007181033,688,383358.0,0,5382233.0,0.718980840622323,0.2,0,810091.0,Male,South
BRW-00605,Company_605,Healthcare,11,90639406.0,0.2565854902351345,0.04215375185085604,3820791.0284329923,33620449.0,11826083.0,2.8429063246971693,5989484.0,249469.0,24.00883472962681,30043172.0,2.548518058339463,800,3083814.0,1,11788486.0,0.6242987886484761,0.25,0,16171607.0,Female,North
BRW-00606,Company_606,Manufacturing,15,12701746.0,0.08618555277748674,0.08038399073034487,1021017.032723195,637685.0,97452443.0,0.006543550616339596,648130.0,1350950.0,0.47975833320379496,12910712.0,2.2665689163975373,841,4452299.0,0,5696147.0,0.9239241358436359,0.4,0,233327.0,Female,South
BRW-00607,Company_607,Real Estate,19,7055358.0,0.29153487733263184,0.2955254515276541,2085037.8586392466,1879305.0,3159160.0,0.5948747151538019,1735225.0,2147407.0,0.8080555721129846,5218118.0,0.43863841242376117,653,46013831.0,0,11896171.0,0.8045091203131773,0.55,0,166061.0,Female,North
BRW-00608,Company_608,Automotive,7,24859049.0,0.05575051439546633,0.1941218111642131,4825683.61569992,32232929.0,15728190.0,2.04937293805753,266100.0,2547011.0,0.104475361717966,44257241.0,6.283275110745014,777,808157.0,2,7043657.0,0.6946981384600506,0.45,0,87813.0,Female,Central
BRW-00609,Company_609,Telecom,28,34091244.0,-0.01142807225397767,-0.0010412387115169008,-35497.12297656828,65229893.0,6355035.0,10.264283790052488,916968.0,419410.0,2.1863232008697913,12737185.0,0.9318873887844003,763,6496263.0,0,13668158.0,0.7162969488877303,0.35,0,728612.0,Non-Binary,South
BRW-00610,Company_610,Healthcare,5,3009892.0,-0.08799871454074247,0.23397959013061576,704253.2964974194,2033486.0,10233549.0,0.19870777980270776,3158814.0,440763.0,7.166678766868437,2030291.0,0.6068422869593937,659,515973.0,1,3345664.0,0.8707213101356756,0.25,0,2587818.0,Male,North
BRW-00611,Company_611,Automotive,5,17436468.0,0.05395564501435241,0.06833774016259585,1191568.8195374173,1848318.0,9721601.0,0.1901248374496302,5345366.0,1237023.0,4.321149791758285,38756578.0,3.596355482690037,749,33077833.0,3,10776625.0,0.8929264528761528,0.45,0,10583825.0,Male,West
BRW-00612,Company_612,Telecom,30,11456852.0,0.09265822914924537,0.08702850806080221,997072.736633418,73349068.0,15974060.0,4.5917608553016045,1121980.0,1838911.0,0.6101325131382035,6183709.0,1.3209917474719142,686,20492407.0,3,4681110.0,0.6755135485856738,0.35,0,352674.0,Male,North
BRW-00613,Company_613,Agriculture,32,9236222.0,-0.06187789920639307,0.20371888712169575,1881592.867048923,7382393.0,73758072.0,0.10008928785327675,7483643.0,12814275.0,0.5840082576651229,9392478.0,4.921936876437479,649,541238.0,0,1908288.0,0.6153143706664211,0.6,0,2097844.0,Female,Central
BRW-00614,Company_614,Automotive,8,5253710.0,0.04248373115065118,0.1925388033142962,1011543.0363603511,2322574.0,143579643.0,0.016176206705178903,3086597.0,691366.0,4.464484130714946,2434032.0,0.3231022934518752,837,44532227.0,0,7533316.0,0.6813457863600099,0.45,0,987314.0,Male,North
BRW-00615,Company_615,Real Estate,10,99124459.0,0.0010176035868851158,0.1316872150609402,13053423.95013235,42581346.0,32213166.0,1.3218615232709034,2329363.0,1097159.0,2.1230841445185753,8223311.0,0.19912268743230557,751,16446682.0,1,41297709.0,0.6128784312307874,0.55,0,400580.0,Female,South
BRW-00616,Company_616,Healthcare,38,9188099.0,-0.08154633194957632,0.11949487505017761,1097930.741953662,18910374.0,4524603.0,4.179453936742309,3705937.0,13387085.0,0.2768292517131809,2149847.0,1.04027304513945,565,21808460.0,3,2066617.0,0.7382516015520351,0.25,0,867417.0,Male,North
BRW-00617,Company_617,Construction,32,1211757.0,0.2353826992330375,0.14990411535300657,181647.3611078132,26828654.0,11880962.0,2.25812116408409,76242441.0,7109234.0,10.724422669949721,6863371.0,0.6854477315682902,689,34443817.0,1,10012974.0,0.624815398757829,0.5,0,47034187.0,Male,South
BRW-00618,Company_618,Retail,28,35907140.0,0.26178554046586766,0.08632878083128405,3099819.6193382326,2511374.0,20029616.0,0.12538302654514064,2567619.0,520842.0,4.9297369840815755,9304600.0,0.47163133419114284,658,17703154.0,0,19728544.0,0.7083475069092896,0.5,0,1089873.0,Female,Central
BRW-00619,Company_619,Retail,17,71685511.0,0.23471490174384635,0.31068147021330506,22271359.950472053,15591524.0,8990617.0,1.7341993620460796,13637929.0,4459450.0,3.058208061934081,22046428.0,0.24873441925623285,683,1974002.0,0,88634407.0,0.6318903374296196,0.5,0,3682241.0,Female,North
BRW-00620,Company_620,Healthcare,31,7318939.0,0.06737663140677509,-0.008303243881015887,-60770.935467278534,57622821.0,10506556.0,5.484462797850904,7418058.0,5383685.0,1.377877164455728,1077427.0,0.19849710469363696,741,31123652.0,1,5427922.0,0.8934438612106432,0.25,0,1379858.0,Male,North
BRW-00621,Company_621,Automotive,8,10433225.0,0.07664257919121915,0.15109456865120097,1576403.6310159261,23235493.0,13451583.0,1.727342519661625,2252972.0,2507771.0,0.8983958669288915,40004311.0,8.469725898392873,723,856081.0,0,4723211.0,0.6645521744896179,0.45,0,1335880.0,Female,Central
BRW-00622,Company_622,Telecom,25,9124005.0,-0.0794760033609025,0.004871391194574137,44446.5976162504,35314524.0,37008368.0,0.9542307579131628,319519.0,485127.0,0.6586282383206081,41927536.0,15.152190709820482,814,1021652.0,3,2767093.0,0.8811389696662916,0.35,0,164147.0,Male,North
BRW-00623,Company_623,Real Estate,9,14360902.0,0.14219493428620072,0.2923202096734226,4197981.883739474,72908357.0,27679927.0,2.6339792863623055,1275896.0,970333.0,1.3149039402927238,6692623.0,0.24074910896588242,797,1651152.0,0,27799159.0,0.940399814318915,0.55,0,135892.0,Male,South
BRW-00624,Company_624,Pharmaceuticals,2,127073380.0,0.10544475592784312,0.15092275992156304,19178265.22216155,16877713.0,7044806.0,2.3957665554216034,3665866.0,933266.0,3.927992739483985,10784091.0,2.889249238242899,602,5391731.0,2,3732488.0,0.768844853084963,0.2,0,10557694.0,Male,East
BRW-00625,Company_625,Retail,15,20356508.0,0.506592109478852,0.0531997688542665,1082961.5202800268,3806873.0,29841214.0,0.12757097859453778,2793581.0,3740354.0,0.7468758981433581,14073245.0,2.294195588954732,692,825067.0,0,6134282.0,0.8386118768033545,0.5,0,1251875.0,Female,East
BRW-00626,Company_626,Real Estate,3,85104487.0,0.24306535430236142,0.2622057151514023,22314882.87642822,33120624.0,116015415.0,0.2854846807600121,22861155.0,1184317.0,19.30322345856434,10069826.0,7.199351117777557,544,542180.0,3,1398712.0,0.9347640233741937,0.55,0,37035071.0,Male,South
BRW-00627,Company_627,Retail,36,5647664.0,0.12728673898562817,-0.09503168120867284,-536707.0048216981,1692034.0,2384409.0,0.7096237643693828,1087887.0,1443008.0,0.7539017428165729,21969025.0,1.021397910862642,620,827283.0,0,21508781.0,0.6068934674451443,0.5,0,251313.0,Non-Binary,North
BRW-00628,Company_628,Agriculture,4,13584831.0,0.07375860335100135,0.21370608301667854,2903161.021453548,6366247.0,8668484.0,0.7344128760677328,2622879.0,962805.0,2.724203006628542,4971045.0,0.17567533230732707,532,1895960.0,0,28296772.0,0.7167368665785026,0.6,0,514458.0,Female,South
BRW-00629,Company_629,Telecom,14,101039362.0,0.23019598056158386,0.31815470262452966,32146148.170482203,21468962.0,7912654.0,2.7132437847978967,7308486.0,305547.0,23.91927291293021,2841400.0,0.1372477389311708,574,3633581.0,1,20702708.0,0.6343657393745404,0.35,0,2565279.0,Male,Central
BRW-00630,Company_630,Agriculture,25,7214417.0,-0.057360800557078276,0.2015452269435335,1454031.311530286,71249.0,16125299.0,0.004418460431743905,2153910.0,44638878.0,0.04825188374466124,16890334.0,9.464773973450965,812,1043596.0,3,1784546.0,0.6003210949448181,0.6,0,516938.0,Male,South
BRW-00631,Company_631,Retail,10,110243784.0,0.2509456718021047,0.11921874638591005,13143125.725319048,12977077.0,1641876.0,7.903805827111288,14083441.0,3215039.0,4.380487023489599,900980.0,0.055248574742157885,760,531129.0,0,16307750.0,0.8128116421651177,0.5,0,3802529.0,Male,East
BRW-00632,Company_632,Construction,21,9411321.0,-0.08307152503559485,0.03093816458287532,291168.99804027076,13928381.0,75022958.0,0.18565491398439776,639632.0,11598840.0,0.05514619952114181,22489673.0,13.48039889134245,749,5866208.0,0,1668323.0,0.8608420399430596,0.5,0,191890.0,Female,West
BRW-00633,Company_633,Construction,36,14909456.0,-0.004228578582209722,0.30990175625070093,4620466.5991425505,1617023.0,15496893.0,0.10434497390251234,334486.0,519839.0,0.6434402893197907,26268332.0,2.789421612222414,794,49007313.0,0,9417124.0,0.8856404625596099,0.5,0,129133.0,Female,Central
BRW-00634,Company_634,Agriculture,12,295814723.0,-0.1957269249106689,0.29129062291707614,86168054.93071233,14487415.0,20952323.0,0.6914466862959927,2127311.0,12267419.0,0.17341144266683622,2748487.0,0.2519520301599511,749,1755071.0,2,10908770.0,0.76968451227303,0.6,0,76583.0,Female,North
BRW-00635,Company_635,Construction,27,12563063.0,0.17211143345736377,0.10255658029307745,1288424.7792864905,11815500.0,18233656.0,0.6480049504057249,2938603.0,1232101.0,2.38503224570693,75009855.0,6.190072395351388,693,12458620.0,0,12117766.0,0.7378717278742448,0.5,0,4205198.0,Male,South
BRW-00636,Company_636,Retail,2,30039349.0,0.1174893539394784,0.10576349836685665,3177066.638902937,9350662.0,7882542.0,1.1862494121503682,4534164.0,3746488.0,1.2102435106575784,5247497.0,0.3459798177115527,652,3279357.0,0,15167060.0,0.7846520423886163,0.5,1,569563.0,Male,Central
BRW-00637,Company_637,Healthcare,13,60894574.0,-0.004222453714903554,0.322412052027198,19633144.56066206,52912529.0,33881693.0,1.5616848732533857,4023578.0,6518144.0,0.6172888145323554,4611846.0,0.5231810287225993,835,8503460.0,2,8815009.0,0.8144617948040112,0.25,0,584743.0,Male,East
BRW-00638,Company_638,Agriculture,32,33928400.0,-0.05937081864637277,0.24379357761462533,8271526.018740054,33210081.0,14742957.0,2.252606362983602,1771621.0,12153557.0,0.14576974084461522,3334116.0,2.670183006085787,804,11105619.0,0,1248646.0,0.891104602789305,0.6,0,425189.0,Male,North
BRW-00639,Company_639,Pharmaceuticals,31,35412663.0,0.2868083340050101,-0.03439012076528952,-1217845.7571905,23207227.0,1200684.0,19.328322582525807,340458.0,1875424.0,0.18153645173760613,17403056.0,1.146868632990104,682,3292934.0,1,15174410.0,0.7953491316662816,0.2,1,93711.0,Male,South
BRW-00640,Company_640,Pharmaceuticals,16,22190845.0,0.05995940935952444,0.15651571143564094,3473215.8925330355,1912014.0,12867350.0,0.14859422114155432,2735807.0,594089.0,4.60503795721187,4940406.0,0.5042666228446671,761,747935.0,0,9797209.0,0.9201649020223273,0.2,0,1986590.0,Non-Binary,South
BRW-00641,Company_641,IT Services,32,3425100.0,-0.03509430617808637,0.15209322626666036,520934.5092859384,8657945.0,10500288.0,0.8245434958980653,687717.0,1947917.0,0.353052335878615,1029207.0,0.28562337877504146,476,516306.0,0,3603370.0,0.6472332843893428,0.2,0,49516.0,Female,North
BRW-00642,Company_642,Automotive,32,40728310.0,0.3682899445427037,0.2097161367155526,8541383.828153407,52517243.0,33804011.0,1.5535801785894527,3633963.0,4029921.0,0.9017452446970438,14833941.0,8.019092045314483,765,18350879.0,0,1849827.0,0.9335840717657142,0.45,0,2162760.0,Female,West
BRW-00643,Company_643,Telecom,34,8050923.0,-0.018559437871256856,0.18072552191223665,1455007.26105023,6439795.0,374722274.0,0.017185514258526532,620333.0,1042303.0,0.5951555400343853,5740530.0,0.1384895919843642,659,8417591.0,1,41450984.0,0.8167738783939558,0.35,0,43196.0,Male,West
BRW-00644,Company_644,Construction,11,77334508.0,0.2507925607180679,0.11847466058733377,9162179.58698845,91458240.0,23051060.0,3.9676368909873605,5773651.0,1193342.0,4.838215835681778,45303242.0,1.488231607718133,900,14211246.0,3,30440988.0,0.914951745834961,0.5,0,7733277.0,Male,Central
BRW-00645,Company_645,Construction,10,189157798.0,-0.09264858460158602,0.20140315828318536,38096977.931092806,24246676.0,186465773.0,0.13003284988911692,39899242.0,309302.0,128.99726805106965,14120679.0,0.7844232041891518,792,9015623.0,0,18001352.0,0.6787568251865226,0.5,0,28168102.0,Male,South
BRW-00646,Company_646,Automotive,15,1609870.0,0.02675806546895408,0.12626668045839365,203272.94086955418,115449163.0,6430278.0,17.953989710244297,1100244.0,613050.0,1.7947022352137099,13246345.0,2.9315516237088763,542,16326156.0,1,4518543.0,0.8405420574102256,0.45,1,1303243.0,Male,Central
BRW-00647,Company_647,Manufacturing,17,189653967.0,0.15534368380735797,0.589702443117607,111839407.68684602,1792285.0,6944437.0,0.2580892795068514,490089.0,3379230.0,0.1450297419738396,40700891.0,56.75564371622799,643,4560440.0,2,717124.0,0.9104130355716058,0.4,0,176432.0,Female,North
BRW-00648,Company_648,Energy,18,13038451.0,0.07132445755939622,0.19472734812162434,2538942.986843741,7046303.0,10900065.0,0.6464459022541699,18196962.0,5713435.0,3.1849419508680943,11296723.0,0.5917589017582275,704,334687.0,2,19090076.0,0.7639780453974201,0.45,0,10660532.0,Male,Central
BRW-00649,Company_649,Agriculture,9,19847253.0,0.11656445322695791,0.17823606370451975,3537496.2500677207,8119698.0,24403340.0,0.33272894887630344,46293000.0,7437961.0,6.223882294639311,28725559.0,2.2403026225341747,696,4984864.0,1,12822177.0,0.6293030474696609,0.6,0,66661920.0,Female,South
BRW-00650,Company_650,Financial Services,25,6146656.0,-0.0008252269036006926,0.40113690699738747,2465650.576216934,22059634.0,6792141.0,3.247816962601783,504654.0,30436272.0,0.0165806766156947,3352542.0,0.5487521507868541,692,48151487.0,0,6109391.0,0.6319742951082787,0.3,0,58155.0,Non-Binary,West
BRW-00651,Company_651,Construction,14,32046598.0,-0.15966942278493912,0.016278792786683594,521679.92836014886,2934664.0,2117580.0,1.3858567865880926,2849634.0,11825819.0,0.24096713800818886,104956705.0,3.8353172478089204,778,5535861.0,0,27365846.0,0.8626221356035235,0.5,0,854890.0,Male,West
BRW-00652,Company_652,Telecom,25,26701287.0,0.29983645765470657,0.16680325510998217,4453861.587225851,796984.0,15061709.0,0.05291457610058884,6784389.0,1652128.0,4.106452341191275,13431959.0,0.647361667830832,656,516953.0,3,20748770.0,0.6981191134139182,0.35,0,5138585.0,Female,North
BRW-00653,Company_653,IT Services,22,121495069.0,0.00832574339388964,0.06604762955948719,8024461.310616336,15670595.0,3716925.0,4.216009412078691,2212459.0,645117.0,3.429541572239497,1465052.0,0.13824963676551116,694,9841952.0,3,10597148.0,0.939400532505653,0.2,1,955782.0,Female,East
BRW-00654,Company_654,Pharmaceuticals,30,7943862.0,0.12335186832985082,0.25620120678121067,2035227.0309034018,5128327.0,55895520.0,0.09174844259882647,236235.0,1458071.0,0.162018748045364,10927408.0,1.1873526187172463,822,84451134.0,0,9203169.0,0.9038518712238014,0.2,0,67319.0,Male,Central
BRW-00655,Company_655,Construction,20,291690423.0,0.18529362374484887,0.12067806213862406,35200634.99203554,4386115.0,31725914.0,0.13825022855920782,416913.0,1023367.0,0.40739303945403804,11757468.0,1.2573814077298768,823,1414933.0,1,9350756.0,0.7751846703901771,0.5,0,78633.0,Non-Binary,North
BRW-00656,Company_656,IT Services,21,65467941.0,0.12631373064670898,0.2496112482239697,16341534.471663203,3143309.0,5888844.0,0.5337734309529288,488117.0,2419472.0,0.20174517343239623,10715409.0,0.61094608245992,778,5330906.0,1,17539041.0,0.8699352479290767,0.2,0,71571.0,Male,West
BRW-00657,Company_657,Retail,32,27686444.0,-0.02628869004073231,0.24096611981214508,6671494.982076245,10700844.0,25316084.0,0.42268952723140246,686831.0,5775478.0,0.11892191106573152,282148.0,0.07484492414387305,672,6669387.0,3,3769767.0,0.6706083511139517,0.5,0,30907.0,Female,South
BRW-00658,Company_658,Retail,21,18417714.0,0.2539647442927658,0.2736446714388089,5039909.29618395,1766859.0,7588995.0,0.23281854411308162,3723881.0,3526157.0,1.0560732105594814,3905416.0,0.28704727800856716,643,4436686.0,1,13605479.0,0.6241247397815686,0.5,0,353942.0,Male,South
BRW-00659,Company_659,Energy,35,15250850.0,0.15705187625373035,0.24294225510263473,3705075.891232017,6640557.0,13761280.0,0.482553695400886,16963843.0,13139669.0,1.291040262046155,1116516.0,0.3154719169030906,696,10816291.0,2,3539192.0,0.9484833392310262,0.45,0,2280020.0,Male,East
BRW-00660,Company_660,Healthcare,32,16818404.0,0.10981604755178428,0.153115272737398,2575154.5154677453,2563619.0,13936115.0,0.1839550560572257,426688.0,3187129.0,0.1338784423603681,1141057.0,0.033739378244776574,702,1780203.0,1,33819739.0,0.868479459639657,0.25,0,28801.0,Male,East
BRW-00661,Company_661,Financial Services,30,31096410.0,0.10633772053788342,0.01228167518772158,381916.0071242172,3563429.0,9793636.0,0.36385144762870014,1005639.0,429030.0,2.3439774748211666,11405753.0,0.7538965052048804,697,8370019.0,0,15129069.0,0.7961563288733204,0.3,0,746374.0,Female,West
BRW-00662,Company_662,Manufacturing,39,17654479.0,0.3323393516385586,0.3010901929215916,5315590.488040187,15107703.0,39698178.0,0.38056413116581495,618504.0,1000499.0,0.6181949025487257,3831396.0,0.8581021351791112,744,18834001.0,0,4464964.0,0.752922249076664,0.4,0,118116.0,Male,East
BRW-00663,Company_663,Energy,12,9241417.0,-0.029509332887972375,0.3490832909598188,3226024.259492016,23608439.0,3824750.0,6.172542735461733,5038510.0,3214204.0,1.5675758080147346,5149407.0,0.5346174558477118,728,2295125.0,0,9631946.0,0.6294340278427646,0.45,1,1393438.0,Male,East
BRW-00664,Company_664,Real Estate,18,31380240.0,0.142288374255162,0.0674558026450075,2116779.2763929702,5614385.0,27906532.0,0.20118532818103918,952756.0,2608807.0,0.36520740506775506,2321197.0,0.6134721426411791,725,10944407.0,1,3783703.0,0.6378407783196473,0.55,0,78906.0,Male,South
BRW-00665,Company_665,Manufacturing,21,6889905.0,0.0007055762599733895,0.2683052833935225,1848597.9135794477,37948692.0,21113748.0,1.7973450380602707,717781.0,9529501.0,0.07532198429676598,70348211.0,1.7591927473102797,662,1852793.0,3,39988915.0,0.7269904651862119,0.4,0,227289.0,Male,Central
BRW-00666,Company_666,Agriculture,13,39180916.0,-0.21044587095100042,0.03955647028972961,1549858.7396783915,2065597.0,2715565.0,0.7606506341587721,297869.0,1999576.0,0.14896600631033463,9433914.0,0.2094952162972331,604,414405.0,0,45031643.0,0.8599141950706404,0.6,0,10723.0,Female,South
BRW-00667,Company_667,Telecom,21,17285861.0,-0.21441017872943208,0.2044118609714277,3533435.015503424,909047.0,5647337.0,0.16096911500604355,25130020.0,1604490.0,15.662300380619149,904566.0,0.05074139578188861,755,412657.0,1,17826982.0,0.6758492665425735,0.35,0,8820637.0,Female,South
BRW-00668,Company_668,Real Estate,8,68688776.0,-0.07219545624650699,0.22913045834499968,15738690.728037013,1197219.0,3942576.0,0.30366407555261443,87254811.0,299905.0,290.94053136649484,23349178.0,0.554003505506443,704,6529173.0,0,42146263.0,0.8790718800494689,0.55,0,39154972.0,Female,West
BRW-00669,Company_669,Real Estate,7,106495290.0,-0.018766474901844313,0.1288536271434391,13722304.390192417,1770708.0,9438315.0,0.18760846744270906,3708953.0,753084.0,4.925012448793961,5315916.0,0.5139752524160167,732,195978.0,1,10342746.0,0.612189686566114,0.55,0,1544111.0,Female,West
BRW-00670,Company_670,Energy,23,106432426.0,0.4059424624041296,0.19140857242716916,20372078.720620323,1240047.0,15527322.0,0.07986225313919212,30352607.0,2872021.0,10.568375520800329,53248947.0,2.792608163524103,734,3756784.0,0,19067818.0,0.9479560294931006,0.45,0,60098162.0,Non-Binary,Central
BRW-00671,Company_671,Automotive,32,38925401.0,0.18475826514591334,0.28178438057966587,10968570.009600107,184236511.0,4808695.0,38.313195718756184,1396714.0,2549951.0,0.5477412908164546,8778624.0,0.29028434965038896,537,998446.0,1,30241464.0,0.7505803236322344,0.45,0,75739.0,Female,North
BRW-00672,Company_672,Healthcare,11,46373876.0,0.198251453128913,0.16687001936987872,7738409.586376354,868627.0,46873092.0,0.01853146324267528,3264621.0,4048528.0,0.8063721415852523,3128758.0,0.35412338345847644,837,121674.0,1,8835219.0,0.9190609635774303,0.25,0,419503.0,Non-Binary,East
BRW-00673,Company_673,Automotive,22,14885133.0,-0.01556177593755341,0.09898349945277625,1473382.5541600017,36257012.0,52134584.0,0.6954502850650869,8683279.0,3404797.0,2.5503066554902816,3940942.0,0.41305538346117,654,9099022.0,0,9540952.0,0.8073401644362925,0.45,0,3018550.0,Male,East
BRW-00674,Company_674,Energy,22,66749645.0,0.08919907542791722,0.03314649446731935,2212516.7386880307,8557398.0,64443766.0,0.13278860622781408,1058485.0,1730561.0,0.6116423450878963,4859401.0,0.21497556629818734,809,398397.0,1,22604433.0,0.727773260891354,0.45,0,64094.0,Male,South
BRW-00675,Company_675,Agriculture,25,79062722.0,0.42592294771193223,0.1331082760494708,10523902.625198567,12445886.0,561488.0,22.165858992785253,2573617.0,595982.0,4.318272501061272,18525048.0,1.0921369760836477,733,104317359.0,0,16962201.0,0.7086405265428293,0.6,1,2023734.0,Non-Binary,South
BRW-00676,Company_676,Pharmaceuticals,22,2301350.0,-0.1021626510666347,0.039033410254909334,89829.5386901356,2283924.0,151758634.0,0.015049713645618914,2138624.0,1984121.0,1.0778692036074395,2736934.0,0.655609114360198,613,38102246.0,3,4174642.0,0.6750506856141227,0.2,0,725415.0,Female,Central
BRW-00677,Company_677,Construction,28,42606645.0,0.1484358196050971,0.13471391740326719,5739708.055360327,14478554.0,17881286.0,0.8097042455612955,6303451.0,1880232.0,3.352483974060662,57398056.0,57.53245180742214,643,2958851.0,0,997663.0,0.7423353040323304,0.5,0,11346212.0,Female,East
BRW-00678,Company_678,Construction,29,188045537.0,0.3216943650365394,0.12417090438844937,23349784.395501617,2256041.0,15506338.0,0.1454915309151954,3587960.0,10284886.0,0.34885750324724035,15445906.0,2.071726766467652,644,160438.0,0,7455570.0,0.8620382270499019,0.5,0,1076388.0,Male,South
BRW-00679,Company_679,Healthcare,13,14154803.0,0.224891462820836,0.27649259639550244,3913698.232936847,35468278.0,12964837.0,2.735728591440942,1097880.0,9760206.0,0.11248531921505353,12442184.0,11.39889970454181,649,5094936.0,0,1091524.0,0.638761364972795,0.25,0,494046.0,Female,South
BRW-00680,Company_680,Agriculture,18,10202869.0,0.350230942088785,0.18881700194523726,1926475.135820001,40155510.0,3001136.0,13.380098942500792,2081635.0,1116227.0,1.864883339246104,9915093.0,3.0059263032000763,558,51228195.0,2,3298514.0,0.6661124054452093,0.6,0,1863363.0,Female,West
BRW-00681,Company_681,Healthcare,2,12867365.0,0.11192978847906929,0.485671162766063,6249308.121285342,7258669.0,22560468.0,0.3217428236975038,17402342.0,940055.0,18.512026943075732,8622172.0,2.325963433303884,636,16070594.0,3,3706924.0,0.8939816888026024,0.25,0,46986323.0,Male,North
BRW-00682,Company_682,IT Services,29,2527360.0,0.17051795377806464,-0.061630708380916194,-155762.98713359234,8008018.0,101374609.0,0.07899431622967526,7446713.0,390655.0,19.062072513925294,1323398.0,0.2629885834086822,777,17673385.0,1,5032149.0,0.6607210855272528,0.2,0,3216980.0,Male,Central
BRW-00683,Company_683,Automotive,21,29179470.0,0.09646615801855593,0.2176045718062536,6349586.074883423,17006154.0,17624994.0,0.9648884439399841,6535562.0,1626815.0,4.017394714583579,13780982.0,0.6827420991733613,785,33107480.0,0,20184754.0,0.6095744194313314,0.45,0,4417482.0,Male,North
BRW-00684,Company_684,Construction,15,25265444.0,0.16000183387093714,0.12581324574005864,3178727.51470369,15750996.0,3843462.0,4.098126090975769,96398567.0,1122368.0,85.8884796354853,159667225.0,6.365690877444028,645,498708.0,1,25082465.0,0.7269733091172288,0.5,0,173517421.0,Non-Binary,North
BRW-00685,Company_685,Real Estate,27,32460686.0,-0.05728096184551344,0.06527512554186647,2118875.353825107,41293661.0,2349309.0,17.5769315245753,599334.0,45298837.0,0.013230670508590088,25083783.0,1.697219429284393,550,16679506.0,2,14779339.0,0.8513681719101371,0.55,0,137322.0,Female,Central
BRW-00686,Company_686,Automotive,31,45080707.0,0.19885226134155232,0.17642766065085955,7953483.676496829,39577403.0,10295027.0,3.8443220358409906,9479470.0,519980.0,18.230416111357915,17153003.0,1.025496371424641,750,60100540.0,1,16726536.0,0.737692159054305,0.45,0,9623950.0,Non-Binary,East
BRW-00687,Company_687,Financial Services,15,7297263.0,0.12413724691505845,0.16744596811668475,1221897.2676370633,8509882.0,5999387.0,1.4184583494183074,3549103.0,2127158.0,1.6684709511606797,888732.0,0.0518930955472983,613,1290293.0,0,17126208.0,0.8301127257980954,0.3,0,746118.0,Male,South
BRW-00688,Company_688,Telecom,23,36389790.0,0.0893989049381821,0.3093375380815238,11256728.049903654,4343379.0,34041460.0,0.12759085163824196,5475120.0,916729.0,5.972445540126318,45317425.0,61.931640366089816,619,1788525.0,1,731732.0,0.7134187352751928,0.35,0,12811781.0,Non-Binary,Central
BRW-00689,Company_689,Agriculture,24,46959589.0,0.3419587456723781,0.1909510136163603,8966981.118557684,30021660.0,75867768.0,0.395710331221154,4296983.0,2042205.0,2.1040889116964694,29613864.0,3.298788830762578,677,33583298.0,0,8977192.0,0.7593200141904443,0.6,0,4339792.0,Male,South
BRW-00690,Company_690,Manufacturing,13,11610407.0,0.04019219013428383,0.09686380947374777,1124628.2515606675,7029115.0,25740644.0,0.2730745480542543,1141372.0,1328983.0,0.8588305051076612,51194448.0,34.72985653385579,669,26484361.0,3,1474075.0,0.6246782857685871,0.4,0,705776.0,Male,West
BRW-00691,Company_691,Healthcare,22,45361623.0,0.2611733051930649,0.22010526764403843,9984332.17118297,10539239.0,13228570.0,0.79670275799253,692057.0,5250303.0,0.13181274836657078,2290349.0,0.15490786280420046,636,886445.0,0,14785233.0,0.733732009879719,0.25,0,46714.0,Male,North
BRW-00692,Company_692,Automotive,37,27263516.0,0.2760917895649634,0.15244181235461787,4156099.790199122,19687104.0,12496536.0,1.575404770137519,3268195.0,3363127.0,0.9717724094949701,4877770.0,4.4517873701272626,644,469261.0,0,1095687.0,0.8751064106954908,0.45,0,2096122.0,Non-Binary,West
BRW-00693,Company_693,Telecom,33,9371796.0,0.20833165768781947,0.04494257458551518,421192.6407302328,38391071.0,15955279.0,2.4061671747534357,1011290.0,5043839.0,0.20050001586093136,956796.0,0.12896475963903734,659,2754220.0,0,7419049.0,0.6962115443303403,0.35,1,59160.0,Male,North
BRW-00694,Company_694,Automotive,3,36917012.0,-0.06476495061048688,0.15017455565846685,5543995.873338289,13141323.0,3642101.0,3.608169952406605,1877764.0,804194.0,2.3349610480045264,843159.0,0.05486613106250774,642,358647.0,2,15367567.0,0.8446925887486914,0.45,0,434066.0,Male,East
BRW-00695,Company_695,Manufacturing,19,15617988.0,0.13386174460147326,0.20771304928880263,3244059.911235928,3682871.0,30180854.0,0.12202672853370125,10823610.0,7240232.0,1.4949256467298773,3740099.0,1.287085403426929,647,901263.0,1,2905866.0,0.8546631664679185,0.4,0,7497243.0,Male,Central
BRW-00696,Company_696,Telecom,23,68723235.0,0.373771145169725,0.1886738916278576,12966280.192705791,131631316.0,4004861.0,32.867878094176525,519007.0,1112321.0,0.46659780171569026,17923945.0,0.770999233385935,675,1173090.0,3,23247681.0,0.8128781810489238,0.35,0,78030.0,Male,East
BRW-00697,Company_697,Financial Services,29,16873425.0,-0.19278303020300552,0.21963756655582586,3706038.006462236,88234863.0,55918318.0,1.5779240967526222,2452042.0,366775.0,6.685393809845792,4758157.0,0.32262930546399926,728,17635824.0,1,14748061.0,0.9458011623280635,0.3,0,996787.0,Female,North
BRW-00698,Company_698,Manufacturing,30,3489788.0,0.051851225855569845,0.116821774919137,407683.2282515053,1929931.0,9474395.0,0.20369963425636842,15899116.0,1593959.0,9.974601621119726,3256877.0,0.2504376095369505,719,26480019.0,0,13004743.0,0.610800768943552,0.4,0,5151314.0,Female,West
BRW-00699,Company_699,Energy,39,36052273.0,0.25434627795022996,0.21811343537207317,7863485.117001839,2263318.0,39704334.0,0.05700430444181977,1527644.0,2271699.0,0.6724673152264824,14785452.0,0.8279128861807169,656,17753857.0,0,17858704.0,0.7636841110244557,0.45,0,280667.0,Female,North
BRW-00700,Company_700,Retail,25,34076034.0,0.06270191003185431,0.19441389753808988,6624854.582580467,2733189.0,2500689.0,1.0929739391927829,29626590.0,442551.0,66.94487879390445,68649.0,0.011064226473590281,674,949891.0,2,6204590.0,0.6792771371444639,0.5,0,7999179.0,Non-Binary,East
BRW-00701,Company_701,Energy,37,4772087.0,0.20148317254608092,0.19538752605282517,932406.2730388483,31731687.0,39369877.0,0.805988959376506,319275.0,5656494.0,0.056443963974157144,3938772.0,0.38077775966747157,807,2874910.0,0,10344017.0,0.8597517221677426,0.45,0,20060.0,Female,East
BRW-00702,Company_702,Construction,8,74462349.0,0.2913786542898684,0.1838827863392024,13692344.211482123,139380030.0,75152718.0,1.8546239158692315,50077222.0,749085.0,66.85109853875257,14760253.0,1.6444350142342574,778,1658977.0,0,8975880.0,0.688683653928231,0.5,0,74113864.0,Female,West
BRW-00703,Company_703,Automotive,16,68842459.0,0.1148009424723204,0.4411311852283157,30368555.532701727,4158189.0,3147462.0,1.3211240290989918,3358400.0,711585.0,4.719598193331516,4851793.0,0.5528921699174398,743,4501421.0,1,8775296.0,0.7514903242026526,0.45,0,1838265.0,Male,West
BRW-00704,Company_704,Retail,8,6550354.0,0.15634857812833108,0.31321514925600824,2051670.1057896905,11454607.0,12785160.0,0.8959298205161437,445539.0,1982662.0,0.22471746333088377,62383228.0,13.747236701591978,558,10093077.0,0,4537873.0,0.8015495391771741,0.5,0,133662.0,Non-Binary,East
BRW-00705,Company_705,Energy,1,8980450.0,0.09378064003703013,0.2154470108314359,1934811.1084211685,2873643.0,21897069.0,0.13123413315114763,11407327.0,5546982.0,2.0564921507781797,3295470.0,1.2847846275123802,708,1599719.0,0,2564997.0,0.6102657708312382,0.45,0,9946155.0,Male,North
BRW-00706,Company_706,Retail,5,19520750.0,0.12467088229554751,0.08397512677821395,1639257.45605582,113838251.0,23222715.0,4.902021408693109,6238515.0,460935.0,13.534449468038947,3655593.0,0.5761582014045262,645,713569.0,0,6344772.0,0.777154700048758,0.5,0,3234934.0,Female,North
BRW-00707,Company_707,Pharmaceuticals,3,7738526.0,0.3953903652344406,0.14492010002922434,1121467.9619987532,30622406.0,9747645.0,3.1415180649769185,25989981.0,6130298.0,4.239594349313141,2024693.0,0.33718498608172437,623,34636497.0,1,6004694.0,0.7198894963386131,0.2,0,12619341.0,Female,Central
BRW-00708,Company_708,Automotive,1,63123001.0,0.07040772609790286,0.37389457813780064,23601347.82968697,2579347.0,7889139.0,0.3269490717619411,326419.0,148562.0,2.197175609000895,2851778.0,0.6704434157660506,671,16361674.0,0,4253569.0,0.9446302329785421,0.45,0,158678.0,Male,East
BRW-00709,Company_709,Retail,4,30203185.0,0.027026894308162887,0.11244750445997952,3396272.7799930866,379454.0,19853990.0,0.019112227863909075,631482.0,2948484.0,0.21417168478048895,13463822.0,0.6462705701464362,783,5440286.0,0,20833103.0,0.844490677725473,0.5,0,61216.0,Male,Central
BRW-00710,Company_710,Real Estate,35,4684006.0,0.23626313435296437,0.16011244402374414,749967.6484818817,42134633.0,22366273.0,1.8838467685766525,10376744.0,511124.0,20.301773538762532,29863854.0,10.85217616921105,771,663014.0,0,2751876.0,0.6389579518439767,0.55,0,16810325.0,Male,East
BRW-00711,Company_711,Healthcare,32,7034194.0,-0.04643834983626895,0.15343160092627098,1079267.6466459697,3765054.0,6900567.0,0.5456150855987507,149723962.0,760506.0,196.8738775579975,225172381.0,30.08076326340969,650,11993198.0,0,7485593.0,0.6843643286093934,0.25,0,404254697.0,Male,Central
BRW-00712,Company_712,Healthcare,34,143461715.0,-0.012208218589786088,0.22414647325902193,32156437.464940924,31455936.0,5443592.0,5.778524588447373,7747440.0,15957907.0,0.4854922086278477,21128304.0,0.7406584880842566,706,2535321.0,2,28526377.0,0.7621360873385226,0.25,0,1291097.0,Female,South
BRW-00713,Company_713,Real Estate,25,241732806.0,-0.011251794092893355,0.12760242272574826,30845691.697893295,13804919.0,62686136.0,0.22022283810533738,9772962.0,605739.0,16.13392214481461,1518509.0,0.06884553366284087,666,116887.0,1,22056753.0,0.6349441025103502,0.55,0,2374830.0,Non-Binary,North
BRW-00714,Company_714,Telecom,10,54194689.0,0.04161882163129397,0.20122296097779063,10905215.7898505,567250.0,16671355.0,0.03402542660597015,1043513.0,1853354.0,0.5630400004316496,57223583.0,1.90824265190838,680,1484462.0,0,29987581.0,0.7798228203773554,0.35,0,437256.0,Female,North
BRW-00715,Company_715,IT Services,21,17594328.0,0.048170080269491246,0.1302819726418051,2292223.7591469456,2649377.0,959296.0,2.761790144241043,2488586.0,551252.0,4.514417155099383,18452485.0,3.7490031940456374,779,6502045.0,1,4921970.0,0.7517225275342785,0.2,0,7167128.0,Female,South
BRW-00716,Company_716,Telecom,39,12485214.0,0.18486493844982607,0.3377412839438078,4216772.206673205,5224047.0,63149360.0,0.08272525512965999,1290123.0,4990400.0,0.2585209084400232,9276919.0,0.4765187762467724,694,2363780.0,1,19468107.0,0.816246503480859,0.35,0,119880.0,Male,West
BRW-00717,Company_717,Manufacturing,27,55093876.0,0.02864575471119845,0.09764668506792078,5379734.358943079,3224586.0,7155761.0,0.4506278995863753,6944872.0,3238858.0,2.144234126894687,44055592.0,14.352627810135415,559,7018709.0,3,3069513.0,0.7329859871469905,0.4,0,10721831.0,Male,South
BRW-00718,Company_718,Manufacturing,27,27068488.0,0.19091952038527804,0.2973173813746123,8047931.969930116,10577635.0,15872338.0,0.6664194231234603,13181020.0,3835315.0,3.436749409957354,309952956.0,45.96153384757761,711,6581523.0,0,6743746.0,0.8383494641776942,0.4,0,28471003.0,Female,North
BRW-00719,Company_719,Retail,2,2158433.0,0.20962710572626742,0.10978369724116012,236960.75498732895,16225135.0,22973160.0,0.7062648017832636,4319176.0,7702405.0,0.560756729780279,6692601.0,0.9032722999955192,845,634139.0,1,7409283.0,0.815077737860175,0.5,0,656320.0,Non-Binary,East
BRW-00720,Company_720,Energy,13,113555467.0,-0.018026679899956072,0.07755044065431095,8806276.504556065,130129401.0,2469632.0,52.69179712127268,10779525.0,1321963.0,8.154174395066734,2547307.0,0.5098632742327502,644,9120917.0,0,4996058.0,0.611785807877456,0.45,0,5441123.0,Female,Central
BRW-00721,Company_721,Energy,9,181852213.0,0.20640590280476762,0.09590487042120936,17440512.923575163,18043936.0,10359733.0,1.7417373843768575,3131061.0,7198686.0,0.43494890109821416,65081113.0,10.516640181604467,823,10458034.0,1,6188393.0,0.9110419620701434,0.45,0,1033250.0,Male,North
BRW-00722,Company_722,Healthcare,36,72993343.0,0.22001277244374323,-0.02537228724417051,-1852008.0655082627,83191156.0,71206090.0,1.168315165622559,23842566.0,11850579.0,2.0119324117469355,477688010.0,88.04465009805511,749,3122785.0,1,5425519.0,0.9131606291638856,0.25,0,43172668.0,Female,South
BRW-00723,Company_723,Agriculture,22,4697698.0,-0.18414046549462876,0.23263181356611679,1092834.0053259197,4346036.0,54147983.0,0.08026219406432565,897774.0,2789393.0,0.32185270349043554,11043218.0,3.3191892116908415,794,3342630.0,0,3327082.0,0.9348393931907445,0.6,0,215466.0,Female,East
BRW-00724,Company_724,Telecom,26,9292892.0,0.12402214293109504,0.040322866857227496,374716.04683459457,51024686.0,10340398.0,4.934498755802363,27341178.0,525686.0,52.010374995006536,9307845.0,0.44483787114866286,770,3318780.0,2,20924128.0,0.8379844180839063,0.35,1,14229998.0,Female,North
BRW-00725,Company_725,Pharmaceuticals,12,1488710.0,0.004038783754862996,0.13704965668888724,204027.19440931332,5016298.0,34587419.0,0.1450324424313811,1116585.0,466984.0,2.3910511044251956,11503662.0,1.5536792784363131,714,31613505.0,0,7404141.0,0.8106197651362266,0.2,0,1991055.0,Female,South
BRW-00726,Company_726,Automotive,17,264690754.0,0.27545974704986637,0.27139459171185154,71835639.11173214,2245581.0,40508806.0,0.055434389859963046,3350367.0,3371028.0,0.993870714253719,17435084.0,1.6040928413366156,650,5802928.0,3,10869123.0,0.9169195245756588,0.45,0,1762649.0,Female,North
BRW-00727,Company_727,Construction,14,14145288.0,0.002509072208965596,0.2675223215693561,3784180.2850271543,2107652.0,38102930.0,0.05531469481967148,545012.0,525282.0,1.0375588016364512,1074420.0,0.10264432226201559,714,3942988.0,2,10467407.0,0.7578041516216096,0.5,0,50893.0,Male,South
BRW-00728,Company_728,Financial Services,14,799849372.0,-0.12092247329660048,0.008200930080328128,6559508.774566363,168901.0,3703428.0,0.04560665264542671,6982745.0,395507.0,17.655129605469423,14060035.0,1.4979842253917284,718,6617608.0,0,9385969.0,0.7458444648307958,0.3,0,13179653.0,Non-Binary,South
BRW-00729,Company_729,Energy,34,453653862.0,0.07552747749967584,0.2172652295917125,98563210.48259705,31996079.0,104990489.0,0.3047521637435924,3981733.0,5725786.0,0.6954036187514485,13392219.0,1.3735241548918538,777,6410087.0,0,9750260.0,0.6871406572353351,0.45,0,1255045.0,Male,North
BRW-00730,Company_730,Automotive,20,6229835.0,-0.05454584561486768,0.3168592778769907,1973981.0193928024,1282995.0,8397031.0,0.15279148632516823,9899250.0,1143315.0,8.658367415482683,12285051.0,1.8763170820664237,519,2818507.0,0,6547427.0,0.6084111591844694,0.45,0,18388391.0,Male,East
BRW-00731,Company_731,Financial Services,11,8348550.0,0.20743778968068322,0.10357885077721632,864733.2146561292,73457521.0,16704759.0,4.397400561277145,242636.0,36153351.0,0.00671130024126117,11415780.0,0.31102259038532615,585,441160.0,0,36704021.0,0.7332267134476601,0.3,0,15848.0,Non-Binary,North
BRW-00732,Company_732,Automotive,16,48607360.0,-0.041291874832268094,0.24162879936021947,11744938.036869958,6842538.0,9611425.0,0.711917045399923,3995913.0,900802.0,4.435945484195767,10266699.0,0.5399230275534475,718,3848034.0,0,19015115.0,0.9109222176616691,0.45,0,2135911.0,Male,North
BRW-00733,Company_733,Retail,31,1737898.0,0.07737403262175843,0.0428064473046553,74393.23915786583,862597.0,19301886.0,0.044689775668047375,5987719.0,1091616.0,5.485182990004736,380038.0,0.04198866264786956,726,7930014.0,0,9050966.0,0.9190165148639761,0.5,0,1616684.0,Male,East
BRW-00734,Company_734,Financial Services,6,12517163.0,0.31187156407462463,0.22627883438843877,2832369.0534900934,1661788.0,5193315.0,0.3199859203637907,742020.0,3051226.0,0.243187412801473,3012961.0,0.5301942774526905,630,5055574.0,0,5682748.0,0.6778585977223701,0.3,0,82617.0,Male,North
BRW-00735,Company_735,Construction,19,10775240.0,0.24477929333212045,0.19575256335955893,2109280.850814454,11827672.0,11182409.0,1.0577033036706756,7271869.0,2534427.0,2.869234793807518,32081419.0,4.065790786043041,728,1548121.0,2,7890572.0,0.7223830550124256,0.5,0,12518820.0,Female,Central
BRW-00736,Company_736,Automotive,37,388090420.0,0.15167588049334235,0.2593376346990543,100646451.57216255,529699.0,18243303.0,0.029035255894436666,104217.0,1792242.0,0.0581489228860149,45611633.0,3.380595218418952,754,2438377.0,0,13492189.0,0.8933299618527034,0.45,0,34392.0,Male,Central
BRW-00737,Company_737,Real Estate,4,30753883.0,0.0608633431171588,0.25189753042664464,7746827.178729969,21529131.0,63692589.0,0.3380162590342142,2699054.0,1741826.0,1.5495534286700114,4712380.0,0.11833490698702238,684,14496348.0,0,39822399.0,0.861324009560763,0.55,0,338769.0,Male,Central
BRW-00738,Company_738,Construction,4,15757855.0,0.13743446843166324,0.017581966853861708,277054.084297959,913923.0,55102970.0,0.01658573001444877,27200447.0,97114231.0,0.2800871349113897,2116370.0,0.940127125966116,814,260809.0,1,2251152.0,0.6874158644476186,0.5,0,3835782.0,Male,South
BRW-00739,Company_739,Financial Services,20,9367651.0,0.1833475929087581,0.1963863888893031,1839679.152265269,2932998.0,58554214.0,0.05009029665925843,2664287.0,14547432.0,0.18314482012049824,26047913.0,1.5153908855286726,829,1071295.0,1,17188906.0,0.7518454763680237,0.3,0,847862.0,Female,West
BRW-00740,Company_740,Construction,10,92347980.0,-0.06799035448232328,0.35434963731286456,32723473.21957567,11971992.0,41548945.0,0.2881418941409489,1111702.0,5456011.0,0.20375724980077023,13379756.0,0.48798515243449764,709,3983587.0,0,27418366.0,0.7452499781241113,0.5,0,81374.0,Male,North
BRW-00741,Company_741,Automotive,24,11466425.0,0.20770058658857593,-0.08223705861389158,-942965.0648167918,17919786.0,134356925.0,0.13337448640347727,2966908.0,455657.0,6.5112606384613025,7399298.0,3.682580240584889,767,15548262.0,0,2009269.0,0.8764969650492316,0.45,0,5874478.0,Female,West
BRW-00742,Company_742,IT Services,35,22400090.0,-0.08525410788356212,0.29603113366344785,6631124.036863262,29402189.0,10343108.0,2.84268385840273,3792676.0,1814476.0,2.090230959113838,32371235.0,4.36636800158408,564,49732919.0,3,7413766.0,0.7298297064198009,0.2,0,7610466.0,Male,Central
BRW-00743,Company_743,Automotive,26,9260927.0,0.16586779025184145,0.3722046119554905,3446959.7403831244,1251910.0,12123766.0,0.1032608099446319,12541207.0,4380411.0,2.86301996250581,1516496.0,0.494815920813582,785,12413059.0,1,3064767.0,0.6802799916074607,0.45,0,5863019.0,Female,East
BRW-00744,Company_744,Automotive,37,2479814.0,-0.08603356068244615,0.0018437375418237922,4572.126168540225,5594647.0,11539292.0,0.48483446949479486,3972199.0,4866390.0,0.8162515095889336,50700150.0,3.7095468527551314,817,1343578.0,0,13667477.0,0.6401617210876536,0.45,0,2139927.0,Male,Central
BRW-00745,Company_745,Retail,38,5421848.0,0.3744194365055921,0.09951611146230258,539561.2298996623,45786473.0,13614461.0,3.36307619059791,10252629.0,9185428.0,1.1161840127445326,933740.0,0.15036404995795397,618,232653.0,1,6209861.0,0.6921489363136828,0.5,0,1029944.0,Female,North
BRW-00746,Company_746,Telecom,21,11376296.0,0.1945012437405558,0.2421291986340638,2754533.4339039056,5596668.0,2614374.0,2.140728854888836,3753047.0,918610.0,4.085567231396097,2577043.0,0.33031521440842454,749,53862144.0,1,7801768.0,0.7482685221468444,0.35,0,1450436.0,Female,West
BRW-00747,Company_747,Real Estate,39,16274626.0,-0.15340379181789315,0.07366498610236309,1198870.098111157,13817019.0,20129822.0,0.6863954541478084,1062380.0,1893158.0,0.5611678680977139,1864784.0,0.31654542902136074,550,925036.0,0,5891046.0,0.714359242463628,0.55,1,50953.0,Male,West
BRW-00748,Company_748,Pharmaceuticals,21,17380581.0,0.07986100606547707,0.3437495020374435,5974566.063871452,11337869.0,26569275.0,0.4267285642258374,399199.0,801293.0,0.498192922947133,3709157.0,0.20314235711287176,637,4069070.0,0,18258904.0,0.7802109881201428,0.2,0,28742.0,Female,South
BRW-00749,Company_749,Energy,10,21138793.0,0.0017866933873046387,0.30706755189072854,6491037.416434869,62573707.0,10757480.0,5.81676202821088,5708831.0,9837343.0,0.5803223918976504,14063867.0,1.2587087015863783,658,2743200.0,0,11173249.0,0.8705856149088321,0.45,0,1376118.0,Female,East
BRW-00750,Company_750,Manufacturing,38,11605255.0,-0.015959039467204617,0.013804411254825788,160203.71273712325,4417729.0,1778341.0,2.4841841445571213,80270.0,4586338.0,0.0175019770671117,24584724.0,2.196156838713539,582,2947178.0,2,11194429.0,0.6412275595298226,0.4,0,28897.0,Male,Central
BRW-00751,Company_751,Telecom,4,182760941.0,0.10206552897026273,0.09083302800827844,16600729.672672324,1104691.0,15032374.0,0.0734874562402814,231468.0,1078616.0,0.2145970256356056,7863040.0,0.7535664365152498,680,568528.0,0,10434434.0,0.7635820783914011,0.35,0,34013.0,Female,East
BRW-00752,Company_752,Manufacturing,20,100129628.0,-0.059199062450274745,0.27238041862020257,27273349.990925156,2080653.0,3098262.0,0.6715546743449474,401494.0,2596964.0,0.15460123644330978,1307441.0,0.08300050691315915,675,48357297.0,0,15752204.0,0.7419885910984677,0.4,0,21681.0,Female,North
BRW-00753,Company_753,Retail,17,19723790.0,0.1942198647476654,0.26767912832967933,5279646.914557646,11795940.0,24465470.0,0.4821464503994221,9548869.0,2106148.0,4.533805063174543,442088.0,0.06465020598398427,749,880026.0,0,6838152.0,0.603461880186386,0.5,0,2578195.0,Male,South
BRW-00754,Company_754,Real Estate,7,35370455.0,0.1856981130499013,0.4462128042363646,15782749.912666144,843815.0,16905912.0,0.04991241821722376,349868.0,689748.0,0.5072395900537732,31628154.0,0.6497181870329634,578,4147370.0,1,48679803.0,0.6052445126045758,0.55,0,31132.0,Male,Central
BRW-00755,Company_755,Automotive,4,13823321.0,0.1327137162412978,0.0744141353460622,1028650.4798260638,3926971.0,19017051.0,0.20649735826562393,6617356.0,6053817.0,1.0930880313877953,26268399.0,10.16216704495031,749,1676614.0,1,2584920.0,0.7447911552500219,0.45,0,4774013.0,Non-Binary,North
BRW-00756,Company_756,Healthcare,29,339345.0,0.0770743207188703,0.35510614073663893,120503.49332827474,9950413.0,4101060.0,2.426302120353733,695255.0,2174633.0,0.3197112709541008,44291824.0,28.00067011713774,636,8207283.0,1,1581812.0,0.9381149582938868,0.25,0,312865.0,Female,East
BRW-00757,Company_757,Energy,14,24908994.0,0.1789727428917473,0.07033032662837163,1751857.6840041492,2813984.0,66579050.0,0.04226530654514736,2624170.0,1050541.0,2.497920121232659,7284987.0,5.002841014441995,597,2388475.0,0,1456169.0,0.8113483616843048,0.45,0,4326278.0,Non-Binary,South
BRW-00758,Company_758,IT Services,3,38202883.0,0.1987078259116976,0.24003851189470457,9170163.185407506,14509002.0,17970661.0,0.8073715926547391,2976012.0,675676.0,4.404489127201311,24208943.0,21.798036560351953,684,2043698.0,0,1110601.0,0.6219473519821888,0.2,0,8570915.0,Female,Central
BRW-00759,Company_759,Healthcare,24,2150062.0,0.14823766051125217,0.2870810929871381,617242.148950112,26340484.0,4891039.0,5.385456671791684,2565904.0,5528990.0,0.46408178273395634,3404748.0,0.1954426293818338,760,16697527.0,1,17420702.0,0.8490926926683968,0.25,0,173199.0,Male,East
BRW-00760,Company_760,Retail,37,51090882.0,-0.11678110347703564,-0.1,-5109088.2,17581590.0,29372516.0,0.5985728087245639,1239261.0,2735349.0,0.4530539053503208,18272160.0,1.1847377137381818,661,2012421.0,2,15422957.0,0.6002559601812893,0.5,0,220230.0,Male,Central
BRW-00761,Company_761,Telecom,16,15857212.0,-0.03825791708035099,0.28934475576993385,4588201.133332064,872173.0,16473811.0,0.05294299825686975,311901.0,861487.0,0.3620491521646268,4327424.0,0.14554156893237138,741,27137503.0,0,29733250.0,0.9204888656002066,0.35,0,18246.0,Female,South
BRW-00762,Company_762,IT Services,4,40100549.0,0.03979086177618314,0.3461483629259263,13880739.388780892,10006779.0,132792778.0,0.07535634900750138,3403276.0,1090992.0,3.1194297305298933,2619833.0,0.8481132970304754,722,513934.0,0,3089012.0,0.7511600366481845,0.2,0,4156364.0,Female,South
BRW-00763,Company_763,Construction,24,16591516.0,-0.14136863467745459,0.31150581041684905,5168353.637624118,11253204.0,7546170.0,1.4912468853409233,7545646.0,1995937.0,3.780501197933002,12584744.0,0.6720210146874689,900,2248834.0,0,18726711.0,0.769592723938857,0.5,0,4563749.0,Male,East
BRW-00764,Company_764,Financial Services,34,157735748.0,0.1136004699997295,0.42640065720932124,67258626.61260387,5018315.0,3278708.0,1.530576516549654,9054852.0,2140548.0,4.230154039921534,11636477.0,1.23717564675554,674,900265.0,3,9405678.0,0.860626480321305,0.3,0,14115077.0,Female,Central
BRW-00765,Company_765,IT Services,30,33914162.0,0.29165078109854253,0.2958212740207068,10032530.610184642,14217249.0,20732562.0,0.6857448835438242,3695710.0,2496662.0,1.480259850848913,34879757.0,3.322875633558572,686,3423610.0,1,10496858.0,0.617987504274215,0.2,1,5251787.0,Female,West
BRW-00766,Company_766,Pharmaceuticals,18,108648090.0,0.2677535550139389,0.11553538783769826,12552699.215975147,13472173.0,49360992.0,0.27293156359313925,4810948.0,237274.0,20.275831840691183,1293875.0,0.07788898062429775,788,416677.0,0,16611784.0,0.7332900765009414,0.2,0,2078330.0,Female,North
BRW-00767,Company_767,Retail,19,122925521.0,0.19094392160073123,0.3286813361298333,40403324.48673588,7753750.0,237948031.0,0.03258589673899887,1028218.0,2290991.0,0.44880907484618016,35700405.0,8.558750359906952,695,8279593.0,1,4171216.0,0.8694201007943634,0.5,0,308465.0,Male,South
BRW-00768,Company_768,Agriculture,31,4504856.0,0.18915679008073322,0.10872404633335014,489786.1724690704,1970095.0,886094902.0,0.0022233453700387664,6415353.0,459098.0,13.97378996686989,10797641.0,0.09140903982159221,720,9614033.0,3,118124432.0,0.8155831307565823,0.6,0,1385716.0,Male,Central
BRW-00769,Company_769,Financial Services,19,7972229.0,0.4122943296445072,0.18989015099351741,1513847.7685648983,8538267.0,2275117.0,3.752889740224463,6070812.0,10884007.0,0.5577735701774567,44098611.0,1.3100410890545264,559,31305426.0,1,33662005.0,0.6975697005912781,0.3,0,1863112.0,Non-Binary,East
BRW-00770,Company_770,Manufacturing,19,47555881.0,0.20657957482675432,0.2798139928081483,13306800.944119155,146186884.0,12456023.0,11.736239750340879,2091299.0,6930979.0,0.3017320782919587,43420966.0,8.315811084756378,690,11653484.0,0,5221494.0,0.8458061505562902,0.4,0,752868.0,Female,East
BRW-00771,Company_771,Energy,22,13959824.0,0.21884535301825203,0.23376969889760515,3263383.853143562,4933402.0,3291799.0,1.4986943313688559,3513512.0,7945184.0,0.4422190295128433,230889.0,0.0773379861153446,643,11457225.0,0,2985453.0,0.6421378292785866,0.45,0,173919.0,Male,South
BRW-00772,Company_772,Manufacturing,24,16887594.0,-0.13583720415042316,0.3421358390220196,5777851.142253224,42753353.0,10887648.0,3.9267754682392866,3140230.0,103707.0,30.27953484784202,42838583.0,5.263803164603857,661,9075451.0,0,8138332.0,0.8920141357148316,0.4,0,6782897.0,Female,South
BRW-00773,Company_773,IT Services,12,166390374.0,0.2799228191534402,0.4786409635006522,79641248.92859387,9419434.0,286340578.0,0.032895910292896346,6483775.0,1384683.0,4.682494345280222,45791264.0,4.294543735377125,720,2357048.0,0,10662660.0,0.857423218547303,0.2,0,18673272.0,Male,West
BRW-00774,Company_774,Manufacturing,30,15164238.0,0.13977460254583435,0.04351632696583205,659891.9389956951,2673520.0,5478525.0,0.4879998744187761,322629.0,1805578.0,0.17868451061958518,1345840.0,0.0521784151004141,695,37070294.0,2,25793040.0,0.899285485321865,0.4,0,17422.0,Male,East
BRW-00775,Company_775,Pharmaceuticals,38,5646836.0,0.06803234818509837,0.1405996657428375,793943.2541046215,5695033.0,14269834.0,0.39909592507551767,313150.0,3953041.0,0.07921747353051144,853568.0,0.3090973483117423,761,7508061.0,1,2761485.0,0.9135374064341756,0.2,0,23231.0,Male,Central
BRW-00776,Company_776,Retail,31,6915667.0,0.030854281389764177,0.21796540350747712,1507376.1481783437,8664064.0,7296946.0,1.1873546566803899,338503.0,5844721.0,0.057916013798432156,28405289.0,2.402713833645924,776,133647418.0,0,11822168.0,0.8448896017876256,0.5,0,101551.0,Male,North
BRW-00777,Company_777,Construction,36,637799642.0,-0.002289315500386732,0.12441708680319105,79353173.42175817,23743449.0,4395294.0,5.4020148818224945,1677560.0,9263113.0,0.18110108544491627,10537141.0,5.470835494484327,685,45382874.0,0,1926056.0,0.6002874387825958,0.5,0,503268.0,Female,North
BRW-00778,Company_778,Telecom,19,18488709.0,0.26851653175413437,0.17091524778025213,3160002.279871978,315625889.0,125944010.0,2.50608096799458,6471777.0,123031.0,52.602387996618766,3390105.0,0.24660036644115918,723,5498135.0,1,13747363.0,0.9169847053584161,0.35,0,2271594.0,Female,West
BRW-00779,Company_779,Energy,36,3120889.0,0.0757461606113939,0.2730983527530082,852309.645024983,9645450.0,2310307.0,4.174962818810306,112535.0,758001.0,0.14846266896393412,76912155.0,9.63766176401485,537,5917317.0,2,7980374.0,0.8754492328534491,0.45,1,37137.0,Male,Central
BRW-00780,Company_780,Pharmaceuticals,30,1699445.0,0.003248216169462817,0.257148999764012,437010.5819039514,1402422.0,13269564.0,0.10568711182318336,3764064.0,2125162.0,1.771188374727021,13989404.0,0.22698552281771422,725,11387233.0,0,61631260.0,0.8549341203226992,0.2,0,960029.0,Female,North
BRW-00781,Company_781,Pharmaceuticals,33,9464372.0,-0.0357320207095172,0.20967992763670604,1984488.8360868667,742764.0,16281757.0,0.045619398101851165,19591874.0,5364957.0,3.651822437379752,388916.0,0.20538293443119876,784,35169986.0,0,1893613.0,0.7333046104347286,0.2,0,8463690.0,Female,North
BRW-00782,Company_782,Manufacturing,18,17988025.0,0.10558981916942853,0.19772766039170767,3556730.0983175472,4720018.0,14081045.0,0.335203648933467,4924463.0,5189636.0,0.9489031699134255,1931141.0,0.05518926391985378,627,326965.0,1,34991243.0,0.6891290062572516,0.4,0,504667.0,Male,Central
BRW-00783,Company_783,Manufacturing,28,100308456.0,0.02605854436733257,0.15313558386076603,15360793.97573196,1636169.0,10030584.0,0.16311800358603212,158207.0,3505638.0,0.04512929026633946,42435957.0,26.24137875593873,760,23408698.0,3,1617138.0,0.6868232138010839,0.4,1,56955.0,Female,Central
BRW-00784,Company_784,IT Services,11,86747985.0,-0.008163332874948234,0.34854274073372615,30235380.445028163,20518951.0,101666815.0,0.2018254510891735,7142686.0,923132.0,7.7374397838664635,9376338.0,3.978518640784032,663,5722033.0,0,2356740.0,0.946977406321409,0.2,0,20570936.0,Female,South
BRW-00785,Company_785,Telecom,33,23926098.0,-0.12732339539132054,0.37960666039115976,9082506.157971608,20746406.0,1162104.0,17.852436741946725,4701640.0,1075439.0,4.371829204790598,3018890.0,1.817557316250843,653,16526282.0,1,1660959.0,0.7218523394201871,0.35,1,9998235.0,Female,North
BRW-00786,Company_786,Healthcare,17,12221987.0,0.2239036039256746,0.3022576804330165,3694189.440902482,7138669.0,24735304.0,0.2886024247527977,1955282.0,931602.0,2.0988360921980713,17517796.0,1.5347616881944368,813,1111343.0,2,11414016.0,0.7292420922215139,0.25,0,2834271.0,Female,North
BRW-00787,Company_787,Manufacturing,6,40201014.0,0.05929650868253507,0.042074809456085466,1691450.003991424,23821037.0,26093563.0,0.9129085241096233,4293728.0,610929.0,7.028183261584797,3571325.0,1.299715697142487,697,1038635.0,1,2747773.0,0.768820861338543,0.4,0,6027076.0,Male,West
BRW-00788,Company_788,Retail,4,1753073.0,-0.08278579855360306,0.1485347483958634,260392.25697458143,9792614.0,20674006.0,0.47366792513904055,402803.0,600748.0,0.6705013241803149,1368674.0,0.5931453508906883,769,5438597.0,0,2307484.0,0.8172770035086843,0.5,0,48059.0,Male,South
BRW-00789,Company_789,Agriculture,20,471590386.0,0.03931457880006751,0.20395991517274614,96185535.12484261,146327921.0,5405824.0,27.06856418770493,3528852.0,535614.0,6.588411452255818,40835683.0,3.752037859528294,543,14136220.0,0,10883600.0,0.6708945308885695,0.6,0,5081547.0,Female,South
BRW-00790,Company_790,Energy,27,64434412.0,0.1623698083948426,0.06711665664933182,4324622.306605586,22729801.0,62210683.0,0.3653681255136176,6701812.0,2967232.0,2.258606587349224,51202393.0,3.667540723020428,651,515416.0,0,13960960.0,0.8296417215983267,0.45,0,9990259.0,Female,North
BRW-00791,Company_791,Automotive,15,88674714.0,0.08432613074049677,0.18949004456747137,16802975.507867776,34052895.0,58584240.0,0.5812637395097429,1156155.0,2301788.0,0.5022853962722039,18287029.0,1.9775390119154999,756,1797626.0,1,9247366.0,0.8694957047626896,0.45,0,378971.0,Male,East
BRW-00792,Company_792,Manufacturing,6,4822340.0,0.10864906216559145,0.18266661510410914,880880.5246811496,1012374.0,5181958.0,0.1953651119200287,1613251.0,652037.0,2.4741671497673448,889216.0,0.11769184139681767,709,542223.0,0,7555459.0,0.8414666889013355,0.4,0,431077.0,Male,East
BRW-00793,Company_793,Retail,14,165415817.0,0.08638223869854642,0.31009658095046766,51294879.28682824,1533628.0,3479992.0,0.4406985876121015,1395220.0,254288.0,5.486749328519912,142558565.0,2.576298817093575,685,6120970.0,0,55334638.0,0.7961232290068919,0.5,0,2511396.0,Female,Central
BRW-00794,Company_794,Retail,11,12115234.0,-0.11152836646616214,0.1202051472385642,1456313.486799659,18224140.0,2759822.0,6.60337275252797,1602500.0,1272890.0,1.2589451885511014,135442371.0,13.173673520183408,748,65030399.0,1,10281290.0,0.8750799141990412,0.5,0,1210476.0,Male,South
BRW-00795,Company_795,Energy,39,5787221.0,0.2222762814895296,0.3195963465928434,1849574.688525382,869927.0,19201255.0,0.0453057341665566,941080.0,11711322.0,0.08035642087576271,59982834.0,3.0158372240806495,633,1977670.0,0,19889280.0,0.7373500638280797,0.45,0,310556.0,Male,North
BRW-00796,Company_796,Healthcare,9,22776536.0,-0.17623692405728986,0.0651158356596736,1483113.1750726395,3482588.0,15496712.0,0.22473075419284078,1028950.0,1997190.0,0.515198596428684,14014856.0,1.3671198970128196,797,10601861.0,2,10251372.0,0.6405267791208364,0.25,0,326128.0,Male,North
BRW-00797,Company_797,Retail,26,21991518.0,0.1492304861917163,0.08185929628063754,1800210.1876229735,52123107.0,9498747.0,5.487366019184845,7089574.0,5178842.0,1.368949396612332,10186884.0,3.43661652529722,682,3922876.0,0,2964218.0,0.7415889565432737,0.5,0,5823161.0,Male,North
BRW-00798,Company_798,Agriculture,16,4790735.0,0.17233563822431675,0.1344765230721615,644241.3857601117,3372673.0,178051031.0,0.01894217046717258,239416.0,2460943.0,0.09728624462807768,17122916.0,1.1118669046643639,634,5685229.0,0,15400148.0,0.7936660923829165,0.6,0,31944.0,Male,West
BRW-00799,Company_799,Retail,5,6309670.0,0.04702344443312262,0.18574462639977699,1171987.2968558809,1447576.0,8424871.0,0.17182172025877662,4301552.0,1849153.0,2.326227020572651,1603350.0,0.34763673798421646,639,1336614.0,0,4612141.0,0.6710959318212836,0.5,0,1043576.0,Female,East
BRW-00800,Company_800,Retail,10,5610511.0,0.13301337857083353,-0.1,-561051.1,24186737.0,18347426.0,1.3182631548281947,7068921.0,338520.0,20.881779860038225,3923602.0,0.48360184339521944,693,8728489.0,0,8113289.0,0.688186481993915,0.5,0,3076689.0,Male,West
BRW-00801,Company_801,Retail,3,5691176.0,0.0384296796139669,0.23511570784931268,1338084.87373502,199295333.0,11603686.0,17.175173115234838,429746.0,1217096.0,0.3530910026070231,3688083.0,0.30581180261055246,665,2417347.0,1,12059975.0,0.8215296574642563,0.5,0,19713.0,Non-Binary,North
BRW-00802,Company_802,Construction,13,13495315.0,0.13482428046366723,0.38512110380949016,5197330.60905677,2641962.0,154505715.0,0.01709944504577423,2914354.0,1043670.0,2.79240680252685,22092604.0,17.325344799597854,742,48040266.0,2,1275160.0,0.7385462852671234,0.5,0,4882837.0,Non-Binary,North
BRW-00803,Company_803,Construction,30,3007207.0,0.2289383815278357,0.2581523481572824,776317.5484450167,55730532.0,1345665.0,41.41483250672901,826694.0,11727679.0,0.07049083876776993,12872439.0,7.24347184106321,696,1519148.0,2,1777108.0,0.6945549988887031,0.5,1,248008.0,Non-Binary,South
BRW-00804,Company_804,Healthcare,6,8562804.0,-0.03881896395780045,0.15471960878338048,1324833.6849687656,2191808.0,10100627.0,0.21699720057010316,17974990.0,2470336.0,7.276331124053115,2110782.0,0.09566620422470419,671,14191494.0,0,22064029.0,0.8640878596931956,0.25,0,7279871.0,Female,South
BRW-00805,Company_805,Manufacturing,17,115837838.0,0.18109472884284544,0.04984907012764886,5774408.509897227,7506639.0,30618244.0,0.24516882009403218,2401381.0,9184639.0,0.26145619207720716,815128.0,0.178145717798115,728,63110910.0,0,4575624.0,0.8218041423205336,0.4,0,129675.0,Female,East
BRW-00806,Company_806,Retail,19,83050896.0,0.3338597003582167,-0.03756266828988161,-3119613.2576254555,8010795.0,11219166.0,0.714027610071229,29789817.0,7670833.0,3.8835173593901264,15148814.0,3.157417834533767,657,19443477.0,0,4797848.0,0.9129783753075102,0.5,0,53621671.0,Male,Central
BRW-00807,Company_807,Telecom,35,5001163.0,0.11968478938015409,-0.017162834965838092,-85834.13520625573,2749769.0,3062680.0,0.897830691475867,23757673.0,718487.0,33.06620709044549,1803388.0,0.17182808616120124,739,844393.0,3,10495303.0,0.6043119025926083,0.35,0,8338943.0,Male,North
BRW-00808,Company_808,Manufacturing,26,101676562.0,0.0045343663367881926,0.16429921499917474,16705379.320414921,33035489.0,18108943.0,1.824263689809853,5183514.0,1985520.0,2.6106568502675116,1352076.0,0.22376121122152356,726,732323.0,2,6042494.0,0.9199428223519025,0.4,0,1461497.0,Male,South
BRW-00809,Company_809,Healthcare,5,1264694.0,0.41948492586283037,0.4328292022141522,547396.495065025,882416.0,2093634.0,0.42147556761326593,81332923.0,14974425.0,5.431455135575814,206273663.0,15.288881725659909,722,6452214.0,0,13491742.0,0.8909878562067479,0.25,0,219598892.0,Male,East
BRW-00810,Company_810,Real Estate,29,923532439.0,0.0933059358567136,-0.1,-92353243.9,11906219.0,32745687.0,0.3635965443755526,308131.0,3897380.0,0.079061041247956,284011556.0,33.63768945006274,671,3586743.0,0,8443253.0,0.7820588176175511,0.55,0,83195.0,Female,West
BRW-00811,Company_811,Manufacturing,37,169857395.0,0.11472948557043161,0.26402614670820757,44846793.49174396,44510998.0,8922480.0,4.988634663385666,28577374.0,3624630.0,7.8842160760640185,4530927.0,0.4180450951614583,649,7083006.0,0,10838368.0,0.6471548582594112,0.4,0,12902362.0,Non-Binary,North
BRW-00812,Company_812,Manufacturing,20,10432142.0,0.117856131430041,0.09867415051368701,1029382.7498881558,29158155.0,7291601.0,3.998868149962107,2186666.0,5934524.0,0.36846520993676835,576581.0,0.13090665952249053,764,19635748.0,3,4404519.0,0.8254412919682141,0.4,0,118080.0,Male,Central
BRW-00813,Company_813,Financial Services,21,42868157.0,0.14717949913989214,0.13974060491659882,5990422.19083973,18565630.0,51412269.0,0.3611128238453583,2703257.0,3528761.0,0.7660638490212714,54640568.0,5.066713005961301,749,3726897.0,2,10784223.0,0.6809913483640289,0.3,0,1739529.0,Female,East
BRW-00814,Company_814,IT Services,10,2953853.0,0.029168758182652188,0.06747613361471853,199314.5797062372,95816848.0,4395672.0,21.79799270782881,1636639.0,3819485.0,0.42849718522335206,14711682.0,0.5482977989273375,619,1272859.0,0,26831553.0,0.7133880743393173,0.2,0,215368.0,Female,Central
BRW-00815,Company_815,Automotive,5,26447288.0,0.10849862910562566,0.015907345021571484,420706.13510086725,6392103.0,2301427.0,2.777450782731417,371358.0,2849154.0,0.13033969720847058,28205444.0,5.600039391254228,665,4462614.0,1,5036650.0,0.7264675729941124,0.45,0,122548.0,Male,North
BRW-00816,Company_816,Financial Services,36,18338357.0,0.22282756151551547,0.19507646864067849,3577381.9242320666,902488.0,4913126.0,0.1836891250724844,7682033.0,1318877.0,5.824672941697412,3429310.0,0.15451737735306237,807,31928388.0,3,22193684.0,0.654243962161606,0.3,0,2903808.0,Non-Binary,East
BRW-00817,Company_817,Agriculture,6,6905681.0,0.02398984681478663,0.21153641837636028,1460803.0251896821,10884065.0,170867812.0,0.06369874354276425,508350.0,556983.0,0.9126833086767304,1872066.0,0.22182054213304214,778,3448738.0,2,8439551.0,0.945040398629981,0.6,0,33405.0,Female,South
BRW-00818,Company_818,Construction,26,11961022.0,0.017000903430995667,0.2602008070463149,3112267.577498727,7358425.0,4393228.0,1.6749468329558965,1347151.0,213557.0,6.308127066183426,6204930.0,0.3349992422614977,606,82423824.0,0,18522220.0,0.624796436503863,0.5,0,406165.0,Male,Central
BRW-00819,Company_819,Construction,4,10319221.0,0.03618732867970225,-0.02222924473298285,-229388.48906273601,371859.0,22717090.0,0.016369129304451877,1439637.0,1335411.0,1.078047074610682,11541190.0,1.1418633803388234,700,12331922.0,3,10107329.0,0.6597708368822974,0.5,0,531650.0,Non-Binary,West
BRW-00820,Company_820,IT Services,39,4423293.0,-0.08466592269762739,0.2848766800173705,1260093.0245840747,1643516.0,40306526.0,0.04077543073855011,14553831.0,3348173.0,4.3467964926553995,2966301.0,0.3451545899447797,733,10689984.0,3,8594122.0,0.6217464731218605,0.2,0,7233583.0,Female,West
BRW-00821,Company_821,Energy,39,6667657.0,-0.02242591927773517,0.28701690651062206,1913730.2858138948,1357372.0,4743568.0,0.2861499432178598,2926990.0,2639989.0,1.1087125330020189,62144641.0,4.929538485604031,779,1442558.0,0,12606583.0,0.6722442406501594,0.45,0,2141826.0,Male,Central
BRW-00822,Company_822,Energy,35,2777977.0,-0.028536988546014316,0.2309392423717766,641543.9037062208,2618732.0,4750947.0,0.5512019916867118,83649.0,4252824.0,0.019669043518132066,655982.0,0.02193418327282041,710,2709270.0,2,29906834.0,0.6424930073910047,0.45,0,4141.0,Female,North
BRW-00823,Company_823,Healthcare,1,87399153.0,0.07992162144979578,0.12948460595178468,11316844.88672474,5247375.0,18186504.0,0.2885312488573258,848686.0,1704441.0,0.4979260074558125,16417978.0,1.4590566454751543,738,7156175.0,0,11252460.0,0.8789226831301823,0.25,0,278613.0,Female,North
BRW-00824,Company_824,Pharmaceuticals,24,5967454.0,0.20542184835586508,0.21701170406267334,1295007.3614556163,5557667.0,19199344.0,0.2894716981230349,313884.0,51981587.0,0.006038368816281642,10739017.0,0.7489097623395572,774,3126514.0,1,14339533.0,0.8382698265930323,0.2,0,56417.0,Male,North
BRW-00825,Company_825,IT Services,36,3863054.0,0.2980571145319208,0.16074611318276133,620970.9155151189,2762904.0,73820018.0,0.03742757096824914,6946324.0,22583015.0,0.3075906247420628,55297114.0,8.995424457346692,785,21671606.0,2,6147248.0,0.8396726452852441,0.2,0,3334236.0,Female,West
BRW-00826,Company_826,Automotive,6,85348806.0,0.0885782925787797,0.29622195959820075,25282190.562686674,1354702.0,5820649.0,0.2327406732925017,554411.0,320900.0,1.7276699044253523,2107662.0,0.049301702949931005,685,4501821.0,1,42750287.0,0.9117916389426801,0.45,0,94826.0,Non-Binary,West
BRW-00827,Company_827,Manufacturing,31,42052548.0,0.14847046271430617,0.13601468424878604,5719764.0380769195,15653069.0,9316483.0,1.6801476823230739,1317500.0,4359250.0,0.30223081900996296,25616405.0,1.5195379979928842,703,1349555.0,0,16858021.0,0.6946472606503933,0.4,0,360358.0,Female,South
BRW-00828,Company_828,Energy,20,80740558.0,0.11650907088615431,0.1929629316092002,15579934.771442661,10584040.0,441670915.0,0.023963633593659585,45150191.0,6340895.0,7.1204749297260195,18176839.0,1.8925974492762314,639,5550659.0,0,9604175.0,0.9023401875595245,0.45,0,84596625.0,Female,North
BRW-00829,Company_829,Automotive,24,95451119.0,-0.23401584328099878,-0.028598640596536884,-2729772.2468182733,11072856.0,1704615.0,6.495806680214195,8496493.0,155279.0,54.71723982483256,12816060.0,1.6304617062747675,678,2019467.0,2,7860386.0,0.9316217918723287,0.45,0,13714674.0,Female,West
BRW-00830,Company_830,Retail,25,441718052.0,-0.09218363677904111,0.21663597470282658,95692020.73885384,128124990.0,1332776.0,96.13385435072784,569845.0,2422380.0,0.23524168989106173,2350526.0,0.09948398412336978,667,9703603.0,0,23627179.0,0.6785935954807276,0.5,0,25643.0,Male,West
BRW-00831,Company_831,Pharmaceuticals,36,19114167.0,0.19418964367471092,0.09005346589143158,1721296.985977627,11345266.0,2786650.0,4.071290592183951,11269073.0,3686906.0,3.056511325075463,2786589.0,0.5749528694008363,684,1611854.0,0,4846638.0,0.6333678905938247,0.2,0,9330028.0,Non-Binary,North
BRW-00832,Company_832,Telecom,21,2713062.0,0.20877277578793685,0.2414959460832683,655193.4744725641,5126908.0,54949581.0,0.09330203822114606,1113760.0,1969429.0,0.5655240348730344,5697466.0,3.8129626109931762,692,56420668.0,0,1494235.0,0.6825568282122034,0.35,0,491289.0,Female,North
BRW-00833,Company_833,Manufacturing,30,36272002.0,0.20534120376799553,0.2746109874297401,9960690.285273507,7582026.0,8658552.0,0.875668948379712,11226919.0,3150805.0,3.5631895457860625,4180793.0,0.43762705001944874,765,378054.0,0,9553323.0,0.6611267255088082,0.4,1,5306260.0,Male,West
BRW-00834,Company_834,Agriculture,24,8855002.0,0.05332820233049168,0.10680324694864173,945742.9653367164,10305918.0,8654794.0,1.190775518079862,1761193.0,2180089.0,0.8078533455040847,58830373.0,2.0140834655134987,727,2166429.0,3,29209500.0,0.74153241275923,0.6,0,682937.0,Female,Central
BRW-00835,Company_835,Retail,30,5744435.0,-0.21922516909014617,0.18374259629612602,1055497.4011543368,22380263.0,4600763.0,4.864466640757926,774489.0,4607036.0,0.16811000215539837,10889795.0,0.2495809013157103,597,4712158.0,0,43632324.0,0.6392887817298364,0.5,0,34852.0,Female,West
BRW-00836,Company_836,Retail,22,28060901.0,-0.07427874785187584,0.20093938936239092,5638540.311898504,8309578.0,44105805.0,0.1884010009929305,673200.0,12711413.0,0.05296027648851654,29271944.0,3.6672199495543314,744,1738267.0,0,7982052.0,0.7761537811747508,0.5,0,201960.0,Male,South
BRW-00837,Company_837,IT Services,28,88510266.0,-0.05132617684707429,0.2241676478319985,19841138.13820451,481961.0,2838924.0,0.1697688385568481,5032574.0,4998748.0,1.0067666930265953,1007769.0,0.1085723747958684,656,122354.0,0,9282001.0,0.6040870835293872,0.2,0,729594.0,Female,East
BRW-00838,Company_838,Pharmaceuticals,7,6892936.0,0.17431528686360676,0.27478293907726986,1894061.2129515202,4615256.0,7291338.0,0.6329778385012684,12858709.0,8124339.0,1.5827389055603287,560757.0,0.03753476984896853,612,65909575.0,0,14939667.0,0.9138047350306928,0.2,0,2930685.0,Female,North
BRW-00839,Company_839,Healthcare,35,163378823.0,0.026394335537510617,0.25908134116361553,42328404.580572955,8906036.0,4824555.0,1.8459804384071818,5714976.0,557433.0,10.252291751131075,6805766.0,0.9976327761339742,608,11384349.0,0,6821914.0,0.6667867526545157,0.25,0,7696954.0,Female,South
BRW-00840,Company_840,Agriculture,28,5474322.0,0.33356007621956274,0.13441316313022406,735820.9360133744,62852568.0,593192.0,105.95635484572475,1708351.0,22587519.0,0.07563251742555181,1306205.0,0.08770560412627033,713,581309.0,0,14893061.0,0.7255137043960536,0.6,0,61501.0,Male,Central
BRW-00841,Company_841,Energy,14,16753959.0,0.30014575067911364,0.37179863149849246,6229099.0283818515,2733673.0,8253214.0,0.33122522556361367,220573.0,2893311.0,0.07623546993894886,9433888.0,1.1562945382145542,784,720814.0,2,8158723.0,0.7467738761225817,0.45,0,42083.0,Female,East
BRW-00842,Company_842,Automotive,10,43118462.0,0.33105476693312946,0.2702384971344961,11652268.369630879,764600.0,13646383.0,0.056029494699841365,1252903.0,1240867.0,1.009698855962117,2508868.0,0.10269148528597952,683,420022.0,0,24431119.0,0.6959663141986074,0.45,0,125240.0,Female,West
BRW-00843,Company_843,IT Services,16,13499338.0,-0.057476949046483275,0.3486173270702432,4706103.130777762,9787003.0,5776877.0,1.69416819950153,499793.0,3263976.0,0.15312393439046906,14066103.0,0.7682023045354243,774,3070953.0,1,18310414.0,0.6558979642204029,0.2,0,92146.0,Non-Binary,North
BRW-00844,Company_844,Energy,16,1682845.0,0.1536336818212357,0.2216048068046303,372926.5411071381,32584764.0,10618093.0,3.0687959628159254,25465980.0,1031439.0,24.689734739781276,2746240.0,0.13745143761088435,706,34608965.0,0,19979710.0,0.6479905766058216,0.45,0,7563396.0,Female,West
BRW-00845,Company_845,IT Services,31,97086339.0,0.008371386659319566,0.22869665463342487,22203320.93990661,4925151.0,10949985.0,0.44978605452098297,1798160.0,2340060.0,0.7684244128678697,20616030.0,2.8487975538183727,527,2461178.0,0,7236747.0,0.8886166629696053,0.2,0,1326480.0,Female,South
BRW-00846,Company_846,IT Services,25,9481030.0,0.12918077273499357,0.16593707383145478,1573254.3751082378,317051326.0,12489130.0,25.386179871121538,5129764.0,2845781.0,1.8025850188102954,2370236.0,0.03887409269193246,748,1917775.0,0,60972123.0,0.8810374245864607,0.2,0,1331544.0,Male,North
BRW-00847,Company_847,IT Services,13,73835313.0,-0.040842061411593994,0.12674706258747653,9358409.03797692,222680173.0,4135595.0,53.844759739587715,1952294.0,870236.0,2.243404957500083,542284.0,0.03761445331019383,656,16257352.0,1,14416904.0,0.944341721670241,0.2,0,630689.0,Female,West
BRW-00848,Company_848,Pharmaceuticals,6,3626519.0,0.2639234551327183,0.29704058173252423,1077223.313424052,7970764.0,3860134.0,2.0648925490947856,6227766.0,2390327.0,2.6054022711527454,31929935.0,2.8060010580745853,635,6164752.0,1,11379159.0,0.9038551397727045,0.2,0,15576802.0,Male,North
BRW-00849,Company_849,Healthcare,9,4684853.0,-0.03803973253058285,0.21175087494976993,992021.7217610545,11758298.0,15499771.0,0.7586110298912784,9599879.0,855004.0,11.227862994953245,2804981.0,0.6756027477106425,749,3496286.0,0,4151819.0,0.8576411275025264,0.25,0,8755701.0,Male,South
BRW-00850,Company_850,IT Services,36,88070670.0,-0.21208585370066463,0.1642123385383926,14462290.677343056,69240549.0,2492246.0,27.782378311619997,107465678.0,848422.0,126.6652106319607,69633408.0,8.63502563533404,710,11504004.0,2,8064064.0,0.697637462107401,0.2,1,309501153.0,Male,West
BRW-00851,Company_851,Real Estate,20,40255699.0,0.3850671223614742,0.05728500169543173,2306047.7854657895,7765861.0,11330967.0,0.6853660693420015,1649713.0,589402.0,2.7989558926574856,3394759.0,0.34073966935968814,694,270415.0,3,9962910.0,0.7834813718491215,0.55,0,424806.0,Female,East
BRW-00852,Company_852,Telecom,18,12511033.0,0.14637450193518953,0.3666138645249743,4586718.157329483,2660081.0,104279854.0,0.025509059252144146,15629308.0,1266228.0,12.343192266169863,2587006.0,0.6399846225930128,707,7767003.0,0,4042293.0,0.6847337625455939,0.35,0,11702945.0,Male,Central
BRW-00853,Company_853,Energy,21,41142302.0,-0.08036901466271919,0.19351505215590842,7961654.717344135,33713127.0,13983824.0,2.410865911150919,4959798.0,1023940.0,4.843831822341326,5803439.0,0.874833371396183,632,26262589.0,3,6633764.0,0.7797124532630382,0.45,0,4295607.0,Male,West
BRW-00854,Company_854,Manufacturing,4,5774379.0,0.05565933273962945,0.03279329073377388,189360.88935399847,17834035.0,1636581.0,10.897122783948497,1373420.0,3501330.0,0.39225654472542015,3834009.0,0.5092691685795209,841,599458.0,2,7528452.0,0.755540891481511,0.4,1,125899.0,Male,North
BRW-00855,Company_855,Financial Services,33,28499260.0,-0.0065285642075326444,0.18977069589894277,5408324.402804904,2647120.0,18179077.0,0.14561354541742985,1528632.0,7389465.0,0.20686636896360305,10737493.0,1.1426286701815491,713,2195883.0,0,9397184.0,0.9111266946922462,0.3,0,366798.0,Female,West
BRW-00856,Company_856,Automotive,27,29292172.0,0.08086121702066597,0.15588954746393255,4566343.437315676,13507373.0,39121723.0,0.34526528023151537,6624952.0,4388528.0,1.509606521912012,16254624.0,10.661020884409691,712,206164.0,1,1524677.0,0.6782046003633886,0.45,0,6600707.0,Female,North
BRW-00857,Company_857,Agriculture,7,13788254.0,0.20041712538722312,0.1509664319825822,2081563.5096495668,6989428.0,5641269.0,1.2389812932194346,2095068.0,6369284.0,0.32893299640383494,20407631.0,2.6292269471775818,693,2005048.0,0,7761836.0,0.6846557137301558,0.6,0,502816.0,Male,South
BRW-00858,Company_858,Construction,6,6900272.0,0.1768668639355446,0.24915117623656385,1719210.885152227,4987057.0,10234307.0,0.4872881488421103,3826278.0,5756279.0,0.6647136692447205,7813859.0,1.2824285571499308,570,1459131.0,0,6093016.0,0.8423534429117832,0.5,0,978511.0,Female,Central
BRW-00859,Company_859,Healthcare,15,26839168.0,0.11805935307627709,0.1560552574283717,4188393.271403316,2733902.0,5110325.0,0.5349760465379313,8859212.0,652108.0,13.585477274504722,935520.0,0.1075006748094245,646,49660207.0,1,8702456.0,0.8349976727698594,0.25,0,3587981.0,Male,North
BRW-00860,Company_860,Manufacturing,18,22242786.0,0.08078796699642633,0.14334011375034092,3188283.4753644904,10661020.0,8413785.0,1.2670895123788506,138026127.0,1327915.0,103.94191123534922,117877820.0,4.710917257090835,602,1922909.0,0,25022264.0,0.8731114922994025,0.4,0,298136434.0,Male,West
BRW-00861,Company_861,Retail,32,12010200.0,0.24180061362920158,0.34348856843266307,4125366.40458997,5963773.0,6591849.0,0.9047191607818746,3432250.0,16773154.0,0.20462757304752743,5106467.0,0.07380143007616533,594,5988812.0,3,69191978.0,0.6651561133873465,0.5,0,154451.0,Male,South
BRW-00862,Company_862,Real Estate,11,5123141.0,-0.20881873275053403,-0.028748037031437773,-147280.24718527714,13620136.0,24712067.0,0.5511532260270569,601836.0,1031406.0,0.5835097105216467,4722154.0,0.26965776394876645,576,28850510.0,1,17511655.0,0.6885476193133768,0.55,0,28445.0,Male,East
BRW-00863,Company_863,Construction,20,24611283.0,-0.032339903989065694,0.1738341230526868,4278280.797506499,30394020.0,107168705.0,0.2836090976035486,5938600.0,18341154.0,0.32378549769630105,7777000.0,3.0074809978015264,649,144954.0,0,2585884.0,0.7367982916355116,0.5,0,1781580.0,Female,West
BRW-00864,Company_864,Financial Services,24,12055318.0,-0.06679942498842513,0.2914622232790576,3513669.786616042,12576613.0,15691952.0,0.8014689439867683,1581613.0,1201824.0,1.316009402367233,6004582.0,0.9545074406689806,701,4650034.0,0,6290764.0,0.8664122639046059,0.3,0,834426.0,Male,Central
BRW-00865,Company_865,Manufacturing,15,5116666.0,0.23093866595043372,0.255231893867096,1305936.3534653785,12903729.0,2303428.0,5.601965157163516,55974795.0,169895.0,329.46505509252717,644623.0,0.039973342960657736,586,730066.0,1,16126321.0,0.8898513335851895,0.4,0,18135834.0,Female,South
BRW-00866,Company_866,Construction,7,25784774.0,-0.030863892351770672,0.3024058311931942,7797466.013598663,3946085.0,304846815.0,0.01294448487859555,1550876.0,1473666.0,1.052392433297346,21050772.0,1.4610527467200742,755,756491.0,1,14407947.0,0.9324059020888854,0.5,0,715388.0,Non-Binary,West
BRW-00867,Company_867,Manufacturing,21,269602230.0,-0.11289330884356723,0.42258862558608046,113930835.83064234,51729254.0,29487539.0,1.7542749920814011,3360484.0,5475987.0,0.6136762900137838,2595703.0,0.10883113516943857,723,1054539.0,0,23850738.0,0.9340359813775182,0.4,0,222723.0,Male,North
BRW-00868,Company_868,Automotive,26,13932830.0,0.1623991319175399,0.383874209267039,5348454.099102079,2488538.0,37647026.0,0.06610184650171712,8321648.0,14594307.0,0.5701981895955601,5467177.0,0.6781571740553677,681,1824368.0,3,8061813.0,0.8845023510670855,0.45,0,1061890.0,Male,North
BRW-00869,Company_869,Real Estate,14,228412740.0,-0.05631213713645879,0.04133583433405505,9441631.180427589,791759.0,13572125.0,0.05833713892723955,6830792.0,336553.0,20.29627340634787,124399573.0,20.136001513766338,872,813183.0,1,6177967.0,0.9148136136868723,0.55,0,11065883.0,Female,North
BRW-00870,Company_870,Financial Services,37,575930512.0,0.027391027623746365,-0.01328440993289956,-7650897.014272729,1782495.0,19370755.0,0.09201989844898155,26305504.0,5357031.0,4.910462360501113,36642941.0,0.7148427664293784,680,2048852.0,0,51260140.0,0.7553623144771449,0.3,0,23693417.0,Male,West
BRW-00871,Company_871,Retail,21,5779754.0,0.4371715851322547,0.21922228880382183,1267050.9006030445,41925126.0,9721096.0,4.312797825183721,8897006.0,5790779.0,1.5364089120981974,99761957.0,10.586998834667666,763,16240245.0,0,9423062.0,0.824668455271933,0.5,0,8201664.0,Male,Central
BRW-00872,Company_872,IT Services,18,24484879.0,0.198070783100521,0.017505878213085524,428629.30983613525,17687111.0,43333436.0,0.4081631235482198,109827347.0,9451489.0,11.62010931609725,3218677.0,1.0011558460584746,716,7877288.0,0,3214960.0,0.7942689762411488,0.2,0,158334178.0,Male,North
BRW-00873,Company_873,Energy,5,566845805.0,0.048343908887798805,-0.05117631842340917,-29009081.4136537,63586639.0,8261494.0,7.696747259424596,6415572.0,80383.0,79.81155453821655,26563643.0,0.6838069385559133,815,224327237.0,0,38846699.0,0.7420764857444835,0.45,0,4343143.0,Non-Binary,West
BRW-00874,Company_874,Retail,3,20143255.0,0.0618307811083725,0.21794914294339035,4390205.1633401625,1221295.0,26357128.0,0.046336420025109716,22946027.0,14478792.0,1.584802476283762,16270981.0,8.174248700212056,786,5024931.0,1,1990516.0,0.7193143891262702,0.5,0,21818952.0,Female,West
BRW-00875,Company_875,IT Services,23,25526258.0,0.2161231379332208,0.248045439058228,6331671.873123605,288535109.0,46888568.0,6.153634353822997,1617065.0,3365484.0,0.4804849821051052,8187057.0,30.359426857170405,675,9342026.0,0,269670.0,0.7231293980410977,0.2,0,776191.0,Male,Central
BRW-00876,Company_876,Pharmaceuticals,26,1972854.0,0.1794305645156946,0.3853368774658816,760213.4000560744,5806414.0,65340451.0,0.08886400112444891,63226583.0,3437918.0,18.390946092679904,2882316.0,0.15027593361201372,678,25046849.0,0,19180156.0,0.8587001946127086,0.2,0,27313884.0,Male,South
BRW-00877,Company_877,Pharmaceuticals,37,10880765.0,0.09133992341764056,0.27221172839885077,2961871.8469517217,633798.0,50542809.0,0.012539825150204352,1940499.0,6898388.0,0.28129741596190067,45213512.0,2.0466524463812825,592,644349.0,0,22091445.0,0.666630542896364,0.2,0,931440.0,Male,South
BRW-00878,Company_878,Pharmaceuticals,24,55582726.0,0.09553399133591366,0.41034721031635724,22808216.555878457,239406799.0,4289503.0,55.812233535625566,30372558.0,178829.0,169.84039590672705,4109576.0,0.30569034716988935,709,24200868.0,0,13443590.0,0.6288016155282695,0.2,0,13369821.0,Male,West
BRW-00879,Company_879,Healthcare,19,923724075.0,-0.14197727206569577,0.22266650224031734,205682408.81542256,1245250.0,96716582.0,0.012875248084395207,12458057.0,6702549.0,1.8587040753146191,10901647.0,4.512629728852624,752,872896.0,3,2415807.0,0.8394215784718817,0.25,0,20840257.0,Male,South
BRW-00880,Company_880,Telecom,25,18001934.0,-0.17350158251034048,0.043647571358477105,785740.6988555952,4892218.0,32511705.0,0.1504755856244517,3612838.0,34274109.0,0.10541011859972439,34958430.0,4.17260238851633,695,7197184.0,0,8378087.0,0.9440271042018762,0.35,0,1409007.0,Female,East
BRW-00881,Company_881,Agriculture,21,1994812.0,0.05347665863397433,0.2786624467405948,555879.1927074994,6526436.0,21140727.0,0.30871387210506657,30814834.0,383701.0,80.3092868945171,2053198.0,0.30515896312435997,812,14957582.0,0,6728289.0,0.6352960346730232,0.6,0,6770464.0,Male,Central
BRW-00882,Company_882,Agriculture,12,2934731.0,-0.014992777801921653,0.34011757194237846,998153.5820240283,17298402.0,24277295.0,0.7125341306544188,3210757.0,1835316.0,1.7494291176946544,1735919.0,0.33431765202533537,711,204069.0,1,5192423.0,0.6267579434662833,0.6,0,450686.0,Male,West
BRW-00883,Company_883,Pharmaceuticals,33,22892399.0,0.16791185515105453,0.2269301277493886,5194975.0295599755,2711587.0,12114724.0,0.22382571622550243,25458970.0,2073923.0,12.275748773821991,387086274.0,10.613095785310982,799,2036308.0,1,36472512.0,0.9321687458554383,0.2,0,73321834.0,Male,South
BRW-00884,Company_884,Energy,4,141217272.0,0.1095769615708439,0.3540660558426888,50000242.51390418,42243871.0,8369074.0,5.047615297986934,5763607.0,3041142.0,1.895210780946506,2445862.0,0.783937414802894,686,3181585.0,1,3119970.0,0.9482651928492757,0.45,0,2825838.0,Male,South
BRW-00885,Company_885,Financial Services,7,62835485.0,-0.03591615902415694,0.16520991443565874,10381045.10037312,27520844.0,9414803.0,2.92314571816896,1856448.0,3305993.0,0.56154003909263,100443210.0,8.239985095652637,607,657370.0,3,12189731.0,0.6642583259525402,0.3,0,875675.0,Non-Binary,Central
BRW-00886,Company_886,Real Estate,22,48176591.0,0.10447976892445364,0.24550789405383888,11827733.399103127,9143925.0,68733877.0,0.13303374210894953,5285100.0,885767.0,5.966686536429403,8206975.0,0.27983586367850016,650,5812259.0,1,29327816.0,0.8444878259309128,0.55,0,1284279.0,Male,North
BRW-00887,Company_887,Financial Services,33,172122429.0,0.017265082166761564,0.1590801502389757,27381261.86481743,64779137.0,16147281.0,4.011767243552197,3440597.0,2080129.0,1.6540297962146597,4691144.0,0.3605031612029047,697,44881457.0,0,13012767.0,0.629896241446404,0.3,0,861659.0,Male,South
BRW-00888,Company_888,Real Estate,17,8200096.0,0.3899902067021044,0.4654852309676524,3817023.5805169223,8026145.0,20543630.0,0.39068775135223177,1683230.0,16075996.0,0.10470454802896517,5444017.0,0.1770911631167492,640,822295.0,3,30741324.0,0.8741397493556586,0.55,0,68171.0,Male,Central
BRW-00889,Company_889,Financial Services,24,24856804.0,0.1379363448444436,0.2809512823592654,6983550.959152918,5876849.0,15747157.0,0.37320061181833575,4636539.0,3228032.0,1.4363356880180593,8094332.0,0.5183834120013326,567,20895810.0,1,15614565.0,0.6485958843556945,0.3,0,1449941.0,Male,North
BRW-00890,Company_890,Telecom,34,11066431.0,-0.15409104805493928,0.04599538429785516,509004.74665069755,177975089.0,6573060.0,27.076439576629518,5989569.0,3084496.0,1.941830061757233,66112582.0,4.842930081691494,539,7366559.0,0,13651359.0,0.9259745055962372,0.35,0,9071966.0,Non-Binary,West
BRW-00891,Company_891,Healthcare,28,16075652.0,0.35307726503293724,0.4023116962169544,6467422.8239134755,13847345.0,1114387.0,12.425963847421185,82306.0,841165.0,0.09784751166832706,27622773.0,2.153977475337991,781,461283.0,3,12824076.0,0.8587771034401093,0.25,0,37038.0,Male,North
BRW-00892,Company_892,Healthcare,39,5339251.0,-0.01497235059358748,0.0920184289971134,491309.48904126673,2025897.0,36853610.0,0.05497146534704564,6934679.0,9889350.0,0.7012269055876367,6469301.0,0.39421268591619596,730,1886000.0,1,16410686.0,0.6094048922990256,0.25,0,862637.0,Male,South
BRW-00893,Company_893,Pharmaceuticals,22,14418691.0,-0.06621054861702537,0.1816435151479847,2619061.7170726107,2482052.0,32453965.0,0.07647915820211311,9935822.0,1528342.0,6.501041978142341,541044.0,0.08952787730945765,722,5197933.0,1,6043301.0,0.8690811709840511,0.2,0,4292275.0,Male,West
BRW-00894,Company_894,IT Services,17,23171338.0,0.4015529978815281,0.23619609549907924,5472979.563089444,9142434.0,14450693.0,0.6326640090780415,28845617.0,169369.0,170.31125346873708,9165225.0,3.7916465850162275,713,38091692.0,1,2417214.0,0.9034454555737356,0.2,0,83075377.0,Female,West
BRW-00895,Company_895,Construction,34,13836115.0,0.13187549866933454,0.24599903698123848,3403670.9655616684,243532.0,3959842.0,0.061500418072130636,511959.0,3282912.0,0.1559465633113031,10845425.0,0.4701095310116222,656,11723705.0,0,23069995.0,0.6500308716344516,0.5,0,36102.0,Female,North
BRW-00896,Company_896,Healthcare,6,18970729.0,0.1851149010808228,0.23804666681860776,4515918.8055691,3438397.0,130252138.0,0.026398007943654576,710514.0,4631170.0,0.15341994497719907,58689729.0,2.066864993649881,763,1258637.0,0,28395530.0,0.9087697228834823,0.25,0,319731.0,Female,West
BRW-00897,Company_897,Healthcare,6,44347230.0,0.1899590173808226,0.044034539359265545,1952809.8449094018,7643827.0,9728961.0,0.7856775471011194,4474520.0,1385310.0,3.229975074189117,979513.0,0.08567723875064913,560,6374679.0,0,11432592.0,0.9158903619971738,0.25,0,1812181.0,Male,North
BRW-00898,Company_898,Retail,34,154861798.0,0.04910154256432947,0.23844415621945322,36925890.75473741,6915001.0,19734951.0,0.35039360622716487,1121986.0,136137.0,8.241534325463867,4238541.0,0.825393681812207,533,52572.0,2,5135174.0,0.8368012030336625,0.5,0,833472.0,Non-Binary,North
BRW-00899,Company_899,Retail,1,172642545.0,-0.005860790527948037,0.31207751245628434,53877855.98772213,1347599.0,6301020.0,0.2138699426648475,548730.0,519466.0,1.056332741059586,4042590.0,2.1600097458752345,683,13650860.0,2,1871560.0,0.7276350226910642,0.5,0,347785.0,Male,North
BRW-00900,Company_900,IT Services,10,75688187.0,0.018611381759338977,0.3086236835992989,23359167.07689257,4534504.0,2900337.0,1.563439847355722,1758359.0,1726925.0,1.0182017063846396,8171654.0,0.8439809536459053,710,1116676.0,0,9682272.0,0.7012387691774564,0.2,0,725296.0,Female,Central
BRW-00901,Company_901,Automotive,21,3649234.0,0.321329941886605,0.023782488785755507,86787.8666815977,52153708.0,29726800.0,1.7544339197480414,1905528.0,1241078.0,1.535380100702695,10186419.0,4.4172431916283115,629,722977.0,0,2306057.0,0.6415664256604114,0.45,0,1930968.0,Female,South
BRW-00902,Company_902,Construction,5,14067603.0,0.11056813298102128,0.10132165422227665,1425352.8069022617,38252644.0,2419399.0,15.81079771844259,712493.0,3368593.0,0.21151049963278448,17151807.0,8.555729090803885,572,2197970.0,3,2004715.0,0.7606809659143128,0.5,0,213748.0,Female,West
BRW-00903,Company_903,Energy,2,16007573.0,0.27693725595742047,0.05465740245589437,874932.3598031084,10256524.0,19285154.0,0.5318351861833622,705399.0,4032963.0,0.17490833044877166,517990.0,0.05951318880234289,747,543933.0,3,8703784.0,0.8123037746336585,0.45,0,34917.0,Male,East
BRW-00904,Company_904,Retail,22,9013872.0,0.06853323091572525,0.22077755904005392,1990060.657659489,8013475.0,19352494.0,0.4140796832656461,2725117.0,1175276.0,2.3187018890014865,11518520.0,2.7821833332085375,667,2623402.0,1,4140100.0,0.8244081833579372,0.5,0,3791240.0,Male,South
BRW-00905,Company_905,Energy,2,40367145.0,-0.033307536601561674,-0.006197733893707313,-250184.8227586977,6973026.0,3821999.0,1.8244442700156986,372152.0,369986.0,1.0058515569465953,12845128.0,1.023435931397889,755,17113813.0,0,12550983.0,0.653584045032884,0.45,0,126424.0,Male,East
BRW-00906,Company_906,Manufacturing,10,2210009.0,-0.13633247108020813,0.04527086732622382,100049.02422876058,12666422.0,3091910.0,4.096632147561816,363278.0,11340059.0,0.03203492750479275,9946456.0,1.3126162557681667,804,182330.0,0,7577580.0,0.6966646416810671,0.4,0,85832.0,Male,North
BRW-00907,Company_907,Retail,34,306383978.0,0.177200477773106,0.10018380124185229,30694711.555640046,10364046.0,5812243.0,1.7831402122828979,3639159.0,3885237.0,0.9366630821586734,6807774.0,1.4052429604960457,571,3162458.0,1,4844552.0,0.6330998451962012,0.5,0,1437001.0,Female,West
BRW-00908,Company_908,Telecom,16,145085097.0,0.3341147117617961,-0.03561481346768669,-5167178.66659623,14450094.0,6899278.0,2.0944353750587563,31279227.0,4437845.0,7.048290319222434,52590.0,0.03255564607388442,717,2782857.0,0,1615387.0,0.6125875904939351,0.35,0,10979009.0,Male,South
BRW-00909,Company_909,Automotive,39,49491099.0,-0.05289595123697509,0.17666410753690837,8743300.835855778,18862592.0,2336860.0,8.071764644966047,9816370.0,3143899.0,3.12235440058526,20836501.0,5.50196165724522,719,7677452.0,0,3787103.0,0.8449822073706674,0.45,0,19436413.0,Female,East
BRW-00910,Company_910,Construction,22,22006227.0,0.15700588529570303,-0.07277942868097143,-1601600.6284837679,1444594.0,3797413.0,0.3804151983428723,20458888.0,7399348.0,2.764957836155586,2064074.0,0.5253600585409309,759,2666070.0,0,3928874.0,0.7646140584547061,0.5,0,8915564.0,Female,East
BRW-00911,Company_911,IT Services,12,152589054.0,-0.12634235735211258,0.23824137234522388,36353025.629819475,5579429.0,16047861.0,0.34767428832575953,218035.0,1255049.0,0.17372614636867056,22310450.0,8.549503153978772,657,14776624.0,1,2609560.0,0.7288627174223085,0.2,0,104657.0,Male,East
BRW-00912,Company_912,Manufacturing,24,67938090.0,-0.0033545015592836708,0.13235740335973517,8992109.18161999,11957492.0,159498964.0,0.0749690883574072,395181.0,5357415.0,0.07376335905219979,57957308.0,9.063554639149462,704,27448979.0,2,6394544.0,0.8926528686282398,0.4,0,142265.0,Male,South
BRW-00913,Company_913,Construction,38,127032901.0,0.1201905178061821,0.10512201513162689,13353954.54113646,2087019.0,49090576.0,0.042513637596885444,3321660.0,4422437.0,0.7510924969439934,719164.0,0.2548949763824013,758,16676957.0,0,2821412.0,0.9313285381262554,0.5,0,224539.0,Female,Central
BRW-00914,Company_914,Pharmaceuticals,10,22107376.0,-0.1792441128505603,0.124710165411689,2757014.5177784036,3234122.0,17762920.0,0.1820715185300886,11459539.0,4250309.0,2.6961654561667268,21314303.0,2.8253478910338434,735,1184800.0,1,7543956.0,0.6462826300596403,0.2,0,29660941.0,Female,North
BRW-00915,Company_915,Telecom,35,353703528.0,0.07729651209059263,0.17275366892455424,61103582.1735588,6408623.0,56741149.0,0.11294489096537522,8512667.0,472810.0,18.00437595572015,1392547.0,0.12322216547262445,824,65144937.0,2,11301107.0,0.7625667712356194,0.35,0,2987946.0,Male,West
BRW-00916,Company_916,Construction,32,139048286.0,-0.04550507101257183,0.2511439419291739,34921134.664535165,6898041.0,58618220.0,0.1176774197906825,435283.0,2343013.0,0.18577908625385933,8338583.0,2.14378638500308,630,631887.0,0,3889651.0,0.7502290242739862,0.5,0,130585.0,Male,East
BRW-00917,Company_917,Telecom,7,51872765.0,0.1707138838607411,0.3380516728316541,17535674.98265328,12297471.0,10160560.0,1.210314174581502,17958256.0,3154894.0,5.692188171080178,7356407.0,0.5410051254384393,716,10429934.0,0,13597665.0,0.7557799791002158,0.35,0,11367145.0,Female,South
BRW-00918,Company_918,Telecom,21,158927611.0,0.055189903676970534,0.30166869782579453,47943485.45893442,2490400.0,19964675.0,0.12474031634673159,2893499.0,16764669.0,0.17259504660694186,27635924.0,12.133674507885857,693,20120288.0,0,2277621.0,0.6857637533085583,0.35,0,1128465.0,Female,East
BRW-00919,Company_919,Energy,20,12880912.0,0.2209158529201375,0.44780259873319395,5768105.867653582,37959512.0,47368948.0,0.8013585439693838,10496911.0,2235151.0,4.696285084862238,22117545.0,7.568983094175514,683,81131387.0,1,2922128.0,0.8990743193612849,0.45,0,20783884.0,Female,South
BRW-00920,Company_920,Financial Services,26,4192256.0,0.03806025698827776,0.2610356651252939,1094328.3333355042,6813293.0,55804610.0,0.12209193609467146,1318999.0,7263420.0,0.181594733390781,13166344.0,1.659293007912375,747,16251398.0,3,7934911.0,0.7350830457299635,0.3,0,459607.0,Female,Central
BRW-00921,Company_921,Pharmaceuticals,4,39127096.0,-0.12435692797442637,0.19683781228487193,7701691.977700164,11048404.0,56451202.0,0.19571600626473806,322673.0,333113.0,0.9686563758953392,755370.0,0.042763164971263076,709,1150040.0,0,17664033.0,0.7856821709478294,0.2,0,45009.0,Female,East
BRW-00922,Company_922,Manufacturing,22,22172522.0,-0.14304401215543977,0.1251561816802045,2775028.1917403312,5102552.0,4271976.0,1.1944240336499938,11626154.0,839177.0,13.854216864598452,204389.0,0.009661375156166762,614,14213888.0,0,21155269.0,0.6360646441722965,0.4,0,3766874.0,Male,East
BRW-00923,Company_923,Construction,15,17955804.0,-0.20635142553369534,0.12914412516689627,2318886.599248257,12653901.0,60012407.0,0.21085474523868464,6612487.0,3358207.0,1.9690522445304162,34914874.0,0.7835133651503218,776,2933655.0,0,44561937.0,0.7681326717362862,0.5,0,3060481.0,Female,West
BRW-00924,Company_924,Real Estate,21,149748542.0,0.17494367489149837,0.24468456318791057,36641156.58729648,108997090.0,136207810.0,0.8002264275431311,504621.0,3323295.0,0.15184353124127373,27226530.0,4.465098178260319,747,18780623.0,2,6097632.0,0.619972759074042,0.55,0,136248.0,Non-Binary,South
BRW-00925,Company_925,Manufacturing,15,31037566.0,0.46365963789034914,0.06006670298661551,1864324.2583494761,5031968.0,87935425.0,0.0572234448491783,1199891.0,838973.0,1.4301885398117224,1990267.0,0.2544325732274405,817,4800102.0,2,7822374.0,0.8263614520370326,0.4,0,185336.0,Male,South
BRW-00926,Company_926,Financial Services,22,35867911.0,0.14528572057776973,0.2074771367030323,7441771.473799196,3926486.0,3982314.0,0.9859807674681687,9148776.0,6242572.0,1.4655456972629715,14961916.0,4.72890533539322,758,30645943.0,0,3163927.0,0.6115868527635033,0.3,0,11262677.0,Female,Central
BRW-00927,Company_927,Manufacturing,28,14789398.0,0.33080703230065117,0.17773621250353386,2628611.5857273387,2558078.0,2945027.0,0.8686090590649732,4452843.0,1621685.0,2.7458108413096,6492072.0,2.559618095968055,682,3751810.0,1,2536343.0,0.6436947181678813,0.4,0,8803199.0,Male,East
BRW-00928,Company_928,Healthcare,14,90574630.0,0.250035993618353,0.09262835321972547,8389778.820385944,8125901.0,25604299.0,0.31736470046046955,6938098.0,1576997.0,4.399560430641003,45341692.0,4.059928541119032,683,14713989.0,1,11168100.0,0.7455078485926259,0.25,0,18732865.0,Male,West
BRW-00929,Company_929,Real Estate,27,69220919.0,0.0022495985188871193,0.0538571648440582,3728042.4452402,7985951.0,85995090.0,0.092865196223817,1488784.0,1804681.0,0.8249564189148005,10073084.0,2.4626766894058356,782,1423254.0,0,4090298.0,0.8262015233383414,0.55,0,663218.0,Non-Binary,North
BRW-00930,Company_930,Financial Services,28,89566284.0,0.26979739714859385,0.48296610020782094,43257478.89358615,9598952.0,19218840.0,0.4994553001401073,27637673.0,9883240.0,2.7964179968898866,34297580.0,1.1254760722327037,638,21207595.0,2,30473841.0,0.818426824891604,0.3,0,36533318.0,Male,West
BRW-00931,Company_931,Energy,26,11456915.0,0.008213796273122756,0.012411460053805057,142197.04286233996,17937137.0,11050946.0,1.6231312121938508,2767000.0,7324562.0,0.377769977539957,3540051.0,1.71950556669764,627,143663.0,0,2058760.0,0.679536769739598,0.45,0,785049.0,Male,West
BRW-00932,Company_932,Construction,2,170822009.0,0.011193819569246144,0.17186897227840608,29359003.129362635,14846165.0,13147908.0,1.1291654817507484,93790.0,18996505.0,0.004937223718930207,13626613.0,0.9428783675888067,717,10368851.0,0,14452142.0,0.7467790270908343,0.5,0,13265.0,Male,West
BRW-00933,Company_933,Automotive,25,380940074.0,0.04871115110955348,0.32671005697886474,124456953.28207295,8590932.0,49853070.0,0.1723250308892706,3837794.0,3838424.0,0.999835609657607,4784936.0,1.4721475797693142,580,6249594.0,1,3250309.0,0.8094443450857376,0.45,0,1864127.0,Male,West
BRW-00934,Company_934,Agriculture,3,85417162.0,0.05582029665093048,0.24348682379139336,20797953.4726549,166532718.0,9959833.0,16.720431083489945,8100320.0,20117302.0,0.4026543717117548,3514169.0,0.898311618363224,727,4516612.0,3,3911970.0,0.7273807635057424,0.6,0,873193.0,Female,East
BRW-00935,Company_935,Financial Services,8,7174672.0,0.17920541947792212,0.1231757332853207,883745.4846816584,25040884.0,26092164.0,0.9597089394459984,5104408.0,2638523.0,1.9345694789965906,269735.0,0.017704846455164635,737,139524.0,0,15235093.0,0.6933683107346695,0.3,0,1244229.0,Male,West
BRW-00936,Company_936,IT Services,33,7251338.0,-0.02063301038362081,0.03694234373455943,267881.42093147273,1734292.0,12529097.0,0.13842113773872627,1723807.0,1703652.0,1.0118298738064617,35506294.0,7.854610170691348,680,1716941.0,1,4520439.0,0.9419848206045369,0.2,0,1674431.0,Male,South
BRW-00937,Company_937,Construction,35,13755297.0,0.21336541678744653,0.1955743731911429,2690183.5888330084,875191.0,5045435.0,0.17346191686902776,174455.0,1172019.0,0.14884984897868636,122612609.0,23.11136061022797,812,21939779.0,0,5305295.0,0.9185480196088714,0.5,0,52336.0,Male,South
BRW-00938,Company_938,Pharmaceuticals,6,10359704.0,0.2112116124547206,-0.1,-1035970.4,3129946.0,4592663.0,0.6815099036202082,1233099.0,1604870.0,0.7683477363601187,1107934.0,0.2808781565182825,790,1019283.0,1,3944535.0,0.9169300958575223,0.2,0,136433.0,Female,West
BRW-00939,Company_939,Financial Services,39,21711683.0,0.13144452986667274,0.20038404724750422,4350674.912094834,11172741.0,27518558.0,0.40600748752868926,1420719.0,1702128.0,0.8346717551959928,25150620.0,0.4749067982978929,637,398954.0,0,52959064.0,0.8688231681578329,0.3,0,236527.0,Female,South
BRW-00940,Company_940,Healthcare,23,62374288.0,0.37094178629111674,0.18417919042734482,11488045.867322048,2760026.0,570071.0,4.841539314332224,1216166.0,870827.0,1.3965628114851611,23626479.0,4.930126791793277,752,718754.0,0,4792265.0,0.8005533462704402,0.25,0,1528607.0,Female,East
BRW-00941,Company_941,Agriculture,25,37315848.0,0.27310889729874627,0.3084146314231919,11508753.507163852,3466164.0,26039242.0,0.13311308627520393,8186078.0,976014.0,8.387246097652188,4106584.0,0.43891467326990036,778,21488937.0,1,9356223.0,0.6687225352476059,0.6,0,2586953.0,Female,North
BRW-00942,Company_942,Healthcare,19,32717923.0,0.24045939353006968,0.04279923082986806,1400301.938750849,9240445.0,11938226.0,0.7740215527816652,1982492.0,4110503.0,0.4822990076156111,2939565.0,0.4048193577458085,706,7176935.0,0,7261423.0,0.8271153377501549,0.25,0,180574.0,Male,West
BRW-00943,Company_943,Agriculture,5,16821962.0,0.08992300618148773,0.14118343201847208,2374982.3284443207,5320304.0,45594596.0,0.1166871592263443,25971560.0,1103801.0,23.529183676057844,52208552.0,4.708360516204298,665,30468204.0,0,11088477.0,0.9438827740667883,0.6,0,37399046.0,Female,South
BRW-00944,Company_944,Pharmaceuticals,11,21622200.0,0.13276492067214887,0.2324281976205021,5025608.97459002,411864.0,30151856.0,0.013659656186350313,2330656.0,257697.0,9.04413693548262,44574221.0,9.275744881863547,611,10254011.0,0,4805459.0,0.7808233514668949,0.2,0,6712289.0,Male,South
BRW-00945,Company_945,Automotive,12,79786371.0,0.15857110446316308,0.2046681310444274,16329727.435387302,44712551.0,15456576.0,2.8927847996357796,20253259.0,242439.0,83.53926332288401,17491662.0,2.4062076735461986,655,981573.0,2,7269389.0,0.6011799916013822,0.45,0,40101453.0,Male,East
BRW-00946,Company_946,IT Services,10,1181225.0,0.08198620602914079,0.018882420370749664,22304.387002438772,31561082.0,4070036.0,7.7544951065555425,4509503.0,160036.0,28.177877615801346,4073633.0,0.3091569159752825,613,55818156.0,2,13176586.0,0.8278426515207783,0.2,0,2007567.0,Female,East
BRW-00947,Company_947,Construction,8,23745756.0,0.023664580953729364,0.10229979235393409,2429185.9080871847,1292797.0,4343179.0,0.2976613909623824,4855962.0,361858.0,13.419486595607681,45543712.0,12.14831040484399,772,1445364.0,2,3748974.0,0.6135609184314398,0.5,0,8740732.0,Male,North
BRW-00948,Company_948,Energy,24,37206030.0,-0.28085691143144675,0.3479893872277673,12947303.580877926,9677718.0,6756678.0,1.4323187471241419,1173736.0,469807.0,2.49833123318462,2533526.0,0.09592402244163678,679,1043495.0,0,26411798.0,0.9145292041022521,0.45,0,290306.0,Male,Central
BRW-00949,Company_949,Healthcare,28,78246496.0,0.18766481136872348,0.21111916623493385,16519334.996325087,1664729.0,41546054.0,0.04006948433491459,431080.0,616105.0,0.6996847944996478,74846933.0,2.574036076843198,741,5261210.0,2,29077654.0,0.8894151197331434,0.25,0,271458.0,Male,Central
BRW-00950,Company_950,Healthcare,36,5309090.0,0.23621708253250318,-0.01969393775726755,-104556.88800773157,3565465.0,122356093.0,0.029140068822399643,2928526.0,2794710.0,1.0478815161925508,102801534.0,6.30799659176912,800,6721573.0,0,16297017.0,0.6965572754490021,0.25,0,2761873.0,Female,Central
BRW-00951,Company_951,Telecom,37,4904362.0,-0.09416782842352538,0.2859878576012804,1402587.9812811308,18425192.0,21766212.0,0.8465042586875355,41048712.0,430888.0,95.26516573874014,52285001.0,5.486791351553517,716,12615537.0,2,9529248.0,0.7745756428602528,0.35,0,96053986.0,Male,North
BRW-00952,Company_952,Agriculture,21,57998778.0,0.17077529745807374,-0.011911767126333656,-690867.9371479236,29950922.0,7224129.0,4.145955568352175,1642869.0,657823.0,2.497429403609476,14860426.0,33.27517286471768,794,2167047.0,0,446591.0,0.6822073687869399,0.6,0,1969416.0,Non-Binary,West
BRW-00953,Company_953,Retail,8,1387927.0,-0.008729001747628598,0.14315754028646982,198692.2154171792,28917700.0,8186287.0,3.532455735737614,1294900.0,220095.0,5.8833418144809535,194641.0,0.014330300087340462,671,29752905.0,0,13582478.0,0.6477545792398884,0.5,0,349623.0,Male,Central
BRW-00954,Company_954,Automotive,9,178176228.0,0.02502062263893902,0.24759318654917734,44115220.057832755,12829513.0,8651035.0,1.4830030761633635,2525931.0,897633.0,2.8139876608951977,6735003.0,1.1209304500829171,730,1351012.0,0,6008403.0,0.8621202933786378,0.45,0,2629277.0,Female,Central
BRW-00955,Company_955,Construction,15,33932642.0,0.2766140791045031,0.32564470560224834,11049985.214396488,60177471.0,51040879.0,1.17900535805809,46375503.0,4726364.0,9.812086667026351,125437734.0,18.058099356467043,716,693502.0,2,6946341.0,0.7110097903460904,0.5,0,83475905.0,Female,South
BRW-00956,Company_956,Agriculture,18,250277740.0,-0.06859515853210206,-0.1,-25027774.0,3556038.0,8450168.0,0.4208244829186257,10642920.0,1927922.0,5.52040719468568,36236763.0,27.19303829052774,643,190161.0,2,1332574.0,0.7373395671781853,0.6,0,15325805.0,Female,South
BRW-00957,Company_957,Telecom,20,4729790.0,-0.06882216830398301,0.2653908128964837,1255242.8129296596,4960694.0,13902452.0,0.35682149042330874,20204065.0,2187754.0,9.235067454993818,17072355.0,1.17278641167794,675,2529798.0,3,14557087.0,0.648462739782754,0.35,0,27723212.0,Female,West
BRW-00958,Company_958,Manufacturing,6,12552881.0,0.3507251548465997,0.283406956806056,3557573.803358561,181327.0,73570763.0,0.0024646610982590857,167626.0,1978116.0,0.08474018473123683,3200228.0,1.533132954357093,813,12540375.0,1,2087377.0,0.799463634786541,0.4,0,46259.0,Female,East
BRW-00959,Company_959,Agriculture,12,652259.0,0.05816649521954247,0.1131581438210244,73808.41773055756,7728422.0,7415083.0,1.0422568375489745,948896.0,424309.0,2.236327213593835,41309739.0,4.129615256580585,672,10470890.0,0,10003289.0,0.931845349251269,0.6,0,1018580.0,Male,North
BRW-00960,Company_960,Energy,2,7322522.0,0.26698183898466016,0.19090909073212198,1397936.0168859593,21200603.0,28587288.0,0.7416094264832178,999588.0,1214075.0,0.8233323119804691,839489.0,0.03823098823640531,566,5686705.0,0,21958338.0,0.7490348554546208,0.45,1,81476.0,Female,Central
BRW-00961,Company_961,Construction,7,18333301.0,-0.15980542927434016,-0.1,-1833330.1,13631440.0,43165233.0,0.31579673586386675,17968509.0,2584830.0,6.951521782275128,6877365.0,1.237476322848121,672,1739604.0,2,5557572.0,0.6143925883085397,0.5,0,20012044.0,Male,North
BRW-00962,Company_962,Automotive,16,1271793.0,-0.14779049043862796,-0.1,-127179.3,3484968.0,15809639.0,0.22043310284105141,8796109.0,6346844.0,1.3859026020014669,120820838.0,4.030004815492136,639,22863507.0,0,29980320.0,0.9448790871731718,0.45,0,8045763.0,Female,South
BRW-00963,Company_963,Telecom,3,13363796.0,-0.056941677336763155,0.3130239264009905,4183187.8955418514,31540671.0,152845988.0,0.20635589593391293,15931938.0,3067353.0,5.194033033031075,2658957.0,0.631558133027913,736,3978251.0,1,4210153.0,0.8659097040521408,0.35,0,11772476.0,Female,North
BRW-00964,Company_964,Manufacturing,3,1225660.0,0.007780883520096676,0.11533257252168373,141358.52083692688,7954544.0,108097468.0,0.07358677380318683,196147.0,5704303.0,0.03438579009814344,22159658.0,1.3680013858018525,749,6348398.0,0,16198563.0,0.8393762735125581,0.4,0,48299.0,Female,South
BRW-00965,Company_965,Real Estate,27,16416701.0,-0.13049298949796678,0.1384545322197433,2272966.657546392,28053952.0,20089674.0,1.3964363286115877,17287720.0,538486.0,32.10424764200436,636866.0,0.2642393574603786,728,605903.0,0,2410185.0,0.6819563892381586,0.55,0,4200916.0,Male,North
BRW-00966,Company_966,Telecom,38,134984146.0,0.13539447146449993,0.20816116844328317,28098457.552678727,18425102.0,5584021.0,3.299611283766432,8788807.0,326437.0,26.92335757479215,3340718.0,0.13406451009651973,667,215373.0,2,24918734.0,0.8368530771361433,0.35,0,3084871.0,Female,South
BRW-00967,Company_967,Real Estate,33,22920227.0,0.1451891252985173,0.13608813470677528,3119170.939485868,75282890.0,5909842.0,12.738560059886531,817380.0,242097.0,3.3762360696907865,11631113.0,0.5450944460331747,704,12814544.0,3,21337793.0,0.8663206478812902,0.55,0,360895.0,Male,North
BRW-00968,Company_968,Construction,28,290557212.0,-0.05472143167578063,0.12495694397556614,36307141.2615807,14783837.0,18909395.0,0.7818249192094766,2432943.0,5285511.0,0.4603041294769551,15103394.0,1.0640389917177895,674,153623672.0,3,14194398.0,0.7230046949365356,0.5,0,388312.0,Female,Central
BRW-00969,Company_969,Healthcare,1,78565156.0,-0.04278980490862028,0.22733868742920593,17860899.442710802,22184713.0,3960827.0,5.601029128252981,855653.0,352344.0,2.42845222722048,197483842.0,32.932212623758126,584,6842644.0,3,5996676.0,0.9337581488636502,0.25,0,1870121.0,Male,Central
BRW-00970,Company_970,Telecom,8,182492890.0,-0.023017215077734188,0.0005356490784734214,97752.14835645145,7920179.0,20231075.0,0.39148580134838107,2828019.0,7088939.0,0.398933973203328,4172074.0,1.9077492479110927,691,12926110.0,0,2186908.0,0.8902910990144386,0.35,0,1052054.0,Female,West
BRW-00971,Company_971,IT Services,37,7668121.0,-0.09473286983395617,0.3191901182232712,2447588.4485403486,4179344.0,111074827.0,0.037626382820057126,6414254.0,1161030.0,5.524619067018882,21674663.0,3.604902377559479,900,12515597.0,3,6012551.0,0.8071894199656947,0.2,0,18473052.0,Female,North
BRW-00972,Company_972,Real Estate,32,7394800.0,-0.3543336549966876,0.1523699970150776,1126745.653927096,18552188.0,15791528.0,1.1748189804799776,26864851.0,14687561.0,1.8290885172093232,20781505.0,0.7704864194177584,617,3931639.0,0,26971928.0,0.8255400131809891,0.55,0,10222283.0,Male,East
BRW-00973,Company_973,Energy,37,40565160.0,0.06724395407827018,0.05932097991109525,2406365.0414503645,84655111.0,14321360.0,5.911107959641545,798804.0,1157366.0,0.6901907519395317,3673759.0,0.36304226448879723,551,342501.0,0,10119369.0,0.8284919632858229,0.45,0,66051.0,Female,West
BRW-00974,Company_974,IT Services,4,2265819.0,0.015434346094853502,0.04317483785732018,97826.36793903535,3527779.0,40785275.0,0.0864963865881403,1617150.0,1236065.0,1.3083039255185402,37278239.0,19.825254568187365,813,10597379.0,0,1880340.0,0.9120057454081184,0.2,0,2031095.0,Male,North
BRW-00975,Company_975,Financial Services,30,48969863.0,0.03077812327601398,0.18511822637463876,9065214.184369046,6124425.0,27502918.0,0.22268272687709983,625062.0,2148679.0,0.2909051138373327,24209567.0,8.389539052252758,735,34903009.0,0,2885684.0,0.8237059931925712,0.3,0,262526.0,Female,East
BRW-00976,Company_976,Financial Services,6,14859059.0,-0.07177052815131578,0.14323707482659476,2128368.145835786,9248534.0,3693286.0,2.5041471188131332,10322588.0,1205564.0,8.562448312616906,5896014.0,0.18950036143508386,723,7983423.0,0,31113470.0,0.670702529803009,0.3,0,3901938.0,Female,Central
BRW-00977,Company_977,Manufacturing,19,177591274.0,0.20157462487254005,-0.005860808942251161,-1040828.5267249761,24824570.0,8484224.0,2.925967899248311,307622.0,3274515.0,0.09394426535097095,11900056.0,0.8221280456332806,671,2589471.0,1,14474698.0,0.8051545293709117,0.4,0,45523.0,Male,Central
BRW-00978,Company_978,Automotive,32,66937398.0,0.4438087384125622,0.10777978735462362,7214498.522511808,14919609.0,142200016.0,0.10491988197160342,4263158.0,565992.0,7.532174426185483,2106718.0,0.8143554482144403,718,6884856.0,0,2586975.0,0.7448400853145103,0.45,0,3437009.0,Female,Central
BRW-00979,Company_979,Healthcare,9,125154514.0,-0.04511272840317333,0.08289611965406204,10374823.567789983,34955792.0,21650394.0,1.6145567782943453,519862.0,2479584.0,0.20965685790162467,2353982.0,1.5487528628132647,704,3342306.0,1,1519920.0,0.8927472067389388,0.25,0,181156.0,Female,East
BRW-00980,Company_980,Construction,12,7792645.0,0.2899544208458522,0.3314227843825044,2582660.103604401,171632173.0,4378777.0,39.19636323193366,3501556.0,805313.0,4.34806299157844,8603369.0,1.8088771839157916,804,26517829.0,1,4756192.0,0.9256010227859983,0.5,0,5700496.0,Male,South
BRW-00981,Company_981,Telecom,11,116373500.0,0.13499747182209407,0.19565428979660907,22768974.493645687,3408040.0,11637987.0,0.29283755920696947,18510850.0,1549354.0,11.94745555408541,27267643.0,19.542060629341712,773,5156461.0,0,1395330.0,0.6420153853239537,0.35,0,43315389.0,Non-Binary,North
BRW-00982,Company_982,Retail,16,210936720.0,0.08531298376736508,0.36832073140446697,77692366.99045926,22177603.0,1725272.0,12.854547077477013,1518306.0,380713.0,3.988048771518778,5388272.0,0.7086239042232931,748,11107840.0,3,7603852.0,0.8340195913489143,0.5,0,968317.0,Female,West
BRW-00983,Company_983,Energy,1,22792208.0,0.02838158951557531,0.09480309307592905,2160771.8164299345,14374404.0,1576903.0,9.11558598367434,4553037.0,5647679.0,0.8061782891381948,3524728.0,0.03417326883766241,645,20598555.0,2,103142839.0,0.8273819684261535,0.45,0,363385.0,Male,West
BRW-00984,Company_984,Real Estate,21,7968239.0,0.06751746946490117,0.14506417335071636,1155906.003595939,9143560.0,47618194.0,0.19201819808583673,856193.0,1293674.0,0.6618300577811274,6286517.0,3.4933924964365994,718,11193035.0,0,1799544.0,0.6428092526823995,0.55,0,305993.0,Male,Central
BRW-00985,Company_985,Construction,30,8180953.0,0.25243860345479396,0.22638638702828567,1852056.3921182149,22056719.0,14572314.0,1.5136043243643855,2761691.0,5952311.0,0.463969462622255,30796923.0,4.174317251344082,650,4170532.0,2,7377714.0,0.7022800278819397,0.5,1,828507.0,Female,South
BRW-00986,Company_986,IT Services,13,154935504.0,-0.09071214414347685,0.2524959132688841,39120581.580254845,5955320.0,27306962.0,0.21808796532957547,315890.0,818844.0,0.3857750856389182,1169688.0,0.035448334968836544,798,394210.0,0,32996979.0,0.6853080511543355,0.2,0,22744.0,Male,North
BRW-00987,Company_987,Pharmaceuticals,34,1354256746.0,0.0387489903272823,0.26651892869435584,360935057.12102437,14426374.0,58788799.0,0.24539323816781428,9450459.0,1961319.0,4.818417698284828,32346731.0,1.7210517769168043,642,7351457.0,0,18794745.0,0.711298780541318,0.2,0,23421210.0,Male,North
BRW-00988,Company_988,Financial Services,4,5540151.0,0.2673500311733754,0.0734628537079829,406995.30243313516,1254266.0,22017951.0,0.056965606973800285,1752938.0,6023186.0,0.2910316415545458,19152863.0,2.501031668252158,689,15326410.0,0,7657984.0,0.9129727143229622,0.3,0,736234.0,Male,West
BRW-00989,Company_989,Pharmaceuticals,28,4936761.0,0.2275572040291996,0.07683850356112856,379333.3276789406,3960089.0,35311614.0,0.11214692389458822,2389886.0,483795.0,4.939863082786959,1161401.0,0.15129648627435655,613,342686.0,1,7676324.0,0.6147014626303202,0.2,0,1032431.0,Female,West
BRW-00990,Company_990,Energy,38,96217448.0,-0.08838789084253652,0.1373495674215388,13215424.861204404,42767166.0,19950623.0,2.1436505444641734,3626600.0,687769.0,5.272983700946537,6243761.0,2.2322337743033747,660,7128135.0,0,2797090.0,0.6318022995052253,0.45,0,7180668.0,Female,West
BRW-00991,Company_991,Retail,31,7796065.0,0.05261121833284321,0.3577088236902717,2788721.240562898,40371089.0,68591399.0,0.5885736258481384,171079.0,5244467.0,0.03262084924533813,23071473.0,3.3931650693679263,659,3859425.0,0,6799395.0,0.867322955608991,0.5,0,51324.0,Male,North
BRW-00992,Company_992,Telecom,27,111276992.0,0.1892011771751041,0.05991801798821565,6667496.808330529,13113463.0,123054365.0,0.1065664179684612,1157359.0,9988252.0,0.11587201485585116,506017.0,0.044640434264493274,687,127191.0,0,11335395.0,0.6686020330996556,0.35,0,67706.0,Female,West
BRW-00993,Company_993,Manufacturing,5,48545850.0,0.17951421789816452,0.11676899926120143,5668650.322784396,4503770.0,18615122.0,0.24194145802850725,4004227.0,2021707.0,1.9806158950748576,1880442.0,0.07008151769831855,628,6269898.0,0,26832209.0,0.806711248975938,0.4,0,856530.0,Non-Binary,North
BRW-00994,Company_994,Retail,25,23301634.0,0.22627017818649314,0.2675829497307824,6235119.95926709,30642508.0,17701557.0,1.7310627685992386,2571810.0,619406.0,4.152051881880573,904947.0,0.18934342108153857,797,30233874.0,2,4779394.0,0.7106815612474309,0.5,0,694389.0,Non-Binary,Central
BRW-00995,Company_995,Energy,3,46824040.0,0.13764288322509466,0.2611625117698584,12228683.89761232,56782065.0,21513517.0,2.639366792544111,85670425.0,1353877.0,63.27780272668586,3734142.0,0.5080698257865701,685,3969822.0,0,7349662.0,0.892038950065368,0.45,0,43091292.0,Female,South
BRW-00996,Company_996,Retail,33,42725118.0,0.1627929721993676,0.24665020413815034,10538159.076526562,4787169.0,12908152.0,0.3708639803076397,21597247.0,21075501.0,1.0247559939497526,42143788.0,12.253491306007655,657,168496.0,1,3439328.0,0.7615060122702527,0.5,0,13279145.0,Female,West
BRW-00997,Company_997,Energy,4,18450283.0,0.1314194632890738,0.18970122969351627,3500041.3732933784,1001962.0,9062571.0,0.11056044575425167,4030466.0,400206.0,10.070953281676733,29426222.0,2.6434146270474272,761,6505081.0,1,11131897.0,0.9056842951540329,0.45,0,7980323.0,Male,North
BRW-00998,Company_998,Energy,25,1733163.0,0.3169599616291836,0.05218396541403167,90443.31804887937,17429982.0,51546935.0,0.33813808060288975,705210.0,3736213.0,0.188749894947131,4163593.0,0.21397619009809074,872,19695111.0,1,19458206.0,0.7623414921246594,0.45,0,34908.0,Male,Central
BRW-00999,Company_999,Agriculture,20,31578153.0,0.016728323085317284,0.09710688853174373,3066456.183409349,34992784.0,9077273.0,3.854988182575518,1555952.0,2305079.0,0.6750099779617194,41591710.0,2.493689587921997,667,1057565.0,0,16678783.0,0.8647421153799755,0.6,0,504136.0,Male,East
BRW-01000,Company_1000,Real Estate,34,255719206.0,0.08722867444178257,0.31517882111147405,80597277.88264218,21449787.0,8470281.0,2.532358072611986,8773114.0,495013.0,17.722961370789513,24036936.0,8.717120227457352,680,2648993.0,2,2757439.0,0.7916367149309149,0.55,0,14212445.0,Female,Central
BRW-01001,Company_1001,Pharmaceuticals,26,2162655.0,-0.07224532484765638,0.272836479990689,590051.1776342635,92954324.0,43057384.0,2.1588474079417503,3667173.0,1360636.0,2.6951883566300197,60170563.0,5.84642601809159,640,2180784.0,3,10291853.0,0.7162107214889493,0.2,0,9488373.0,Female,South
BRW-01002,Company_1002,Financial Services,5,5673532.0,-0.10180326502066185,0.019801811066944064,112346.20874626128,93544798.0,47210718.0,1.9814313355405582,22167909.0,227413.0,97.47820714643777,7780889.0,1.723735204265868,752,4343934.0,1,4513969.0,0.6430238964187833,0.3,0,48146622.0,Male,Central
BRW-01003,Company_1003,Agriculture,35,45820423.0,0.12874350515875713,0.2843349155645786,13028346.104838276,5620348.0,240965865.0,0.02332424958479389,3623877.0,2802058.0,1.2932907551197173,19947525.0,0.8167400233882768,776,2081595.0,2,24423346.0,0.8921488489201527,0.6,0,918681.0,Male,West
BRW-01004,Company_1004,Telecom,28,25594494.0,-0.02862793989127782,0.3370534126517203,8626711.547793979,11976915.0,63312708.0,0.1891707871795535,3889345.0,3333799.0,1.1666401703761473,1397193225.0,184.7574405495886,696,27443606.0,0,7562310.0,0.6373558096038057,0.35,0,3539224.0,Female,West
BRW-01005,Company_1005,Agriculture,29,44757663.0,0.07134715956539658,0.18645969464564055,8345500.1760324845,4219376.0,39524572.0,0.10675323424746423,37367737.0,384846.0,97.09764399878394,5585251.0,2.8724139793102914,664,26417382.0,2,1944444.0,0.8134868232254484,0.6,1,53809541.0,Male,East
BRW-01006,Company_1006,Healthcare,9,8461379.0,0.3226623965786314,0.2311537416815528,1955879.4156357157,1918213.0,46997881.0,0.04081488182807898,631059.0,3866871.0,0.163196247509615,8060829.0,1.1301264223442553,742,1464072.0,0,7132678.0,0.6546712009879416,0.25,0,160465.0,Male,North
BRW-01007,Company_1007,Healthcare,38,138127459.0,0.3139906553559231,0.301378222269145,41628608.03997421,2094533.0,12268428.0,0.17072544496120898,44047815.0,892551.0,49.35041879912879,7001583.0,0.49816407564889165,759,27410841.0,0,14054772.0,0.770608228553783,0.25,0,29623103.0,Male,Central
BRW-01008,Company_1008,Financial Services,6,25915475.0,0.413606716803245,0.09651403246051177,2501206.995379581,26050096.0,28764658.0,0.905628535349576,10370224.0,800632.0,12.952531309601278,7758074.0,0.6840245121434353,824,305668.0,2,11341806.0,0.6482269998829711,0.3,0,8937794.0,Non-Binary,East
BRW-01009,Company_1009,Retail,19,68715014.0,0.3256478762598682,0.4595517365545776,31578104.01107211,13996688.0,30449201.0,0.4596733930826824,418926190.0,615126.0,681.0401591866395,20525000.0,3.8533775299934514,653,1073891.0,1,5326495.0,0.7180115763679301,0.5,0,754067142.0,Male,West
BRW-01010,Company_1010,Real Estate,11,39052448.0,0.4404527287678235,0.32676935743758384,12761143.339324657,33765201.0,7644627.0,4.416853377299719,1141497.0,4386100.0,0.2602532408624425,9695409.0,1.9590040879730508,768,9236081.0,3,4949151.0,0.7719493507841311,0.55,0,301887.0,Female,North
BRW-01011,Company_1011,Financial Services,2,31429027.0,0.14547945017188418,0.24288337766441542,7633588.234466109,396200960.0,13815017.0,28.6790042546452,37659871.0,266037.0,141.5582398003293,1147075.0,0.3465354610689693,708,4140031.0,0,3310122.0,0.8406114784498849,0.3,0,16443606.0,Male,North
BRW-01012,Company_1012,Energy,9,61851721.0,-0.055453087396687514,0.1758590586978346,10877185.43390109,18808161.0,45941109.0,0.40939718261052027,3996014.0,294425.0,13.572218486139132,9129973.0,1.5247383262398555,561,4510362.0,2,5987894.0,0.6108818193334706,0.45,0,6031947.0,Female,South
BRW-01013,Company_1013,IT Services,21,31951572.0,-0.07005888542282203,0.23937329335364968,7648353.017466259,2725382.0,14328898.0,0.19020177335327718,2474685.0,974235.0,2.540128880476599,4035076.0,1.0684558839300113,821,6403924.0,3,3776548.0,0.6696858198167538,0.2,0,3223840.0,Male,West
BRW-01014,Company_1014,Real Estate,24,4051920.0,0.2894495911162279,-0.00723389983973341,-29311.1834386126,41979427.0,30519789.0,1.3754821707488813,5164678.0,1015510.0,5.085792276006858,664787.0,0.0283574903522715,723,1758370.0,3,23443082.0,0.8165844851897085,0.55,0,1255017.0,Male,North
BRW-01015,Company_1015,Automotive,34,123411547.0,0.08774397542156298,0.42985053214915425,53048519.15130036,2650428.0,42976198.0,0.06167199663236853,3944458.0,4205638.0,0.9378974277155029,49503224.0,13.717679718304318,748,23806782.0,1,3608716.0,0.8916467424293338,0.45,0,2441668.0,Male,South
BRW-01016,Company_1016,Pharmaceuticals,22,82407823.0,0.09891972737690236,0.31546698881308194,25996947.776451435,122363334.0,40636290.0,3.011183624017261,1016246.0,1777348.0,0.5717762802916029,4001593.0,0.3984865729128836,775,10323435.0,0,10041976.0,0.6771626034923471,0.2,0,111142.0,Male,South
BRW-01017,Company_1017,Real Estate,3,1024509.0,-0.0023606631930720295,0.35568163161627064,364399.03272555384,461772.0,116894265.0,0.003950339189434664,2683260.0,1781005.0,1.5065979564358571,15792563.0,1.6832823047951904,747,3126017.0,0,9382004.0,0.603519499266178,0.55,0,1837303.0,Female,West
BRW-01018,Company_1018,Energy,12,9053840.0,0.015623909052607604,0.1836908596420431,1663107.6526615154,3914415.0,7293267.0,0.5367161881340436,5181784.0,283857.0,18.254845732725517,78356.0,0.003425014107704621,622,14651718.0,0,22877569.0,0.8523587661726348,0.45,0,1538990.0,Male,North
BRW-01019,Company_1019,Energy,28,115356823.0,0.13756389346653883,0.13676529647044466,15776810.09748361,22594282.0,105163025.0,0.21485005576009195,1727639.0,1503883.0,1.1487847466958887,18781502.0,0.711069359003686,753,7240671.0,0,26413037.0,0.6294479246827515,0.45,0,465712.0,Female,North
BRW-01020,Company_1020,Manufacturing,30,1559081.0,-0.0782835235186055,0.09908313559796689,154478.63413121382,51975421.0,25883896.0,2.008021473737127,7353318.0,110256.0,66.69252745857406,5553169.0,0.3115826322516645,739,2540056.0,0,17822459.0,0.9061202530442279,0.4,0,2474459.0,Male,Central
BRW-01021,Company_1021,Financial Services,26,99468376.0,0.11857076987121434,0.2776289530616168,27615301.09161925,3218820.0,39858955.0,0.08075525109087152,2097457.0,2636464.0,0.7955565501533303,862618.0,0.06820746751020976,566,2382307.0,0,12646972.0,0.616727811011851,0.3,0,210249.0,Male,North
BRW-01022,Company_1022,Energy,21,19543752.0,0.3066620292702694,0.11849435044124748,2315824.1984248315,2452487.0,33812532.0,0.07253189224244158,6501334.0,4469335.0,1.4546532191806567,3883010.0,1.2470329651978178,833,652320.0,0,3113798.0,0.6891313806449277,0.45,0,3891830.0,Female,South
BRW-01023,Company_1023,Healthcare,28,180352505.0,-0.2400453762488231,0.15751716801783516,28408615.832522456,11101056.0,31820600.0,0.34886380681496243,5425248.0,778064.0,6.972743922422934,3174024.0,1.0401660320522084,669,1460200.0,0,3051458.0,0.8286913197577037,0.25,0,7618264.0,Male,East
BRW-01024,Company_1024,Telecom,26,24113438.0,-0.15119678171156703,0.24556789520102998,5921486.215720534,155707651.0,6818532.0,22.83594594321095,6433302.0,3110848.0,2.0680213022232836,27398891.0,7.182903525768661,779,2769391.0,0,3814458.0,0.8433788621963181,0.35,0,10377280.0,Male,West
BRW-01025,Company_1025,IT Services,33,8177508.0,0.1813414942254587,0.10088060197963934,824951.9297333165,884196.0,38138804.0,0.023183631474557213,432323.0,1170738.0,0.369273595566561,10176994.0,0.5399488934383676,673,4147975.0,2,18848068.0,0.724797626121227,0.2,0,56024.0,Male,East
BRW-01026,Company_1026,Pharmaceuticals,21,38344762.0,0.28459518104912945,0.30527361167798284,11705643.984672673,5547289.0,2606196.0,2.1284994956252348,16947387.0,8697432.0,1.9485504516102625,905521.0,0.094697818999278,657,933013.0,0,9562215.0,0.742272500909455,0.2,0,4755289.0,Female,North
BRW-01027,Company_1027,Financial Services,35,23078725.0,0.006516090479047734,0.17787107065321747,4105037.5250611766,13128258.0,181056423.0,0.07250920851060219,891751.0,2606754.0,0.34209237155006894,17154238.0,0.8098538690569346,693,3886254.0,0,21181892.0,0.6283721544772097,0.3,0,151659.0,Female,South
BRW-01028,Company_1028,Construction,34,7157872.0,-0.21973609225668078,-0.0009743181955166325,-6974.044930779029,2692757.0,23165704.0,0.11623894027831227,2473686.0,570137.0,4.338749565894573,397872.0,0.01642555103881892,869,1622049.0,0,24222748.0,0.681814903026775,0.5,0,667895.0,Male,East
BRW-01029,Company_1029,Healthcare,18,673174556.0,0.2947886260911128,0.09959967854780064,67047969.38415842,2678910.0,58936126.0,0.04545446293069105,1240766.0,8082137.0,0.15351952664010438,1643584.0,0.38225835110989964,861,1255053.0,3,4299667.0,0.7608722945991255,0.25,0,106716.0,Female,West
BRW-01030,Company_1030,Automotive,11,5628495.0,-0.04165977278717865,0.33698225399643167,1896702.9317076458,6261389.0,33203997.0,0.1885733458964791,3638284.0,5349003.0,0.6801797119613296,9083572.0,0.9899543884596657,657,7955127.0,1,9175747.0,0.6253519553561209,0.45,0,808443.0,Female,Central
BRW-01031,Company_1031,Retail,23,835317.0,0.02581304856085813,0.06755969839651406,56433.76458548093,13784630.0,15308243.0,0.9004710141803332,2767113.0,1209149.0,2.2884778563453665,3483517.0,0.3971451519399138,799,4736427.0,0,8771394.0,0.7425442790333734,0.5,0,754474.0,Non-Binary,East
BRW-01032,Company_1032,Energy,22,259054352.0,0.12785673084796648,0.28728929846851425,74423543.05129555,6631937.0,7656768.0,0.866153464992871,8682236.0,3593420.0,2.416147732202823,53093619.0,8.292527269450188,701,2989648.0,2,6402585.0,0.6526103075187629,0.45,0,13845193.0,Male,Central
BRW-01033,Company_1033,Construction,17,10065807.0,-0.0199650057866136,0.19460081240334867,1958814.2196953138,80064929.0,6098756.0,13.128073310676257,3491439.0,3525148.0,0.990437283643897,11455539.0,2.2008124275595993,861,7864142.0,0,5205140.0,0.6556700717657502,0.5,0,2074831.0,Female,North
BRW-01034,Company_1034,Energy,5,15476605.0,-0.05141945907357921,0.15939596379250634,2466908.370210923,21615164.0,37327460.0,0.5790686915458836,1816591.0,1189774.0,1.5268357462545439,22724141.0,0.7820652327286969,792,533582.0,3,29056579.0,0.6282817993676624,0.45,0,715824.0,Male,North
BRW-01035,Company_1035,Real Estate,11,14120538.0,-0.04867002888461332,0.4815112980939929,6799198.582165554,15787768.0,35053658.0,0.4503885885350799,220552.0,2145272.0,0.10280836052101527,24157589.0,2.5808976351874704,722,602485.0,1,9360149.0,0.9263392890523134,0.55,0,59549.0,Male,West
BRW-01036,Company_1036,Healthcare,30,10278068.0,0.35868928413915246,0.025894050848441458,266140.815415739,41511474.0,28634939.0,1.4496790983323171,12316929.0,2658911.0,4.632319159114705,4571264.0,0.5077101174862881,706,1992086.0,0,9003688.0,0.7456631162186278,0.25,0,8442130.0,Male,Central
BRW-01037,Company_1037,Real Estate,15,7653788.0,0.2539420382637922,0.09118396740122604,697902.7554878951,16211061.0,12719929.0,1.2744614946780368,7104964.0,881376.0,8.061208767644265,1797431.0,0.45142153640907823,748,2799539.0,0,3981712.0,0.7860625930901328,0.55,0,2597940.0,Female,Central
BRW-01038,Company_1038,Manufacturing,27,5415491.0,0.16617760109257726,0.17718839172199105,959562.140674917,4570897.0,24055714.0,0.19001293455629983,13094283.0,9977602.0,1.3123676097355246,8244696.0,0.4723042762212867,738,10287606.0,0,17456322.0,0.7783101657873646,0.4,0,2921875.0,Female,West
BRW-01039,Company_1039,Real Estate,35,26619102.0,-0.2479649838601849,0.46988992704601,12508047.896810299,5988020.0,8820384.0,0.6788841983654909,2475393.0,184858.0,13.39070859411768,32633005.0,10.033626309970225,611,1274918.0,1,3252363.0,0.7890312887329289,0.55,0,4010137.0,Female,East
BRW-01040,Company_1040,Manufacturing,33,13217056.0,0.166728784258338,0.17746785878492305,2345602.62776042,1632863.0,6472110.0,0.25229218102099915,5583908.0,4467454.0,1.2499080572719814,6267255.0,0.4475099089743186,716,1316112.0,3,14004728.0,0.6568866587021807,0.4,0,1124402.0,Female,West
BRW-01041,Company_1041,Automotive,20,72242804.0,0.15863003126142036,0.21291035262665423,15381240.874378266,179793096.0,10503407.0,17.117596117374475,1226790.0,459531.0,2.669650862181524,21561734.0,1.4981055283221658,647,16742049.0,3,14392666.0,0.8385484859040714,0.45,0,1619127.0,Female,North
BRW-01042,Company_1042,Manufacturing,16,49825680.0,-0.11171997102777488,0.13969974004960373,6960634.543794739,35894188.0,11072815.0,3.241649459360654,1069600.0,1480310.0,0.722550869378124,8530290.0,1.450123647312679,657,643799.0,0,5882456.0,0.7880371214295776,0.4,0,403457.0,Female,Central
BRW-01043,Company_1043,Construction,34,6008777.0,0.11880652002107492,0.22303542942742843,1340170.158528655,191114.0,84904967.0,0.002250916577696608,2136325.0,291313.0,7.3334099974597855,864813.0,0.07083630800946086,789,15003098.0,1,12208611.0,0.87976110998462,0.5,0,576808.0,Male,South
BRW-01044,Company_1044,Energy,2,28425066.0,0.23772387443880333,0.14714191120362458,4182518.537329168,65639792.0,2847534.0,23.051443441432678,13029289.0,407245.0,31.99365739626663,982516.0,0.09183170088981366,716,3311899.0,0,10699093.0,0.8618991844263428,0.45,0,3869699.0,Male,South
BRW-01045,Company_1045,Retail,35,12906512.0,0.165404887789066,0.26343871253199064,3400074.9045586875,985694.0,14081366.0,0.0699998799832431,2164801.0,1786025.0,1.2120769798423987,92591717.0,10.838132640411146,663,1017395.0,0,8543142.0,0.7188529708296437,0.5,0,1574343.0,Male,North
BRW-01046,Company_1046,Pharmaceuticals,28,5457543.0,-0.022025410255033878,0.2729024791782593,1489377.0149219548,19404265.0,31290205.0,0.6201386146195395,3014279.0,2163607.0,1.3931724231006726,1542187.0,0.1713183055852438,603,631524.0,1,9001880.0,0.9090724216122683,0.2,0,604715.0,Male,Central
BRW-01047,Company_1047,Real Estate,39,67940804.0,0.08198969646259599,0.1519073804606161,10320709.56202815,325775.0,158718287.0,0.002052536000136292,4702793.0,7072751.0,0.6649169941205347,3414738.0,0.3612552334453857,637,2470125.0,0,9452424.0,0.8842623661518629,0.55,0,305001.0,Female,Central
BRW-01048,Company_1048,Pharmaceuticals,6,20135844.0,0.18955353968017982,0.04494239542847234,904953.0633340322,4675310.0,7067935.0,0.6614816546160011,3395678.0,1228261.0,2.7646202520309187,35193803.0,3.478039625404517,695,8700940.0,3,10118861.0,0.76518790415004,0.2,0,9012250.0,Female,West
BRW-01049,Company_1049,Healthcare,9,13107236.0,0.0889178051326474,0.19122838164308828,2506475.528094026,66412793.0,3839677.0,17.29644855636332,14969208.0,4154433.0,3.603188304351447,1485383.0,0.15738520570611075,834,3202432.0,0,9437881.0,0.9346794402129452,0.25,0,6062529.0,Female,East
BRW-01050,Company_1050,Manufacturing,20,6693511.0,0.2681427333660343,0.34825460981053996,2331046.061567557,72200016.0,34886078.0,2.0695938915921164,1064374.0,1958494.0,0.5434652628676612,3187447.0,1.0817658921263782,616,12941610.0,3,2946521.0,0.905575550202863,0.4,1,225269.0,Male,West
BRW-01051,Company_1051,Energy,1,5168509.0,0.1393522335260163,0.08080072874649485,417619.2937328174,14078552.0,17855633.0,0.7884655341837764,3796592.0,3966973.0,0.957049882353653,6468985.0,0.8476737597648469,723,12395903.0,0,7631455.0,0.647826471361638,0.45,0,1016415.0,Female,South
BRW-01052,Company_1052,IT Services,8,477059623.0,0.19293839979317462,0.2200700268471961,104986524.04132324,28953371.0,11240595.0,2.575786106003632,6658080.0,534812.0,12.449360804617688,5317701.0,0.459141412541033,732,10941234.0,0,11581836.0,0.6538486319717515,0.2,0,4402080.0,Male,Central
BRW-01053,Company_1053,Financial Services,23,39871725.0,0.20321009704876397,0.0353111483984859,1407916.3983786202,1066235.0,24770240.0,0.04304499903735293,278335.0,2205731.0,0.1261871342484037,2072393.0,0.21159647342103868,797,11661877.0,1,9794080.0,0.8282783632335562,0.3,0,17535.0,Non-Binary,East
BRW-01054,Company_1054,Construction,3,4701097.0,-0.08000240549587943,0.05522311986281696,259609.2431177292,19925281.0,41210888.0,0.4834955392493474,4872288.0,3102947.0,1.5702125849353583,6647314.0,0.2882212442539498,709,1468559.0,0,23063233.0,0.8282030396410854,0.5,0,688548.0,Male,West
BRW-01055,Company_1055,Retail,4,37199238.0,0.08749790530350186,0.33604390023635855,12500577.023340559,31847076.0,35478873.0,0.897634913667215,24471907.0,1092571.0,22.39843872989606,24609117.0,1.489649590489048,732,10553173.0,3,16520070.0,0.6222195927575986,0.5,0,32809110.0,Female,East
BRW-01056,Company_1056,Agriculture,25,118808590.0,0.030146828972155294,0.26298400591791354,31244758.935658965,419518741.0,21042863.0,19.936389884951023,1932382.0,3131818.0,0.6170158620277864,7390059.0,1.9858671344569114,794,79926812.0,0,3721325.0,0.9409556013247918,0.6,0,568265.0,Female,South
BRW-01057,Company_1057,Construction,38,31055187.0,0.2365768992210618,0.2218758156046113,6890394.944378722,3489158.0,71140444.0,0.04904605249517346,642060.0,3510054.0,0.18292021065196984,3309467.0,0.4399582889592965,637,14161257.0,0,7522228.0,0.7468965704201551,0.5,0,42372.0,Non-Binary,East
BRW-01058,Company_1058,Automotive,15,189714717.0,0.14948495700560369,-0.09861279171699538,-18708297.873169724,9106092.0,18566590.0,0.49045578695625924,6586614.0,1065126.0,6.183876664472875,36731545.0,5.64337881134823,763,1827454.0,0,6508785.0,0.7409132973357454,0.45,0,13041496.0,Male,Central
BRW-01059,Company_1059,IT Services,21,2387555.0,0.05176813068416146,0.11365285542759523,271352.4432404321,9990774.0,15428779.0,0.6475414128660854,4279004.0,5027899.0,0.8510519302293204,114913231.0,12.988135590921514,588,1369580.0,2,8847553.0,0.6742395264864185,0.2,0,3495988.0,Male,East
BRW-01060,Company_1060,Financial Services,35,1218361.0,-0.11227771051639947,0.2528176803704025,308023.20187376393,25339515.0,34506906.0,0.7343316803212759,32077650.0,125052.0,256.5124387259802,37233198.0,4.202554771301556,705,3878198.0,0,8859657.0,0.6168873194620897,0.3,0,80835678.0,Male,East
BRW-01061,Company_1061,IT Services,14,35704102.0,-0.15953624981808112,0.006112139049481213,218228.4360608603,33289947.0,3227971.0,10.312960273509187,6302784.0,199099.0,31.65637368156705,1648040.0,0.10061796122553854,681,10387422.0,0,16379182.0,0.8254603445348296,0.2,0,2722803.0,Male,West
BRW-01062,Company_1062,Real Estate,36,36570198.0,0.12655139299174303,0.1375337532109684,5029636.58660825,43635110.0,30673399.0,1.4225716744801684,793873.0,573170.0,1.3850543729532723,1714976.0,0.16163431830172828,642,4273703.0,0,10610221.0,0.7967582842903995,0.55,0,89064.0,Female,East
BRW-01063,Company_1063,Manufacturing,12,161256.0,-0.027581901585018997,0.27199844527431805,43861.381291155434,39112131.0,10182054.0,3.8412806648559648,741832.0,2779050.0,0.26693716668028045,17115494.0,0.5626765443274735,777,621077.0,1,30417997.0,0.7150455318179378,0.4,0,75134.0,Non-Binary,East
BRW-01064,Company_1064,Retail,17,9479441.0,0.17991897021458492,-0.0013366456013767236,-12670.65311616017,963495.0,2969837.0,0.32442678691564997,11872420.0,801336.0,14.815764154157364,11485190.0,1.015687491438431,782,10190946.0,3,11307798.0,0.6114549321795382,0.5,0,10852802.0,Male,South
BRW-01065,Company_1065,Telecom,39,5320121.0,-0.16647103976143396,-0.021514390433855612,-114459.16034935435,176346.0,24403116.0,0.007226371942567828,5583731.0,398196.0,14.022534072331032,1415277.0,0.36546893786333157,785,13353868.0,3,3872495.0,0.6382226761921523,0.35,0,2387596.0,Female,East
BRW-01066,Company_1066,Manufacturing,9,2993880.0,0.31894267973133356,0.0007406260506984674,2217.345520665128,4107953.0,8453347.0,0.48595574203262426,2995647.0,1782816.0,1.6802885545740254,13655472.0,2.4520668476219276,730,876188.0,0,5568963.0,0.7165314488554844,0.4,0,3624157.0,Female,West
BRW-01067,Company_1067,Telecom,35,5301166.0,0.1795796134897512,0.22013822539338146,1166989.2757557305,8426354.0,2110887.0,3.9918527179082925,4233681.0,2236550.0,1.8929507979026636,10306687.0,0.6341399261441737,601,13814596.0,0,16253016.0,0.6501467499151423,0.35,0,1982016.0,Male,West
BRW-01068,Company_1068,Pharmaceuticals,13,59037400.0,0.09487776349665913,0.11316017653645173,6680682.606253115,3541633.0,5150643.0,0.6876097435582813,6343263.0,923679.0,6.8673815607136675,81562298.0,46.110718008905295,673,3922288.0,0,1768835.0,0.9201784491879973,0.2,0,18268597.0,Male,Central
BRW-01069,Company_1069,Financial Services,15,5250808.0,0.3324588404604098,0.2853658351755738,1498401.2102665843,4459079.0,111282390.0,0.040069942422426924,5718573.0,478605.0,11.948393877218422,4623927.0,1.9989758545497305,780,6790742.0,0,2313147.0,0.8180055700018516,0.3,0,14403425.0,Female,South
BRW-01070,Company_1070,Energy,18,5527890.0,0.2222626901331704,0.19452220622815375,1075297.3585865488,5366175.0,7511648.0,0.7143804243249385,341733.0,1999721.0,0.1708902537452706,71121745.0,7.918536491733504,779,6966360.0,0,8981677.0,0.9454176265054035,0.45,0,112772.0,Non-Binary,North
BRW-01071,Company_1071,Agriculture,33,2130340.0,0.008749514207443423,0.4056641661525648,864202.5997214549,21129094.0,21586141.0,0.978826786185322,20277968.0,5147011.0,3.939755337659986,75953073.0,3.3025803435936014,795,5035808.0,1,22998099.0,0.8878847166086674,0.6,0,29200274.0,Female,Central
BRW-01072,Company_1072,Healthcare,6,162041732.0,0.09163644646674937,0.03150213621007822,5104660.71318099,1885044.0,3988978.0,0.47256302928644145,22418927.0,461807.0,48.545990974604166,3238099.0,0.09861435234720108,725,1796407.0,0,32835980.0,0.7293276000791593,0.25,0,9079665.0,Male,East
BRW-01073,Company_1073,Manufacturing,27,46360045.0,-0.21464114497221182,0.21981260461309177,10190522.241430141,7906995.0,182290899.0,0.04337569785436355,49386744.0,13218813.0,3.7360949325711066,15112812.0,2.1131063581201244,685,6920409.0,3,7151940.0,0.6400534316932166,0.4,0,106675367.0,Male,South
BRW-01074,Company_1074,Retail,23,574621.0,0.23962854658232763,0.08457422747704198,48598.12716708534,7998300.0,15921870.0,0.5023467405306826,35637476.0,1004549.0,35.476059927330645,6470830.0,0.25207874007650055,542,3502903.0,0,25669875.0,0.7285268915028715,0.5,0,9622119.0,Female,Central
BRW-01075,Company_1075,Automotive,27,5535209.0,0.03560724830124172,0.25202552389776356,1395013.9481086158,20420483.0,6447064.0,3.167407649837562,27613591.0,923538.0,29.89975626367701,6085244.0,0.6370605060727177,769,5358774.0,0,9552065.0,0.7175516625470016,0.45,0,17415613.0,Male,West
BRW-01076,Company_1076,Automotive,34,53370933.0,-0.21658372678584725,0.1943923068327408,10374898.783685653,50772085.0,42376867.0,1.1981084822030736,2127101.0,2329442.0,0.9131371748525291,12856537.0,6.691094699808477,692,2171123.0,3,1921439.0,0.9136624381603293,0.45,0,1281941.0,Male,South
BRW-01077,Company_1077,IT Services,38,165104444.0,-0.09727578541134872,0.060825501141554314,10042560.54699769,111124427.0,171524946.0,0.6478616023125779,5137382.0,2244404.0,2.2889728012546757,2717167.0,0.30825643089807947,599,5913188.0,0,8814631.0,0.717298828180317,0.2,0,1739946.0,Female,South
BRW-01078,Company_1078,Retail,14,85263595.0,0.21063680726741146,0.16114173046693486,13739523.244131895,2902299.0,8976214.0,0.32333216171849716,18821270.0,135844.0,138.54959696713166,811842.0,0.16964774733113264,761,3266705.0,1,4785456.0,0.7909786489207831,0.5,0,5081743.0,Female,East
BRW-01079,Company_1079,Financial Services,36,14167705.0,0.32207040725542296,0.1887717692653981,2674462.739280227,442430.0,6294245.0,0.07029118340782994,219448.0,1741397.0,0.12601829105121287,4001081.0,0.17975584071106573,813,726955.0,1,22258419.0,0.7219959189463618,0.3,0,13825.0,Female,South
BRW-01080,Company_1080,Pharmaceuticals,8,1332989.0,0.08306382783771304,0.10808292720057298,144073.3530461646,6181723.0,230138718.0,0.02686085603874418,2354836.0,3967309.0,0.5935598680214049,52238005.0,6.031501829725494,769,7314544.0,0,8660861.0,0.8358394116645604,0.2,0,1341827.0,Male,South
BRW-01081,Company_1081,Telecom,35,89109231.0,-0.06730770129893403,0.2672600657980292,23815338.940271784,820012.0,12645176.0,0.06484780719162729,253202.0,6807321.0,0.03719553739341257,6550367.0,2.6457224699727324,753,16527246.0,1,2475832.0,0.7464799204178905,0.35,0,98749.0,Male,North
BRW-01082,Company_1082,IT Services,19,15473736.0,-0.1331124534518653,0.056268885999730234,870689.8869739217,537191588.0,11029423.0,48.7053166149021,4977421.0,1725599.0,2.88445815948076,8581627.0,4.326886754875396,774,6052686.0,3,1983325.0,0.8015757461091537,0.2,0,13782876.0,Female,East
BRW-01083,Company_1083,Automotive,30,26783405.0,0.2921921927211662,0.43092102696397955,11541532.388192184,2399280.0,1117656.0,2.14670511614923,21828170.0,1293279.0,16.878147036991216,29179419.0,3.3533306372845617,481,2531169.0,3,8701622.0,0.7544770305977286,0.45,0,43219777.0,Female,South
BRW-01084,Company_1084,Healthcare,14,18510882.0,0.14742016676708408,0.2944428360752226,5450396.594333788,20702202.0,14070676.0,1.4713010610647945,3362507.0,4730859.0,0.7107602000481942,809567.0,1.0247722459705544,837,6032293.0,3,789996.0,0.89851866858457,0.25,0,1102113.0,Female,South
BRW-01085,Company_1085,Healthcare,20,3161970.0,0.03047905690328806,0.22184893428642435,701479.6747456453,36074585.0,2878745.0,12.531353929801378,1391879.0,17023824.0,0.08176065014766071,17169777.0,3.2440622686662595,636,1214929.0,0,5292677.0,0.8114613012339502,0.25,0,626346.0,Non-Binary,North
BRW-01086,Company_1086,Manufacturing,25,41715166.0,-0.005240767911331129,0.5214377129636628,21751860.754939545,14811782.0,7481084.0,1.979897568334005,4998995.0,2218294.0,2.2535303014251937,108773712.0,9.715765021384762,643,10899037.0,0,11195588.0,0.8190024699601011,0.4,0,8111078.0,Female,North
BRW-01087,Company_1087,Financial Services,24,33925875.0,0.18077444566004425,0.1428841408928082,4847469.5034118,200250677.0,1306468.0,153.2762560764932,6068923.0,1592967.0,3.8098210384640496,10193864.0,3.301288536597056,662,12498579.0,1,3087843.0,0.692261917771517,0.3,0,15293686.0,Female,West
BRW-01088,Company_1088,Energy,14,12753506.0,0.17664777411070404,0.2533651041077216,3231293.375428452,6558538.0,64500156.0,0.10168251218365251,6745730.0,8959602.0,0.7529050115278545,496596.0,0.020682752919077972,671,3148165.0,1,24010149.0,0.702756670111177,0.45,0,502810.0,Male,East
BRW-01089,Company_1089,Automotive,26,48967075.0,-0.05448766201839182,0.20672165563190492,10122554.815451661,2540007.0,2520750.0,1.0076389933000125,528390.0,511065.0,1.0338977744557454,7924052.0,0.27101169019244065,820,4004802.0,0,29238782.0,0.6318994603440334,0.45,0,54084.0,Female,North
BRW-01090,Company_1090,Financial Services,38,3075570.0,-0.09135587363514135,0.2756961231849389,847922.7255839026,2350322.0,1427020.0,1.6470129031037384,4710140.0,2137566.0,2.203505200070922,22193849.0,6.9034852355114165,743,729342.0,2,3214875.0,0.7287805427008809,0.3,0,8718207.0,Female,South
BRW-01091,Company_1091,Pharmaceuticals,23,16134910.0,-0.08378540435702418,0.3595339640479944,5801048.151857626,27371381.0,4926500.0,5.555947517315027,4309154.0,35647237.0,0.12088325047791922,10512881.0,1.5938554682839183,645,7977697.0,0,6595880.0,0.8399085045722843,0.2,0,1648360.0,Male,North
BRW-01092,Company_1092,Telecom,22,25120410.0,0.009766312928846513,0.2458739251933631,6176453.80916661,6684504.0,65450439.0,0.10213077253567737,13557392.0,3416251.0,3.9684988109776445,13372069.0,0.5565409518507576,657,2377354.0,1,24027106.0,0.675871367867634,0.35,0,8827935.0,Female,Central
BRW-01093,Company_1093,Retail,19,1789789.0,-0.02346781803741345,0.3050152674378239,545912.9704922754,2350801.0,8589132.0,0.2736947955049712,2918520.0,4976012.0,0.586517760303279,16013048.0,1.8043887542960166,899,74241.0,3,8874499.0,0.7760508247632307,0.5,0,926606.0,Male,West
BRW-01094,Company_1094,Automotive,3,22172317.0,0.3227138027254349,0.11395344115840902,2526611.820605092,17226472.0,10084291.0,1.708248035657833,63169753.0,1336496.0,47.26516632659856,2194874.0,0.9961210317955579,728,3979188.0,0,2203420.0,0.8822773762798225,0.45,0,62295472.0,Female,West
BRW-01095,Company_1095,Healthcare,19,72599437.0,0.004432906661084146,0.15526198218434417,11271932.494087417,25748163.0,26013824.0,0.9897876609841113,3698740.0,4007039.0,0.9230604136719374,2647482.0,0.3438466486769899,665,2848185.0,3,7699600.0,0.6884059860855057,0.25,1,528276.0,Male,East
BRW-01096,Company_1096,Retail,9,15327415.0,-0.10744996719245949,0.3765945072315604,5772220.299058627,13349077.0,12212984.0,1.0930232862809544,1595791.0,8529432.0,0.18709227213579144,5103997.0,1.3477849732449738,570,738438.0,0,3786951.0,0.9036140114982698,0.5,0,322617.0,Male,West
BRW-01097,Company_1097,Retail,28,22949981.0,-0.09902461613492909,0.25162273962352316,5774737.093527804,34256764.0,64718043.0,0.5293232286192086,726016.0,322220.0,2.2531616499235,16014578.0,0.5950035180997669,565,14467315.0,1,26915097.0,0.8876463340638547,0.5,0,291998.0,Female,East
BRW-01098,Company_1098,Retail,20,56148811.0,0.052404259843760695,0.20979883738298263,11779955.268236827,10141515.0,10989423.0,0.9228431808618904,1512410.0,1766406.0,0.85620697834644,1493115.0,0.09167028131645084,610,1758782.0,0,16287884.0,0.6844354250476985,0.5,0,116544.0,Male,Central
BRW-01099,Company_1099,Healthcare,7,13501345.0,-0.19331861844682607,0.08961069490997792,1209864.9076693559,3647534.0,11207594.0,0.32545198144651016,986108.0,3016768.0,0.32687554134903934,194220762.0,29.912090955070127,707,1125024.0,0,6493051.0,0.6804493570750492,0.25,0,443749.0,Female,South
BRW-01100,Company_1100,Pharmaceuticals,14,15452848.0,0.07098189292064053,0.295991529736194,4573912.118300887,30011767.0,221743516.0,0.13534450705045867,2586894.0,1853096.0,1.3959841281918863,234424.0,0.02288527849186616,788,17620889.0,0,10243440.0,0.6732265559185246,0.2,0,520022.0,Male,Central
BRW-01101,Company_1101,Construction,9,4134780.0,-0.12043142507223463,0.08622414948210476,356517.8887956171,2338143.0,15653396.0,0.14936968633709347,41041312.0,1105092.0,37.13833315386126,686879.0,0.28594223532154395,749,6167029.0,1,2402159.0,0.8473362064540095,0.5,0,11081154.0,Female,East
BRW-01102,Company_1102,Real Estate,19,23619775.0,0.25379155501125517,0.05086009730758728,1201304.0548833173,1634213.0,19320645.0,0.08458376598794885,366237.0,10577297.0,0.03462481628105779,20389048.0,4.875807690504955,793,777061.0,0,4181675.0,0.6466943899199684,0.55,0,98884.0,Female,East
BRW-01103,Company_1103,Telecom,14,14617460.0,0.09748435238629174,0.19379109012347054,2832733.5082362257,50320569.0,11381379.0,4.421306467229809,406921.0,2531582.0,0.16073776763392708,17918117.0,0.42657958164143744,745,3306667.0,0,42004159.0,0.6970661524132745,0.35,0,33849.0,Non-Binary,East
BRW-01104,Company_1104,Construction,38,51066267.0,0.39815354022986654,-0.1,-5106626.7,5273622.0,795017.0,6.633336603699539,2299142.0,854823.0,2.689608621189859,7971969.0,0.8503793707317526,601,1038722.0,3,9374602.0,0.6581114066570308,0.5,0,1577571.0,Female,South
BRW-01105,Company_1105,Telecom,36,56242875.0,0.04576991307466841,0.25332920596451697,14247962.864911582,108095523.0,41759788.0,2.588507403617389,423207.0,6459589.0,0.06551607764579485,24502824.0,1.0878606874789056,733,510945.0,1,22523861.0,0.7019880803385885,0.35,0,89776.0,Female,East
BRW-01106,Company_1106,IT Services,17,79146693.0,-0.38976157509553805,0.22523330360895458,17826471.13411372,32116876.0,107461053.0,0.2988699143040231,749450.0,10508559.0,0.07131804928553484,20822671.0,1.8580726156209597,737,458100.0,1,11206596.0,0.7471412394387809,0.2,0,334208.0,Male,Central
BRW-01107,Company_1107,Financial Services,30,11269488.0,0.2986521800534306,0.13766357296369675,1551397.983551505,4705497.0,66111838.0,0.07117480123340693,5437010.0,7794232.0,0.697568317498335,8887180.0,0.26869953028875043,690,9397360.0,3,33074787.0,0.9117118299490932,0.3,0,477878.0,Male,South
BRW-01108,Company_1108,Financial Services,9,922764.0,0.15528847377156024,0.1485458209727955,137072.73594414067,18427085.0,7499164.0,2.4572182369637154,3020987.0,1204118.0,2.5088774448372626,13287776.0,11.036322138464657,675,1023704.0,0,1204003.0,0.7011723258168178,0.3,0,6366600.0,Male,Central
BRW-01109,Company_1109,Agriculture,33,73475283.0,0.178536181844101,0.16568149144003216,12173494.47141844,394279423.0,11901218.0,33.12933095340906,6310746.0,1268195.0,4.976159836492151,79925.0,0.010857072297573843,688,770704.0,1,7361560.0,0.7083387285896355,0.6,0,1363121.0,Female,South
BRW-01110,Company_1110,Financial Services,25,46116504.0,-0.07038753846160738,0.085304714694319,3933955.2164194207,27547152.0,22276095.0,1.2366238680242714,7933359.0,569147.0,13.939008834257521,7277148.0,0.1580992807660983,576,2399839.0,0,46028975.0,0.8406281033495988,0.3,0,2998810.0,Female,East
BRW-01111,Company_1111,Healthcare,14,9314311.0,0.07357279166069165,0.20214871529979517,1882876.0025527505,21264474.0,21353419.0,0.9958345782549118,24492828.0,2689295.0,9.10752405090403,8272607.0,0.357824288638511,593,158409329.0,0,23119187.0,0.6924630808337509,0.25,0,11831574.0,Male,South
BRW-01112,Company_1112,Energy,11,55528685.0,0.10796913127034898,0.1500726083537382,8333334.596403097,3641544.0,33170242.0,0.1097834586258533,5772120.0,7409473.0,0.7790188615278224,156606111.0,4.682686960867271,900,6789119.0,0,33443642.0,0.7573409062990353,0.45,0,2967750.0,Male,North
BRW-01113,Company_1113,Manufacturing,35,2750011.0,0.04432690735908522,0.19349425839463424,532111.3390220865,141361648.0,18693261.0,7.562171225118441,19924715.0,3902068.0,5.106192381528876,2575323.0,0.29178152825172954,599,11541195.0,0,8826202.0,0.7542078165098047,0.4,0,6455608.0,Male,Central
BRW-01114,Company_1114,Agriculture,14,113278542.0,-0.18015442378802105,0.16131256975983083,18273252.708666924,64161030.0,9496241.0,6.756465347028856,3838575.0,16231815.0,0.23648462993912697,8420686.0,1.6214293911547257,558,813341.0,1,5193371.0,0.8213383624250006,0.6,0,746877.0,Male,North
BRW-01115,Company_1115,Manufacturing,30,14644321.0,0.49530380723885814,0.1376965593010503,2016472.6150001162,3691919.0,17267466.0,0.21380779242259446,5871643.0,193215.0,30.389010226896325,75184191.0,23.632326579416127,642,6401035.0,1,3181412.0,0.9091252355309523,0.4,0,12682749.0,Female,North
BRW-01116,Company_1116,Telecom,4,6966396.0,0.20537438567423377,0.21341911481251646,1486762.0677534554,149173301.0,48571247.0,3.0712264383241705,5759037.0,2345983.0,2.454849223183108,20586974.0,6.938577318538297,736,3345219.0,0,2967030.0,0.8740750397469038,0.35,0,11027303.0,Female,East
BRW-01117,Company_1117,Manufacturing,4,9506132.0,0.14308760705305937,0.2737319811517812,2602132.345450344,11377256.0,484939237.0,0.02346119907088236,5009452.0,5378877.0,0.9313191338416673,9227949.0,0.4633311626071409,744,1172922.0,3,19916529.0,0.6809089213323796,0.4,0,778185.0,Female,East
BRW-01118,Company_1118,Manufacturing,28,17068966.0,0.2770828431520969,0.11702770257985232,1997541.8763936115,2519138.0,8050707.0,0.3129088770826119,4450439.0,954863.0,4.6608092880242635,37636365.0,2.535194033823994,618,2430430.0,0,14845555.0,0.8549954573260872,0.4,0,9612948.0,Male,North
BRW-01119,Company_1119,Agriculture,8,23723624.0,0.17662883165582619,0.22745679499751492,5396099.480766125,3620859.0,19219683.0,0.1883932639058998,50197494.0,510005.0,98.42530087881319,2705820.0,0.32546151612609114,707,1284964.0,1,8313793.0,0.9492114309825359,0.6,0,11762894.0,Non-Binary,South
BRW-01120,Company_1120,IT Services,2,25969165.0,-0.021580432011955072,0.24233164926170286,6293150.584399289,33149959.0,9474007.0,3.4990427493833653,9315072.0,465745.0,20.00032635814371,118208775.0,8.00264561905956,656,4105250.0,0,14771211.0,0.6010439026039575,0.2,0,26827407.0,Male,East
BRW-01121,Company_1121,Retail,22,12680664.0,0.26746741367265353,0.025936334159211538,328889.938864684,2545276.0,21190466.0,0.12011420040908018,1670977.0,2247393.0,0.7435176030549161,23294858.0,2.2734338341326916,715,2434221.0,1,10246551.0,0.8762612181523701,0.5,0,745440.0,Male,Central
BRW-01122,Company_1122,Financial Services,16,32617495.0,0.20783240098670225,0.29718533701845695,9693441.244272834,1698618.0,47241494.0,0.03595605939227791,109906158.0,452001.0,243.15414091088093,775338.0,0.033334465494521556,676,1289629.0,0,23259349.0,0.7206158978953621,0.3,0,41544528.0,Female,North
BRW-01123,Company_1123,Financial Services,29,24456801.0,-0.015892872597108795,0.4267741596787187,10437530.695204647,4600559.0,11412862.0,0.40310297249690985,1856903.0,11613144.0,0.1598966515961008,3584698.0,0.15559450158665505,644,2327169.0,0,23038718.0,0.6255772983987522,0.3,0,116985.0,Male,Central
BRW-01124,Company_1124,Healthcare,30,9144293.0,0.19850220024275672,0.16942851712049453,1549304.0031053184,5755867.0,1257657.0,4.576655179707043,3243479.0,3678166.0,0.881819395367312,349305.0,0.114129060378081,648,12355240.0,0,3060613.0,0.740100542878122,0.25,0,386122.0,Male,Central
BRW-01125,Company_1125,Agriculture,12,7295104.0,0.04391449517358783,0.15945655095551642,1163252.1227017916,3236577.0,50338889.0,0.06429575622346857,940394.0,1558309.0,0.6034704262951531,29316384.0,2.5093181482029285,524,593803.0,0,11683007.0,0.6703392847204399,0.6,0,272400.0,Male,Central
BRW-01126,Company_1126,Healthcare,35,60161809.0,0.11127172996979195,0.15443926060855828,9291345.298833307,4497727.0,17132759.0,0.26252203381124817,9584606.0,1800191.0,5.3242131950369735,20692130.0,12.355856216284645,682,1475811.0,1,1674681.0,0.6082699007479148,0.25,0,25878436.0,Female,North
BRW-01127,Company_1127,Energy,11,53036401.0,0.1699475700369839,0.2544726905759164,13496315.660933224,35159199.0,9718692.0,3.6176879957006562,41257906.0,7263050.0,5.68051993576804,4455218.0,0.43892169064559317,693,5465108.0,1,10150370.0,0.648872800924575,0.45,0,17927900.0,Female,West
BRW-01128,Company_1128,Energy,21,26316444.0,0.28527465519574396,0.2412934231979774,6349984.859157873,13055939.0,7434597.0,1.7561055755805492,349148.0,9910243.0,0.035231019538974014,53786638.0,3.3076279504468036,587,1352679.0,0,16261392.0,0.7547335689625734,0.45,0,115219.0,Female,East
BRW-01129,Company_1129,Healthcare,21,96619699.0,-0.01689939776905812,-0.010879344278502484,-1051158.9695062821,4100169.0,21283566.0,0.19264482311635076,2156385.0,646481.0,3.335568507707871,7839671.0,3.281912179209972,673,21834391.0,0,2388750.0,0.8227039743312734,0.25,0,5822240.0,Female,Central
BRW-01130,Company_1130,Agriculture,5,1274429.0,0.1347443270978395,0.07606547397190057,96940.04592853527,4677283.0,6356270.0,0.735853301408955,17451227.0,822585.0,21.215079031250227,454667990.0,77.59791517082044,679,18534052.0,0,5859280.0,0.7811374427926141,0.6,0,25129767.0,Male,North
BRW-01131,Company_1131,Healthcare,20,10359433.0,0.38235893393467935,0.24087754198700248,2495354.757419039,7293658.0,7313200.0,0.9973277091659316,667319.0,1291353.0,0.5167591535705933,1470109.0,0.16387041241452618,551,20071055.0,0,8971167.0,0.6553608411333094,0.25,0,46554.0,Male,West
BRW-01132,Company_1132,Financial Services,37,4263173.0,0.053592875595957254,0.16259738761442988,693180.7927483718,7947585.0,3274441.0,2.427157054545477,7737378.0,937033.0,8.257307632380469,23266729.0,2.0722189219206033,638,8747205.0,3,11227929.0,0.651325886447276,0.3,0,19498193.0,Male,North
BRW-01133,Company_1133,Construction,3,712584028.0,0.10948351665493733,0.04006585113125763,28550285.584359918,7998148.0,6460157.0,1.238073124527295,464092.0,227360.0,2.041211993261817,4895844.0,0.7279672487566842,635,14153583.0,0,6725362.0,0.6539507771745727,0.5,0,206883.0,Female,East
BRW-01134,Company_1134,Real Estate,33,70408865.0,0.3821345711716982,0.360031221634562,25349389.67985296,33276816.0,31234584.0,1.0653836444441314,6027821.0,745750.0,8.082886915337694,3218540.0,1.169675100748532,714,3388245.0,2,2751652.0,0.7409714590374961,0.55,0,5710980.0,Male,North
BRW-01135,Company_1135,Manufacturing,9,21453686.0,0.17562162079236568,0.08403440804904239,1802847.803480028,11941826.0,2792914.0,4.275757049534268,3673760.0,852071.0,4.311560525401609,6854420.0,0.8141678862401349,799,1400099.0,0,8418926.0,0.7830654287848355,0.4,0,3230342.0,Non-Binary,South
BRW-01136,Company_1136,Real Estate,9,78411869.0,-0.14109704187416738,0.18429325463963134,14450778.540386414,12480606.0,58379818.0,0.2137828827458338,473837259.0,469684.0,1008.8405186454752,15409631.0,9.049833416825576,703,1526802.0,2,1702752.0,0.8410316803665183,0.55,0,767616360.0,Male,South
BRW-01137,Company_1137,Agriculture,4,128882732.0,-0.03932164782315471,0.1594177066285232,20546189.55945858,75540389.0,3559947.0,21.219520341308357,9986076.0,3362974.0,2.9694172570417563,9698182.0,1.3772520517091777,792,319111.0,0,7041689.0,0.9488237006863247,0.6,0,9801460.0,Female,Central
BRW-01138,Company_1138,Pharmaceuticals,35,126841336.0,0.18343688215481646,0.050557343885933054,6412761.04310318,148334015.0,17538745.0,8.457504031360052,125664.0,1704895.0,0.07370772176132738,24557409.0,4.296916217390908,682,1935630.0,0,5715123.0,0.6824301551986655,0.2,0,60319.0,Non-Binary,North
BRW-01139,Company_1139,Real Estate,17,96259211.0,0.14345073618357126,0.202194576261652,19463090.37942595,1402186.0,26217523.0,0.05348277739728587,2922298.0,4158831.0,0.7026727696622513,22086213.0,2.842629794606984,729,2115968.0,0,7769640.0,0.8530506019950809,0.55,0,1108846.0,Male,North
BRW-01140,Company_1140,Energy,34,16292078.0,0.10438698001082292,0.22705282601993035,3699162.351637135,832042.0,39411584.0,0.02111160969547406,11256363.0,608205.0,18.507484306304114,78384478.0,15.432229940083921,705,2531495.0,0,5079270.0,0.8346127366151319,0.45,0,22287599.0,Female,Central
BRW-01141,Company_1141,Telecom,24,11386647.0,0.40418362747496966,0.12387887618044466,1410565.0338234317,5261311.0,39423408.0,0.13345652071843914,1759013.0,4242581.0,0.41460907532252766,1466188.0,0.7451698500042437,892,143755028.0,1,1967588.0,0.6547815713035345,0.35,0,255599.0,Male,Central
BRW-01142,Company_1142,Manufacturing,32,5704217.0,-0.012623073423759207,0.13965692827326212,796633.4244241224,28765660.0,13245491.0,2.1717320881700735,1648117.0,2358800.0,0.6987096410422075,859413.0,0.1395054044946228,687,1101054.0,0,6160427.0,0.9317120950070827,0.4,0,124368.0,Male,West
BRW-01143,Company_1143,Retail,1,51324096.0,0.06883792648519457,0.2520584451315136,12936671.835540537,15618702.0,11924886.0,1.3097568136285065,1773354.0,1026682.0,1.7272653779209357,8027237.0,0.35612651731947353,762,2352521.0,2,22540407.0,0.6253328839898964,0.5,0,327250.0,Male,North
BRW-01144,Company_1144,Pharmaceuticals,8,19031316.0,-0.2144665314157353,-0.05701659187960656,-1085100.7773038263,43191296.0,29974009.0,1.4409582168018227,7427791.0,13594034.0,0.546400755919784,2702245.0,0.08613259608985818,716,82794513.0,0,31373081.0,0.9495233271465228,0.2,0,584431.0,Female,East
BRW-01145,Company_1145,Agriculture,23,12894268.0,0.2540989833201458,0.07859953797027346,1013483.507264882,4932982.0,20452849.0,0.24118800069427976,497373.0,2269903.0,0.2191163150512092,32963565.0,0.323543770526821,790,1164572.0,1,101882860.0,0.6212908098111078,0.6,0,19311.0,Male,East
BRW-01146,Company_1146,Manufacturing,12,11923335.0,-0.03982784515938699,0.2056121875838855,2451582.992645507,472097.0,9674598.0,0.048797578070160844,1408043.0,1054042.0,1.3358496759619864,1790955.0,0.03712773996545271,750,697948.0,3,48237651.0,0.7908345281208042,0.4,0,203141.0,Male,East
BRW-01147,Company_1147,Real Estate,12,212677809.0,0.23857051532013934,0.11679135276118603,24838929.015395146,1143755.0,22866124.0,0.05001962510044881,15393720.0,2778002.0,5.541289912213918,3896385.0,1.4513546252142735,727,2455331.0,2,2684653.0,0.9142570811968631,0.55,0,18096815.0,Non-Binary,Central
BRW-01148,Company_1148,Energy,15,100837475.0,0.22280451971559517,0.1150765123524658,11604024.93742896,20730178.0,11988358.0,1.7291922939578304,1574441.0,636804.0,2.472406780725654,5397687.0,0.9138566512914942,608,1159228.0,0,5906491.0,0.7140435214655845,0.45,0,1173920.0,Male,Central
BRW-01149,Company_1149,IT Services,19,376184692.0,0.4323648888181668,0.28820310554354023,108417596.49234018,43690027.0,7126690.0,6.130478647102842,1439262.0,1603788.0,0.8974135625072874,125560104.0,14.455582335790373,615,16827428.0,2,8685924.0,0.6364502509975724,0.2,0,1239949.0,Male,Central
BRW-01150,Company_1150,Construction,26,53410849.0,0.17739133647968178,0.10400108615547816,5554786.308486234,508797.0,9304339.0,0.054683835715375835,414764.0,22632686.0,0.01832588415153711,209754214.0,25.71325594381077,650,4096970.0,1,8157434.0,0.7966745141033329,0.5,0,124429.0,Non-Binary,East
BRW-01151,Company_1151,Retail,29,26309264.0,0.02658700635198368,0.4175013901336588,10984154.293393424,73734864.0,26263812.0,2.807469882609962,8613755.0,237159.0,36.32043767920391,1603816.0,0.16836229255548588,676,633859.0,0,9525980.0,0.7080247335892668,0.5,0,2325714.0,Male,West
BRW-01152,Company_1152,Pharmaceuticals,22,23251875.0,0.14804344399956382,-0.030541509346670187,-710147.3576401068,17839912.0,4810420.0,3.7085968151228346,6188227.0,1051924.0,5.8827644556408485,329860.0,0.003342060217914971,708,5277285.0,1,98699597.0,0.607223047933747,0.2,0,2673314.0,Male,South
BRW-01153,Company_1153,Construction,21,5228044.0,-0.033887927174288165,-0.0854392599866482,-446680.2105376362,7995319.0,55262374.0,0.14467925057509742,14055813.0,1660932.0,8.462600839407731,3756621.0,1.2474252033870163,650,4372532.0,1,3011499.0,0.8657547117004483,0.5,0,15780218.0,Female,North
BRW-01154,Company_1154,Manufacturing,38,3641374.0,0.12787402662633635,0.2854723393762149,1039511.5543237252,3470347.0,7506439.0,0.4623159580307043,2759610.0,1277376.0,2.1603723881046863,8407234.0,1.9311853753130308,541,416725.0,0,4353405.0,0.6628426900770592,0.4,0,4144792.0,Male,South
BRW-01155,Company_1155,Energy,20,51702233.0,0.04986462416864416,0.06192584887535421,3201704.6672763512,96663034.0,972990.0,99.34627761202313,5249656.0,1087317.0,4.828077894415433,8349556.0,0.1815712712965613,782,6382596.0,1,45985005.0,0.8466670117284882,0.45,0,1559148.0,Male,North
BRW-01156,Company_1156,Energy,29,5944529.0,0.06944923254921928,0.06395116940724069,380159.5811252551,34123937.0,28432709.0,1.2001647750073772,5183828.0,15125462.0,0.34272193849537036,7831718.0,1.6317836733664854,735,6913969.0,0,4799482.0,0.800781840003444,0.45,0,1395716.0,Male,Central
BRW-01157,Company_1157,Real Estate,4,33171002.0,-0.05475497318913454,0.2981679928583612,9890531.087440684,18554728.0,572775.0,32.394388033018146,385585.0,1018848.0,0.37845156642446526,30215323.0,2.293958772501092,704,434011.0,2,13171693.0,0.8513819460259587,0.55,0,104108.0,Female,East
BRW-01158,Company_1158,Financial Services,7,128726432.0,0.12506690896441647,0.12032776967442468,15489364.460706491,2966509.0,4350047.0,0.6819485670043182,111570566.0,3192154.0,34.95148763139635,4856324.0,0.1942003161782904,800,530960.0,2,25006776.0,0.7938958880480571,0.3,0,42173674.0,Male,South
BRW-01159,Company_1159,Real Estate,28,8902290.0,0.20363450385291032,0.2892434179037886,2574928.786770718,100059127.0,268120672.0,0.3731869157287995,14176379.0,950678.0,14.911846164688606,12237614.0,0.8466446307041438,635,1933627.0,3,14454250.0,0.9482188386501011,0.55,0,9721908.0,Male,Central
BRW-01160,Company_1160,Financial Services,28,492853463.0,-0.16781451920075907,0.10675056686970487,52612386.558947116,9300017.0,52273063.0,0.17791222263152587,3680282.0,3201158.0,1.1496717282709168,23371359.0,2.1711481500886802,689,1285801.0,0,10764515.0,0.843796403434405,0.3,0,3554138.0,Male,North
BRW-01161,Company_1161,Financial Services,4,5465452.0,-0.0232888979897706,0.22350378263703674,1221549.1958211577,13915671.0,47339278.0,0.2939561246803104,2335360.0,6093987.0,0.3832235967645489,12349511.0,0.5436314291804205,712,7997445.0,0,22716697.0,0.7941470776218065,0.3,0,266611.0,Male,South
BRW-01162,Company_1162,Retail,22,106674440.0,0.10520707537704055,0.11862930240258947,12654714.401386887,9915295.0,3826331.0,2.5913315938083783,23817507.0,1813467.0,13.133679226763306,24484756.0,6.730366225182128,666,1708095.0,3,3637952.0,0.7287159357028663,0.5,0,42871513.0,Female,South
BRW-01163,Company_1163,Real Estate,12,45678317.0,-0.27209749618201207,0.06962252689556539,3180239.853876662,2818384.0,11711050.0,0.2406602105993732,3774904.0,998313.0,3.7812792367932335,685641.0,0.12675139300805255,636,2510563.0,3,5409336.0,0.726923513088432,0.55,0,917302.0,Male,South
BRW-01164,Company_1164,Automotive,3,144840381.0,0.34103966505693784,0.3876721629041661,56150583.77813349,14354607.0,64988179.0,0.22088027392058063,12870309.0,1709612.0,7.528200241809111,10550979.0,0.6949548064410997,769,668142.0,0,15182251.0,0.7456750335353275,0.45,0,8854840.0,Female,South
BRW-01165,Company_1165,IT Services,22,4527605.0,-0.026666622182958247,0.3139754611631791,1421556.8678397154,25277060.0,31565177.0,0.8007894015360851,1373629.0,3768145.0,0.3645370959617807,12543221.0,11.180028896607723,722,13561802.0,1,1121930.0,0.847438859642696,0.2,0,659342.0,Female,South
BRW-01166,Company_1166,Pharmaceuticals,2,768946055.0,-0.060713127813764214,0.09280311804807839,71360591.51476918,4581738.0,57255160.0,0.08002314411446682,879251.0,5608286.0,0.15677710502333422,6931721.0,0.18919724841757918,749,1046250.0,0,36637535.0,0.618408489422489,0.2,0,63306.0,Male,Central
BRW-01167,Company_1167,Healthcare,24,18473307.0,0.048898658561481734,0.15859247558226736,2929727.4893212286,12624059.0,124254465.0,0.10159843268732087,2564812.0,2699109.0,0.950243598815906,3625550.0,0.3012315969183822,634,695454.0,0,12035755.0,0.8128105616906152,0.25,0,330372.0,Male,North
BRW-01168,Company_1168,Healthcare,34,66650420.0,0.10060592581973356,0.3571472158093536,23804011.935524058,9701093.0,32350235.0,0.2998770395368986,3321298.0,1802363.0,1.8427454165751203,17747883.0,1.7138545991245648,766,3532660.0,0,10355535.0,0.8740871205663298,0.25,0,4720192.0,Male,North
BRW-01169,Company_1169,Real Estate,27,210865539.0,-0.03347093469285062,0.061413550192617364,12950001.363269813,35064402.0,3345676.0,10.48051022259471,6170451.0,9198749.0,0.6707923359152058,10685674.0,6.140627298639205,650,16361838.0,0,1740159.0,0.7559204711162044,0.55,0,2235109.0,Male,West
BRW-01170,Company_1170,Real Estate,1,9752234.0,0.22706204989833906,0.0679070355830294,662245.301252029,5675040.0,30040537.0,0.18891272852703236,29513213.0,934791.0,31.571957184058057,8212030.0,3.345845576671409,719,6449170.0,0,2454395.0,0.6878749655416803,0.55,0,47811405.0,Female,East
BRW-01171,Company_1171,Construction,8,83352532.0,0.13995598091618347,0.23640725667658252,19705143.427167058,12482727.0,11043615.0,1.1303115754839719,17331700.0,1208991.0,14.335661443582753,5429805.0,0.9102803512701885,858,1401583.0,0,5964980.0,0.9457182495122068,0.5,0,14199035.0,Female,South
BRW-01172,Company_1172,Pharmaceuticals,23,7593442.0,-0.04558628404080335,0.45245934723134645,3435723.8105590898,17119934.0,3112598.0,5.500205455312425,23605969.0,17063181.0,1.3834447174038231,5758216.0,0.28901067346948917,768,1780393.0,1,19923886.0,0.8532795974115583,0.2,0,4702688.0,Male,North
BRW-01173,Company_1173,Pharmaceuticals,38,196356486.0,0.0016392324616442827,0.18645978622409393,36612588.40327429,5485668.0,42860847.0,0.12798785502330706,1089344.0,1765425.0,0.6170431385965767,2819089.0,2.5308095462102793,727,431864.0,0,1113907.0,0.6612577515899896,0.2,0,645285.0,Female,East
BRW-01174,Company_1174,Retail,6,7723119.0,-0.14751545445854786,0.3059773487384041,2363099.4756111945,2576566.0,61990234.0,0.04156406246887111,2100331.0,4372539.0,0.48034574869526636,4353958.0,0.2227357938696932,808,58655499.0,0,19547634.0,0.7725426173150406,0.5,0,94515.0,Non-Binary,East
BRW-01175,Company_1175,Real Estate,22,25591235.0,-0.10800113433022539,0.05790722924535985,1481917.5118168765,3288989.0,13089495.0,0.251269338406918,13964003.0,684014.0,20.41476137219213,2171886.0,0.3503360628289412,654,33517683.0,1,6199435.0,0.8070290933970301,0.55,0,3962596.0,Male,Central
BRW-01176,Company_1176,Pharmaceuticals,25,38231909.0,0.13813974923185424,0.22332628103232402,8538190.053736238,16416296.0,21521681.0,0.7627794147316181,20224822.0,6590808.0,3.068640283764861,4971467.0,0.6995267979006318,739,5038366.0,0,7106899.0,0.6241845521461908,0.2,0,20372839.0,Male,South
BRW-01177,Company_1177,Construction,18,78330660.0,-0.04402968341047428,0.13684623457781264,10719255.872994885,6243340.0,1218093.0,5.1254993456991,9946965.0,498449.0,19.955792958170328,15347676.0,1.340284071468655,633,3210102.0,0,11451061.0,0.9186627160070064,0.5,0,11998583.0,Female,West
BRW-01178,Company_1178,Financial Services,17,462757845.0,0.3506426679573639,0.40399500943520983,186951859.95699236,6120264.0,56430916.0,0.10845586648893195,1405533.0,455925.0,3.082809491013893,30388999.0,2.6124119012649425,671,603685.0,0,11632544.0,0.7345504297277528,0.3,0,3541943.0,Male,East
BRW-01179,Company_1179,Energy,12,12262379.0,0.09063848004637137,0.37184290132957565,4559678.58456286,21992705.0,37955068.0,0.5794405221605577,685273.0,5786111.0,0.11843410566542784,8229127.0,1.8881900799158553,827,2626655.0,0,4358208.0,0.830233949314678,0.45,0,213498.0,Female,Central
BRW-01180,Company_1180,Energy,6,133298584.0,-0.12292351376559928,0.4535300084221634,60454907.92418245,41006342.0,19781717.0,2.0729413896204565,4636482.0,1285035.0,3.608056116715796,7894775.0,0.47559034522276816,721,12444188.0,0,16599947.0,0.925211810597476,0.45,0,2183015.0,Non-Binary,South
BRW-01181,Company_1181,Financial Services,26,463996549.0,-0.09150209291013438,0.09654128530831103,44794823.219080724,53093964.0,3259422.0,16.28937514400555,858046.0,1482359.0,0.5788377991850833,11027767.0,12.62051368910628,812,9761547.0,2,873796.0,0.875189421986213,0.3,0,417202.0,Male,North
BRW-01182,Company_1182,Agriculture,27,30972183.0,0.2379454542022142,0.184259784888713,5706927.777113854,3545707.0,2036515.0,1.741065132805242,6523761.0,3324128.0,1.962547482363049,38842666.0,6.858224590379864,691,1662944.0,0,5663661.0,0.7302233754439504,0.6,0,6145532.0,Female,West
BRW-01183,Company_1183,Construction,8,10583438.0,0.06852295960863884,0.22502003091888734,2381485.545988127,35467184.0,166730700.0,0.2127213751713309,21338593.0,1399899.0,15.242940924351739,6340721.0,0.6119046309351136,797,10865558.0,2,10362269.0,0.9401030731509049,0.5,0,11751465.0,Male,South
BRW-01184,Company_1184,Pharmaceuticals,19,1802976.0,0.22879922398364538,0.10122388364089388,182504.23283132428,202748051.0,4414987.0,45.92267317600863,4341079.0,563960.0,7.69748085417254,17794142.0,2.8273194352905886,704,18543477.0,1,6293643.0,0.7427129146137271,0.2,1,12502308.0,Male,Central
BRW-01185,Company_1185,Automotive,1,407240163.0,0.025026802988290152,0.19572662396728835,79707742.24787821,10735916.0,17210341.0,0.6238060812504481,461047.0,1002997.0,0.4596689126000251,15492480.0,10.834924975434744,710,3443052.0,0,1429864.0,0.6151023525739434,0.45,0,152146.0,Male,Central
BRW-01186,Company_1186,Construction,29,16740366.0,-0.004034813875526511,0.28907736436305953,4839260.881752973,7960757.0,4581647.0,1.7375313424339889,1522792.0,615531.0,2.4739444902945746,3487347.0,0.1838977109465202,701,14257592.0,0,18963514.0,0.6717163781704057,0.5,0,339057.0,Male,Central
BRW-01187,Company_1187,Financial Services,35,5378727.0,0.24791710565515773,0.1139561366722195,612938.9491345572,5823189.0,939694.0,6.1968926087719955,11959361.0,7989359.0,1.4969110166521473,25649506.0,10.058543024334693,728,38860636.0,3,2550021.0,0.829041022233154,0.3,0,15037763.0,Female,Central
BRW-01188,Company_1188,IT Services,14,3148715.0,-0.04878660655428889,0.09559722483155693,301008.4157854958,1801922.0,25080680.0,0.07184501888126563,6655021.0,8426126.0,0.7898078203663439,397019.0,0.04779918752493686,679,57824560.0,0,8305977.0,0.9016273237734371,0.2,0,756891.0,Male,Central
BRW-01189,Company_1189,Telecom,35,5363776.0,0.15335812000555427,0.087641306859616,470088.3383422437,31433358.0,30238688.0,1.0395079627956092,7503188.0,722985.0,10.378054346833824,43689037.0,4.21889416763893,588,1328250.0,1,10355565.0,0.7872274481304575,0.35,0,17557460.0,Female,West
BRW-01190,Company_1190,Manufacturing,20,95971127.0,0.048232458439794824,0.018755713825357456,1800006.9935090363,8014061.0,1977697.0,4.052216769193274,46429439.0,3343551.0,13.886261975288555,1481884.0,0.16349016378539585,697,6356990.0,1,9064055.0,0.8124673473375581,0.4,0,15043138.0,Male,East
BRW-01191,Company_1191,Financial Services,13,118071720.0,0.2118085120063662,0.2824791440512221,33352798.40225556,7098793.0,55391808.0,0.12815600588166384,5518429.0,1429621.0,3.8600616106914973,7213449.0,0.25219486425747517,710,9389231.0,0,28602679.0,0.6098934639916518,0.3,0,2085966.0,Male,East
BRW-01192,Company_1192,Automotive,38,64242967.0,0.35277259813037,0.09531979971289435,6123626.747402081,24915861.0,7787870.0,3.199316090366674,5263389.0,11424829.0,0.4606973582976727,30813352.0,3.657285205641458,830,3177583.0,3,8425197.0,0.6035461809220524,0.45,0,1736918.0,Male,North
BRW-01193,Company_1193,Pharmaceuticals,8,29458903.0,0.02117334751984863,0.08266712037014397,2435282.680273395,28608790.0,3996348.0,7.158731632297379,11816567.0,34049385.0,0.34704199952386805,4683074.0,0.3436985845537266,519,21114129.0,2,13625525.0,0.8062953702866731,0.2,0,974721.0,Male,East
BRW-01194,Company_1194,Automotive,20,3729255.0,-0.0020713208194683835,0.24348838022072883,908030.2593800541,3608256.0,3693859.0,0.9768253263523794,562562.0,4771283.0,0.11790578804363773,12625865.0,1.5025473722217124,829,3554740.0,0,8402972.0,0.8979256057645221,0.45,0,139471.0,Male,Central
BRW-01195,Company_1195,Automotive,33,8081504.0,0.17987125835560333,0.1787260774940983,1444375.5101728654,3739840.0,41677478.0,0.08973287467795257,1676694.0,1070381.0,1.5664445029905212,31570737.0,1.9247287671159383,783,2599297.0,0,16402693.0,0.6312866576249831,0.45,0,1668216.0,Female,East
BRW-01196,Company_1196,Real Estate,26,4593124.0,-0.08230053928046023,0.11693635678738837,537103.1868327165,3498926.0,1456453.0,2.4023594291340475,1079783.0,493512.0,2.1879524956789385,142140948.0,3.9702711520133893,754,455115.0,0,35801319.0,0.6722602035165524,0.55,1,1275758.0,Male,East
BRW-01197,Company_1197,Real Estate,39,57038185.0,0.3224698186775053,0.27727545727992026,15815288.828291688,211613373.0,3299870.0,64.12777135833491,8730831.0,2659619.0,3.282736255555305,8687800.0,0.8520486612583346,712,259087.0,0,10196365.0,0.7710540276705058,0.55,1,6025665.0,Female,Central
BRW-01198,Company_1198,Retail,21,4901399.0,0.296903382508471,0.1121464641711092,549674.5673418104,81467847.0,24591701.0,3.3128185678242197,823523.0,1644450.0,0.5007890171248641,11636857.0,0.5991984225908974,618,1933341.0,3,19420706.0,0.8221258749447005,0.5,0,74135.0,Male,West
BRW-01199,Company_1199,Financial Services,9,8274018.0,-0.06986794587406457,-0.08123411667527342,-672132.5435853124,25662995.0,20966009.0,1.2240285586050945,7611508.0,351185.0,21.673722756601915,9442152.0,0.24792364011792595,856,42143.0,1,38084919.0,0.7931419603400953,0.3,0,2877150.0,Female,Central
BRW-01200,Company_1200,Retail,24,18343193.0,-0.15746872291103592,0.3399891586446976,6236486.754927306,5060031.0,4297835.0,1.1773439005117925,2361590.0,2180889.0,1.0828560816914194,6376343.0,0.1846895501200519,798,21141524.0,0,34524654.0,0.6343415886432113,0.5,0,230154.0,Female,East
BRW-01201,Company_1201,Financial Services,37,1973462.0,-0.09408657292843269,0.08061654291728058,159093.68401862239,6044180.0,68586677.0,0.08812469383631615,1916030.0,25011342.0,0.07660644212507901,1180453.0,0.19528369042472957,720,12397362.0,0,6044810.0,0.8853747932827616,0.3,0,120710.0,Male,East
BRW-01202,Company_1202,Construction,17,25910456.0,-0.09180544599386765,0.09372549853736821,2428470.4059305433,15327451.0,3852837.0,3.9782235847964538,12835699.0,5213984.0,2.4617828781632474,1654121.0,0.06602960344858488,722,9200316.0,3,25051202.0,0.6676257676067852,0.5,0,2843883.0,Female,North
BRW-01203,Company_1203,Manufacturing,24,20568486.0,0.20026408465324647,0.09425555268263407,1938694.0157750212,244248168.0,11407062.0,21.412011838630153,443189.0,491805.0,0.9011459803255756,8697780.0,0.7632322977049801,691,17353407.0,0,11395979.0,0.9436332785104956,0.4,0,109735.0,Male,Central
BRW-01204,Company_1204,Automotive,21,142708368.0,0.31237554736691053,0.18715211867695633,26708173.424130756,13705609.0,9731566.0,1.4083660935592388,1570609.0,1939427.0,0.8098310429673079,14822219.0,0.5457511624287504,747,2162492.0,2,27159298.0,0.6277998024002702,0.45,0,229072.0,Female,North
BRW-01205,Company_1205,Construction,39,7061737.0,0.19851893189282357,0.14709090513524511,1038717.2871570505,19062591.0,9776794.0,1.9497791454152409,264745710.0,3103839.0,85.2961847260168,58946434.0,3.756565321637207,696,4555717.0,0,15691576.0,0.7748959521238279,0.5,0,476542278.0,Female,North
BRW-01206,Company_1206,Telecom,39,3440773.0,0.04457116750753139,0.29856853354297663,1027306.5488642683,194178.0,11589420.0,0.016754762813431318,52463475.0,3580140.0,14.654024799581915,6487685.0,0.5541877202166016,724,1873317.0,0,11706655.0,0.8706382607805897,0.35,0,34017298.0,Female,South
BRW-01207,Company_1207,Energy,13,13782504.0,0.1313747700365621,0.3774136791012485,5201705.541867674,13077038.0,11181395.0,1.1695353603431986,214997.0,278312.0,0.7725007455634484,88014055.0,6.4175402302756135,735,17256379.0,0,13714608.0,0.9490002240139861,0.45,0,109616.0,Female,North
BRW-01208,Company_1208,Healthcare,11,4652257.0,-0.05046670492075529,0.09849606258811593,458228.99664800044,1098227.0,11017363.0,0.09968146645604158,1526770.0,1722364.0,0.8864381243232415,1458966.0,0.12719937331706468,894,71147.0,3,11469914.0,0.754158735939329,0.25,0,182707.0,Female,East
BRW-01209,Company_1209,Financial Services,19,25616107.0,0.24458120683463486,0.06743910911618993,1727527.4351049967,4280189.0,11777334.0,0.3634259363429842,3592012.0,2712074.0,1.3244515730575297,12179089.0,1.0211177581887738,627,17249025.0,1,11927212.0,0.8644292453040566,0.3,0,2040323.0,Female,East
BRW-01210,Company_1210,Telecom,11,1483771.0,0.14480434099737988,0.11737183503753955,174152.92504548508,9533561.0,53888548.0,0.17691255706291145,393639.0,1585070.0,0.24834155693972068,5951656.0,0.7850657926325125,712,212893.0,3,7581091.0,0.7290574823962048,0.35,1,60261.0,Male,South
BRW-01211,Company_1211,Energy,13,9742243.0,0.19597966730246946,0.23268699495843637,2266893.247824862,5648200.0,11085003.0,0.5095352243445289,67460078.0,195868.0,344.414266678239,1240714.0,0.17959009858454433,798,2399776.0,2,6908587.0,0.8515907514917834,0.45,0,20035643.0,Female,South
BRW-01212,Company_1212,Pharmaceuticals,1,6001035.0,-0.029130355278966333,0.1660366837484902,996391.9504586209,3423110.0,33610035.0,0.10184785282586427,3417336.0,1652861.0,2.0675265085651433,701075.0,0.013530555171276574,766,677136.0,3,51814207.0,0.9191915897834206,0.2,0,1017422.0,Male,Central
BRW-01213,Company_1213,Agriculture,19,56606570.0,0.05471042196970303,0.1199506187748583,6789993.09822233,3469183.0,17513229.0,0.19808927308097934,2473433.0,5080768.0,0.48682256563917786,4629623.0,0.32318124195471465,754,2665266.0,0,14325159.0,0.7732319295547543,0.6,0,95924.0,Female,South
BRW-01214,Company_1214,Manufacturing,12,7160948.0,0.18876097099718045,0.024358740388024436,174431.6732641428,6474796.0,22736374.0,0.2847769708231853,5789740.0,998115.0,5.800668459377468,5179902.0,1.0341722532324484,900,1426607.0,1,5008741.0,0.7524299922991495,0.4,1,6466596.0,Female,West
BRW-01215,Company_1215,Retail,8,1786656.0,0.2965269349285422,-0.08506666113605182,-151984.8605186938,6064347.0,37262331.0,0.16274738253096988,5652992.0,1128134.0,5.010918019563261,2344946.0,0.34825865179065507,787,1835569.0,1,6733345.0,0.7915934910611573,0.5,0,1771833.0,Female,East
BRW-01216,Company_1216,Retail,8,17845641.0,-0.011214963917287726,0.05943389337582808,1060635.924417306,9160477.0,3729086.0,2.456493238157222,907518.0,10610741.0,0.08552823167314784,27853218.0,1.0900249545784095,650,7429499.0,0,25552825.0,0.7896875559845765,0.5,0,148383.0,Female,East
BRW-01217,Company_1217,Construction,12,39029534.0,0.19706778607562292,0.3317299034222255,12947263.544434467,8188838.0,31105024.0,0.2632641510495491,23509781.0,1560011.0,15.070256510847353,4835343.0,1.1361542578913062,640,4579722.0,0,4255885.0,0.7436224552349946,0.5,0,24039664.0,Female,South
BRW-01218,Company_1218,Real Estate,33,16081695.0,-0.02681076949154257,0.2323191327677036,3736085.435834715,60509682.0,11357798.0,5.327588734401798,4168446.0,2267708.0,1.83817500393569,2022791.0,1.002018113484951,696,14632615.0,3,2018716.0,0.7657762717064462,0.55,0,2073005.0,Male,South
BRW-01219,Company_1219,Energy,26,9655283.0,0.39757906592399134,0.15701576127149597,1516031.6105367334,410692.0,4624102.0,0.08881549567559373,23280341.0,211647.0,109.99556338826731,6236607.0,2.870240126801089,665,6122810.0,0,2172851.0,0.9036013613980697,0.45,0,46095075.0,Male,East
BRW-01220,Company_1220,Agriculture,39,8821097.0,0.017776293759120612,0.2675744155868867,2360299.8746102396,12832092.0,37167156.0,0.3452535258481029,1378550.0,560487.0,2.4595531037238976,3447274.0,2.1859917411971206,706,301430.0,1,1576983.0,0.8810200237302387,0.6,0,1627496.0,Female,South
BRW-01221,Company_1221,Telecom,28,28614440.0,0.17652577610781672,0.025454021387829706,728352.5677607699,9884856.0,8793513.0,1.124107609312955,221041.0,27442799.0,0.008054608130365706,105104071.0,43.34867773094341,727,111252784.0,2,2424619.0,0.9003731354998324,0.35,0,86206.0,Male,Central
BRW-01222,Company_1222,Manufacturing,5,6361832.0,0.10484144228504488,0.18681000618667465,1188453.8752785847,7265985.0,23045791.0,0.3152846732279802,28231145.0,14455943.0,1.9529091285909796,5537892.0,2.029907446438062,721,166277.0,2,2728149.0,0.7073465462230889,0.4,0,39695660.0,Female,South
BRW-01223,Company_1223,Energy,8,14757700.0,0.47079546820407403,-0.034362614920793066,-507113.16221658787,3082601.0,565272.0,5.453296018030226,9925271.0,3497122.0,2.838124652750275,2243153.0,0.0631751417957071,503,5239975.0,0,35506892.0,0.7649905557415619,0.45,0,2788746.0,Male,South
BRW-01224,Company_1224,Agriculture,25,74452348.0,0.11448524120368456,0.22152228313841787,16492854.11397602,7098807.0,35015426.0,0.20273369792120485,18855670.0,127489.0,147.89920778100245,104810072.0,12.352265485960135,639,9858343.0,1,8485088.0,0.7995507067641752,0.6,0,27152165.0,Male,Central
BRW-01225,Company_1225,Healthcare,27,3429810.0,0.0027415965514807905,0.21114182112545143,724176.3295142846,766614.0,327864383.0,0.002338204566922402,20678357.0,401112.0,51.55244781395766,26365212.0,4.266609056175084,757,5070941.0,3,6179429.0,0.6705813516545027,0.25,0,55831564.0,Female,Central
BRW-01226,Company_1226,Financial Services,23,22623494.0,0.17592597689195943,0.21399698678263782,4841359.546495086,12116477.0,14516583.0,0.8346644775382418,3364962.0,388413.0,8.663338602625034,10422325.0,4.9672837688030755,831,2421508.0,0,2098193.0,0.8359718690837181,0.3,0,8479704.0,Female,Central
BRW-01227,Company_1227,Retail,30,1650380.0,0.17258613001630593,0.32011416959517913,528310.0232164917,15904120.0,10678405.0,1.4893721029149856,1885309.0,381661.0,4.939734634309939,2691450.0,0.34948903403409903,667,30396648.0,2,7701099.0,0.7511626679181636,0.5,0,593005.0,Male,East
BRW-01228,Company_1228,Telecom,23,34000796.0,0.05637952043615871,0.27311937558349325,9286276.172861734,3090666.0,8422782.0,0.36694118796602027,2849012.0,1247651.0,2.2834989243795545,28058622.0,17.941809666800523,668,17625033.0,2,1563867.0,0.9239573394784305,0.35,0,5074458.0,Male,South
BRW-01229,Company_1229,Retail,20,5563768.0,-0.08421487963421624,0.03493036616072828,194344.45347334287,163289713.0,28537097.0,5.722015356992501,7475487.0,5060040.0,1.4773570016527533,989422.0,0.16110373961108332,692,3166448.0,3,6141520.0,0.6894585706612109,0.5,1,993957.0,Male,Central
BRW-01230,Company_1230,Telecom,18,111483563.0,0.0008001707914465223,0.32192631934568133,35889493.104132384,7417358.0,10171222.0,0.729249373452927,4953266.0,928855.0,5.332652208738491,25138437.0,0.3589451018445828,837,1666787.0,2,70034210.0,0.7066826443145435,0.35,0,2080202.0,Male,Central
BRW-01231,Company_1231,Construction,18,2635488.0,0.21222484222173787,0.15486576620176035,408146.86843554495,9493418.0,31866635.0,0.29791089338705223,210287.0,1366107.0,0.15393146076298506,12931601.0,0.7492975842693179,704,959274.0,0,17258297.0,0.6691671297460913,0.5,0,23635.0,Male,East
BRW-01232,Company_1232,Real Estate,2,46880790.0,-0.18211734193509438,-0.05641782019974412,-2644911.981041962,65901548.0,115749355.0,0.5693469948981833,2736665.0,1371420.0,1.9954959126336844,39235398.0,5.446035725965091,520,1081258.0,0,7204395.0,0.6404334146942062,0.55,0,2948942.0,Female,West
BRW-01233,Company_1233,Telecom,4,150834930.0,0.04279311509214304,0.1669493250110634,25181789.751590997,220892166.0,40194742.0,5.495548659186601,27257667.0,5861269.0,4.65047114362587,257643.0,0.014424985100122419,843,2988068.0,0,17860884.0,0.6846901064466036,0.35,0,9567441.0,Female,South
BRW-01234,Company_1234,Retail,30,5147213.0,0.2292295882725175,0.2576554908170814,1326207.691855062,1647865.0,11880399.0,0.13870450489882497,3262588.0,5791217.0,0.5633681895587422,2233489.0,0.4234238828549925,755,272754.0,1,5274829.0,0.6544285384554471,0.5,0,233481.0,Male,West
BRW-01235,Company_1235,Construction,33,6630380.0,0.06597556714999285,0.05833777236648573,386801.5991432996,3738729.0,3841715.0,0.9731924483746326,91955092.0,2408221.0,38.18381029655904,1983568.0,0.4971244959064761,596,3236382.0,0,3990082.0,0.8290208903633964,0.5,0,41141816.0,Male,West
BRW-01236,Company_1236,Telecom,36,5860272.0,0.40605652093291145,0.33994298924486266,1992158.3814679699,7617694.0,8976651.0,0.848611932377461,773316.0,9194577.0,0.08410565444112823,1661292.0,0.034012625494969716,659,10906267.0,0,48843391.0,0.8298319232947711,0.35,0,45239.0,Female,Central
BRW-01237,Company_1237,Healthcare,18,11654535.0,-0.18169753604479782,0.06920201290174047,806517.2814337858,2915906.0,12081382.0,0.2413553150330554,5513979.0,1252394.0,4.4027475357215575,16810697.0,5.928672318127619,636,1404926.0,1,2835490.0,0.6194947130350643,0.25,0,14887743.0,Female,East
BRW-01238,Company_1238,Real Estate,37,52489972.0,-0.06420518033791507,0.12226896509572552,6417894.55434361,31615839.0,3010693.0,10.501179794426136,745632.0,16131905.0,0.04622094872112446,5706191.0,0.9150133984201554,683,3159043.0,0,6236182.0,0.6298989122858283,0.55,0,92106.0,Male,South
BRW-01239,Company_1239,Telecom,19,10311214.0,-0.2671950703379182,0.1002314957110717,1033508.4018169425,2471969.0,53990694.0,0.04578509315355174,905857.0,958100.0,0.9454713020861057,2404875.0,0.1992838996839715,818,5184110.0,0,12067582.0,0.758025930613172,0.35,0,100206.0,Male,South
BRW-01240,Company_1240,Construction,28,4495389.0,0.3790535850117949,-0.025077145341577095,-112731.52331992691,59405938.0,29002818.0,2.048281513600454,918580.0,186888.0,4.91511003857905,1698795.0,0.4875627787716126,550,6760837.0,2,3484258.0,0.821704425154574,0.5,0,403079.0,Male,South
BRW-01241,Company_1241,Pharmaceuticals,20,1169246.0,-0.06174807261274458,0.06082396527355624,71118.17810024454,22645481.0,4162767.0,5.440005544387772,89928005.0,435606.0,206.4429749751496,2101670.0,0.12339530821055814,672,2421315.0,0,17032008.0,0.6468994644094199,0.2,1,38848898.0,Male,West
BRW-01242,Company_1242,Energy,33,267043269.0,-0.2180381967592499,0.09457688345930762,25256120.130805537,50935199.0,1732267.0,29.403763736327175,2239546.0,391540.0,5.719824999169947,32562689.0,4.979213804861825,708,45855324.0,3,6539724.0,0.8368061036504219,0.45,0,4434301.0,Female,North
BRW-01243,Company_1243,IT Services,12,300435440.0,-0.011787897163815175,0.164387335938434,49387781.60309123,2488633.0,34671282.0,0.07177793218670334,1139434.0,815673.0,1.396923280624367,8040180.0,0.46582354107072477,694,3285868.0,1,17260140.0,0.8962277209869445,0.2,0,355897.0,Non-Binary,East
BRW-01244,Company_1244,Agriculture,15,55971633.0,-0.1289213662282705,-0.1,-5597163.300000001,4999050.0,2039038.0,2.451669634568049,3255765.0,7681585.0,0.42384020695726116,30924429.0,1.9368690536474094,636,445031.0,0,15966194.0,0.726177563748082,0.6,0,756719.0,Female,North
BRW-01245,Company_1245,IT Services,39,7162893.0,-0.010717733545810404,0.2659863628031794,1905231.856218354,34174090.0,16203195.0,2.1090956376754315,2341678.0,1156656.0,2.0245223951439364,483716955.0,69.40941004786886,795,1833463.0,0,6969039.0,0.9350823665934616,0.2,0,4551148.0,Non-Binary,West
BRW-01246,Company_1246,Pharmaceuticals,2,74146481.0,0.08618438764173557,0.2648008441732405,19634050.76127514,26033371.0,8962651.0,2.9046504315910067,11041561.0,390040.0,28.30871882699511,8651215.0,0.17596883580072759,687,22912983.0,0,49163335.0,0.8173143328417292,0.2,0,4769954.0,Male,Central
BRW-01247,Company_1247,IT Services,29,100238247.0,0.2007381656070651,0.3217753494707253,32254196.95875788,5778830.0,38262198.0,0.15103235441329443,153445.0,345436.0,0.4442054556981447,1060725.0,0.2321895525700919,677,20370334.0,1,4568357.0,0.6673176645068823,0.2,0,11048.0,Female,North
BRW-01248,Company_1248,Pharmaceuticals,10,16495989.0,0.05379965898335933,0.0010013426299918526,16518.137009576672,7154137.0,38797961.0,0.184394659698878,780804.0,1850501.0,0.4219417217598252,7235108.0,0.21131303755693648,727,247792.0,3,34238814.0,0.8466743315075078,0.2,0,56218.0,Male,North
BRW-01249,Company_1249,Manufacturing,2,25701318.0,0.08379360490020141,0.1448602296201797,3723098.8270212575,4631902.0,5468249.0,0.8470538106341151,11637675.0,12356463.0,0.9418289083349412,148877762.0,5.174293813664789,677,2091776.0,0,28772575.0,0.6240395823242633,0.4,0,7891703.0,Male,East
BRW-01250,Company_1250,Pharmaceuticals,11,153260914.0,-0.00723928346051958,0.29297227441794704,44901198.55395338,6871094.0,42523173.0,0.16158469261960548,1570740.0,2585033.0,0.6076283716190967,45358762.0,0.8686905628079175,655,1481652.0,0,52215096.0,0.6154613666841768,0.2,0,397968.0,Female,West
BRW-01251,Company_1251,Pharmaceuticals,13,2062250.0,-0.14675473408744882,0.3032994981273451,625479.3900131173,2088568.0,10351489.0,0.2017649633047996,1053442.0,6154276.0,0.17117234079649,3371776.0,0.3188272128215634,625,10518542.0,1,10575558.0,0.6644642947322084,0.2,0,80608.0,Male,East
BRW-01252,Company_1252,Automotive,10,107999185.0,-0.19698103644488518,0.35747171259030663,38606653.620307356,1623628.0,14987944.0,0.10832892701434386,985050.0,3211326.0,0.30674235292762153,5631832.0,1.3944927777381604,875,592965.0,1,4038623.0,0.6043248383527781,0.45,0,226651.0,Male,Central
BRW-01253,Company_1253,Pharmaceuticals,14,15191844.0,0.025327132949545812,0.19232579694866522,2921783.504419798,40150513.0,15361142.0,2.613771188771565,9678981.0,317493.0,30.48555563254739,28417655.0,0.40080692957304603,763,33935735.0,0,70901106.0,0.7642325609709968,0.2,0,5586340.0,Female,South
BRW-01254,Company_1254,Healthcare,18,4552252.0,0.09269596678148206,0.1732831370469776,788828.5071883778,6529842.0,217519781.0,0.030019531740795878,9065148.0,4080082.0,2.221804801519969,18244032.0,2.8692478318690404,669,360474.0,0,6358471.0,0.7507801567513599,0.25,0,18126890.0,Male,West
BRW-01255,Company_1255,Energy,9,5150170.0,0.014207821816062366,-0.006953903542600809,-35813.78540799641,49972910.0,12695060.0,3.9364056620129673,13748361.0,505429.0,27.201315711374473,28875761.0,7.330585060470973,801,2649173.0,2,3939079.0,0.6573416146553326,0.45,1,27221755.0,Female,Central
BRW-01256,Company_1256,Financial Services,39,6602222.0,-0.1913990489292013,0.3077851433072772,2032065.8444164582,21725065.0,1970340.0,11.026043207749318,571462.0,1202438.0,0.4752523828651599,6208537.0,0.8446967279948528,741,536517.0,0,7350018.0,0.7775181604741683,0.3,1,101370.0,Male,Central
BRW-01257,Company_1257,Telecom,28,3932925.0,0.11021001399022577,0.12476229100007433,490680.7333314673,14189542.0,6214177.0,2.2834141538913113,522964.0,832995.0,0.6278109378676489,15917002.0,4.7807088495514085,703,8756070.0,0,3329422.0,0.8076479976084256,0.35,0,256092.0,Female,North
BRW-01258,Company_1258,Agriculture,3,344320498.0,0.32439573243564707,0.1840729172922876,63380078.55039328,3062271.0,35521668.0,0.08620853372627282,18002562.0,1750952.0,10.281579231424258,5621497.0,0.3737977821740886,617,149162.0,0,15038871.0,0.7348362430889113,0.6,0,4845109.0,Male,East
BRW-01259,Company_1259,Real Estate,20,50465698.0,0.06280302297332784,0.17606046873072267,8885014.444703095,1445304.0,10418759.0,0.13872130656623244,4446759.0,1471290.0,3.022351798522522,71854033.0,14.817598689772987,633,2527891.0,0,4849235.0,0.7198191712028913,0.55,0,7203750.0,Female,North
BRW-01260,Company_1260,Energy,6,119248980.0,-0.006929586636412383,-0.1,-11924898.0,4477775.0,14916035.0,0.300198725720426,1317283.0,1255718.0,1.049026892162976,900367.0,0.13507052232833272,777,2454341.0,1,6665902.0,0.6871864624063417,0.45,0,136805.0,Male,North
BRW-01261,Company_1261,Retail,27,56150853.0,0.07092589396347213,0.082625313115594,4639481.81083269,88443644.0,8724605.0,10.137265109736761,2582482.0,1423959.0,1.8135916739234248,904541.0,0.03867368071541485,760,852558.0,0,23389058.0,0.7161297559589701,0.5,1,421521.0,Female,South
BRW-01262,Company_1262,Financial Services,2,26478441.0,-0.0856569766844678,0.2344657644043816,6208287.909301318,33714390.0,498854.0,67.58354632107526,513241.0,2733967.0,0.1877275081493273,3042004.0,0.1834769512057502,590,20336524.0,0,16579760.0,0.688997371657835,0.3,1,32334.0,Female,East
BRW-01263,Company_1263,Manufacturing,29,27021218.0,-0.09533486939442228,0.17416970366625795,4706277.531761355,3891787.0,5759676.0,0.6756953558333219,1477103.0,1423847.0,1.037402166523393,3212135.0,0.3558883023035487,667,42099691.0,2,9025682.0,0.7139041151889367,0.4,0,196324.0,Male,South
BRW-01264,Company_1264,Manufacturing,38,13306072.0,0.14771211321419547,0.2354187571003692,3132498.932128024,4554652.0,13352969.0,0.34109655005590517,4150843.0,1611832.0,2.5752314290624403,900042.0,0.0853771349453555,754,1786372.0,0,10541955.0,0.7818441665249374,0.4,0,1154453.0,Male,Central
BRW-01265,Company_1265,Pharmaceuticals,3,15041543.0,0.22854822935484986,0.2740616328373661,4122309.8349734545,2205282.0,1752634.0,1.258266552933155,5563333.0,21652041.0,0.2569426477188618,687060.0,0.07637661834535113,788,3968998.0,0,8995684.0,0.9027728954822354,0.2,0,400560.0,Male,South
BRW-01266,Company_1266,Energy,16,2922193.0,0.05793524717083698,0.0812111303229023,237314.59655167282,872721.0,3560419.0,0.2451174299661276,2867220.0,6903032.0,0.41535655414076683,44134528.0,7.643899086636517,741,1295070.0,2,5773823.0,0.6750948698726595,0.45,0,946183.0,Female,Central
BRW-01267,Company_1267,Construction,30,122391958.0,-0.216064757142365,0.11818196632250338,14464522.258501248,10348996.0,9742388.0,1.0622647073525806,2459436.0,1090152.0,2.2560466283173097,6917036.0,0.7803790025100161,663,491609.0,1,8863687.0,0.939227297014311,0.5,0,1299004.0,Female,North
BRW-01268,Company_1268,Automotive,2,1591440.0,0.1330023389803626,0.16305754493294397,259496.29930808436,118167789.0,9844483.0,12.003451780712936,9819545.0,2253575.0,4.357316993081218,6174858.0,0.4253490146417108,718,611385.0,0,14517155.0,0.6026249678835311,0.45,0,4134966.0,Male,South
BRW-01269,Company_1269,IT Services,17,4936090.0,0.3901073255506173,0.2728198745452988,1346663.4545443042,120414324.0,23518696.0,5.119940275602853,2807867.0,2051534.0,1.3686663888259278,9669093.0,1.2344272039656534,683,636103.0,0,7832857.0,0.660039528521112,0.2,0,2277093.0,Female,East
BRW-01270,Company_1270,Retail,12,494002530.0,0.04341527548275729,0.1519082354151648,75043052.62292701,22116974.0,10509304.0,2.104513476390684,1671659.0,2182428.0,0.7659626040526404,97681589.0,7.224340676850839,730,21287806.0,1,13521176.0,0.7151812872065433,0.5,0,768257.0,Female,South
BRW-01271,Company_1271,Manufacturing,35,29628856.0,0.053323133689486574,-0.03373165848346513,-999430.4518477666,3598369.0,22503030.0,0.15990597000021908,1041898.0,1933585.0,0.5388423375014093,10579746.0,2.748679212341606,818,6231145.0,0,3849028.0,0.6116876298509413,0.4,0,404222.0,Male,Central
BRW-01272,Company_1272,Agriculture,1,31533646.0,-0.050895029517090726,0.1562180554385919,4926124.859008932,1010322.0,6324559.0,0.15974581630975118,230639.0,2201471.0,0.10476581123902552,7520474.0,1.5481074961145362,637,782567.0,0,4857849.0,0.7356354014903268,0.6,0,42846.0,Male,West
BRW-01273,Company_1273,Manufacturing,15,62834059.0,0.15220309968401147,0.2679924541162445,16839053.6734949,42737755.0,18885056.0,2.263046121597621,8665657.0,1465738.0,5.91214192977058,3414742.0,0.800861477786669,722,894795.0,1,4263835.0,0.9302484917394782,0.4,0,7495190.0,Female,East
BRW-01274,Company_1274,Real Estate,26,2396437.0,-0.0206475196741919,0.3428423307381957,821600.0465472495,17379905.0,85612185.0,0.20300737327277218,29366859.0,948414.0,30.96414438826885,21822336.0,4.321383867121571,692,732648.0,1,5049848.0,0.754216239094918,0.55,0,47574312.0,Female,Central
BRW-01275,Company_1275,Telecom,37,2985596.0,0.23322528465028913,0.2136691109021728,637929.6428330835,5529775.0,20723110.0,0.2668409680380518,946224.0,1244918.0,0.760068727362985,8068285.0,0.250642022272926,678,195284.0,1,32190471.0,0.85297853502007,0.35,0,84146.0,Male,West
BRW-01276,Company_1276,Manufacturing,21,12393200.0,-0.018637081972773334,0.0016803988320842067,20825.518805785992,4304028.0,11050442.0,0.38948918156493817,486465.0,246913.0,1.970179900694169,105918215.0,5.766924605500482,688,7122175.0,0,18366498.0,0.8206828652054471,0.4,0,690065.0,Male,East
BRW-01277,Company_1277,Real Estate,31,6230447.0,0.13126872021784458,0.13123551050219234,817655.8927018528,21870623.0,4726600.0,4.627135440457106,1284542.0,4565740.0,0.28134359789571944,6982139.0,2.306632278201669,805,2700972.0,1,3026983.0,0.7891451954524898,0.55,1,346826.0,Male,West
BRW-01278,Company_1278,Energy,25,21586227.0,0.07304836309106598,0.23700685772270427,5116083.831358997,2571674.0,16262469.0,0.15813551078034271,5054559.0,3536031.0,1.429443794626293,40284345.0,2.926991500070297,746,42484366.0,0,13763054.0,0.6788897387639258,0.45,0,4768637.0,Female,North
BRW-01279,Company_1279,Energy,23,50039535.0,0.31326674289639506,0.2839457709788725,14208514.344999276,12722063.0,11278474.0,1.1279949638581457,1531947.0,22162654.0,0.0691229006633005,3058394.0,0.5086386754080934,661,143589.0,1,6012900.0,0.7739747749701653,0.45,1,128569.0,Female,North
BRW-01280,Company_1280,Automotive,24,194072930.0,0.14142190792970727,0.24084859046677734,46742191.63825755,1425834.0,28757190.0,0.04958182459475962,1492499.0,472303.0,3.1600388732680647,3013872.0,0.6710716427235622,751,11667493.0,2,4491132.0,0.7838618982112224,0.45,0,991558.0,Male,South
BRW-01281,Company_1281,Financial Services,38,81542304.0,0.28805109786873817,0.1498070954342169,12215615.717253927,251453183.0,1645743.0,152.78997401783025,2886673.0,1221633.0,2.3629605921249737,573670.0,0.2852322798196931,655,13328666.0,2,2011237.0,0.8443097517903538,0.3,0,859458.0,Male,South
BRW-01282,Company_1282,Manufacturing,28,5436168.0,0.09629352511657499,0.283021851573072,1538554.3328222837,3170592.0,11690318.0,0.27121518240862375,3802667.0,8043574.0,0.4727583195283192,29259151.0,1.2458078796100807,556,16232910.0,0,23486085.0,0.7610447153515539,0.4,0,852731.0,Male,South
BRW-01283,Company_1283,Agriculture,21,13763819.0,0.05438895492285775,0.10313218888859209,1419492.7809363927,23502055.0,24230847.0,0.9699229263457887,5679525.0,3050049.0,1.8621088178882312,8390847.0,3.693279657805304,515,4725424.0,1,2271922.0,0.8630632009476396,0.6,0,5076429.0,Female,South
BRW-01284,Company_1284,Manufacturing,18,9152908.0,0.07427138456971624,0.2021578887448965,1850332.5571562732,1473230.0,17111459.0,0.08609610167688789,2099628.0,14045953.0,0.1494827620822338,23192613.0,2.7491930267267555,740,13047531.0,2,8436152.0,0.8586521646071201,0.4,0,755866.0,Male,West
BRW-01285,Company_1285,Agriculture,36,5257461.0,-0.03571138020657888,0.26997448942880814,1419380.349166871,6956036.0,9830265.0,0.707614219187965,2044299.0,11658230.0,0.17535241839006277,113154572.0,32.804845005906955,677,5171343.0,0,3449324.0,0.6849594286994178,0.6,0,490632.0,Female,East
BRW-01286,Company_1286,Healthcare,35,3736789.0,0.15975031755558078,0.24919629684042793,931193.9808740459,33495707.0,9668429.0,3.464441176075123,182960.0,107378.0,1.7038713342459886,2495496.0,0.12927078623700866,779,1063630.0,0,19304407.0,0.8301084574218185,0.25,0,42085.0,Female,East
BRW-01287,Company_1287,Pharmaceuticals,9,293230217.0,-0.023553751120522992,0.2518913964270328,73862168.83473185,46336154.0,3919144.0,11.823026195764637,13303377.0,2700224.0,4.9267661028247645,1988817.0,0.31267285844190634,730,1790815.0,1,6360695.0,0.9320101144713109,0.2,1,5989831.0,Female,South
BRW-01288,Company_1288,Financial Services,38,24543641.0,0.09686945622767743,0.2488697992344206,6108171.008151694,27922193.0,23083907.0,1.209595576277639,4773327.0,2717385.0,1.7565877648593171,2728613.0,0.3512582854774199,720,1720516.0,0,7768109.0,0.8297129499367567,0.3,0,1236992.0,Female,North
BRW-01289,Company_1289,Healthcare,30,17255728.0,0.20828029496958678,0.05415673472488436,934513.8837807593,7221935.0,24394356.0,0.29604941011562635,31534593.0,1929189.0,16.346027607441464,378800.0,0.04714618116554869,663,18731283.0,0,8034584.0,0.7264997272466833,0.25,0,12771510.0,Male,Central
BRW-01290,Company_1290,Manufacturing,34,49942672.0,0.3175323364665408,0.182106905991579,9094905.474872265,3272529.0,2687908.0,1.2174999228024461,7036814.0,1177192.0,5.9776213416151815,6650383.0,0.5530065776551976,741,22278501.0,1,12025865.0,0.6651050446629372,0.4,0,4202717.0,Female,South
BRW-01291,Company_1291,Financial Services,32,53791131.0,0.10442901257974851,0.07089054498695298,3813282.592054581,1764688.0,36673501.0,0.048118884310530255,2927341.0,12922806.0,0.22652516593337654,33474664.0,3.718403968351649,824,11092936.0,0,9002427.0,0.6133221615126735,0.3,0,1229483.0,Female,South
BRW-01292,Company_1292,Healthcare,3,129376651.0,0.20918105840990486,0.14526311323764007,18793655.10451964,84790824.0,6678938.0,12.695253542516259,351856.0,1919473.0,0.18330855223879042,9564374.0,1.1239270289180145,538,3583878.0,1,8509781.0,0.6888228524837584,0.25,0,88979.0,Female,North
BRW-01293,Company_1293,IT Services,3,7916879.0,0.19128316255712213,0.039739208399496906,314610.5044546007,10376528.0,9330582.0,1.1120985687603873,281913.0,45966.0,6.132943198381447,842079.0,0.15914030719513175,688,149320.0,0,5291424.0,0.7999019367041071,0.2,0,121786.0,Male,Central
BRW-01294,Company_1294,Manufacturing,28,44193281.0,0.02264343637685365,0.2213960047622345,9784215.850734768,13692501.0,135526227.0,0.10103211165885913,15752700.0,1165808.0,13.512247718108197,5202621.0,2.8275252433299944,807,11244690.0,0,1839990.0,0.8453082522782649,0.4,0,34025832.0,Male,West
BRW-01295,Company_1295,Healthcare,15,6157855.0,0.39617051816362664,-0.05581820966167375,-343720.441456186,51036661.0,100162442.0,0.5095388997251196,7589852.0,23805087.0,0.3188331838974928,10721444.0,3.692511685638753,608,10558925.0,0,2903563.0,0.9046295034401887,0.25,0,3415433.0,Female,West
BRW-01296,Company_1296,IT Services,23,18160566.0,-0.006436330431841497,0.25407374311301584,4614122.98067097,21425598.0,2582021.0,8.297992038797501,29446921.0,518943.0,56.74392805389406,37647104.0,2.065323329706533,710,5011718.0,1,18228188.0,0.7303097479438599,0.2,0,84807132.0,Non-Binary,Central
BRW-01297,Company_1297,IT Services,11,26300904.0,0.09364919392243481,0.18184173453828376,4782602.003284886,7340181.0,3157224.0,2.324883719088757,13215124.0,8546594.0,1.54624432303157,29347057.0,4.484029981076565,645,6709360.0,3,6544794.0,0.7715408400618478,0.2,0,19616458.0,Female,Central
BRW-01298,Company_1298,Energy,32,30453942.0,0.2981179630097641,0.40825915728930406,12433100.697057344,27142333.0,4150800.0,6.53905908763152,1873472.0,6927193.0,0.2704517875491866,5292385.0,1.1569521381945689,678,967475.0,3,4574419.0,0.7128044692445505,0.45,0,357640.0,Female,West
BRW-01299,Company_1299,Automotive,36,28501910.0,0.2944187364198235,0.1554479817574546,4430564.3857326135,3492682.0,98293596.0,0.03553315888928146,103764.0,1458528.0,0.07114291179674864,5278372.0,2.4226351253664333,558,1953154.0,2,2178772.0,0.8670033952407257,0.45,0,34242.0,Female,South
BRW-01300,Company_1300,Manufacturing,33,80417830.0,0.08214805970534923,0.15541239633656215,12497927.668486277,867428.0,7069847.0,0.12269400982878274,8095188.0,2487825.0,3.253920491224065,21664726.0,13.61051387014658,778,954616.0,0,1591763.0,0.8367245411615191,0.4,0,17485606.0,Male,South
BRW-01301,Company_1301,IT Services,24,9865135.0,0.2285625121760942,0.26190387390352887,2583717.0730812894,73866012.0,2498015.0,29.569871449982706,712012.0,1823749.0,0.390410966415353,3649299.0,0.829652945208516,712,2589522.0,0,4398584.0,0.8477666276754763,0.2,0,141773.0,Female,North
BRW-01302,Company_1302,Energy,39,31721696.0,0.046404149533466686,0.16242087425058707,5152265.597031351,3957784.0,64291363.0,0.061560118712055946,2479449.0,1053058.0,2.3545204969522127,32057655.0,1.484374793805676,584,12183213.0,2,21596738.0,0.6708218552389563,0.45,0,2859665.0,Female,Central
BRW-01303,Company_1303,Healthcare,34,7737914.0,0.006698166455141277,0.21297993687599065,1648020.4352718443,5629691.0,29880863.0,0.18840455885077487,6065736.0,888914.0,6.823752552268777,3306849.0,0.6495836247949947,733,6312825.0,0,5090720.0,0.8900695647978286,0.25,0,5319274.0,Female,South
BRW-01304,Company_1304,Real Estate,28,1930662121.0,-0.10191836096776598,0.2993280050506296,577901241.1057473,6426077.0,218244373.0,0.02944441078696489,1269371.0,10905747.0,0.11639467554174183,91030613.0,6.8635226772187625,716,682456.0,0,13262957.0,0.7370347590414266,0.55,0,342730.0,Non-Binary,South
BRW-01305,Company_1305,Manufacturing,37,6142261.0,0.18858220482189206,0.14789821948309442,908429.465500451,3600891.0,29808904.0,0.1207991705834213,948133.0,1610098.0,0.5888662746824884,12646725.0,2.6011887940151817,644,51037824.0,0,4861901.0,0.9320257444843126,0.4,0,401993.0,Male,North
BRW-01306,Company_1306,Financial Services,7,8444459.0,0.2043831396902684,0.323431220283776,2731201.679006315,46362467.0,14100778.0,3.2879365742843003,2062097.0,785124.0,2.626456933609298,470020.0,0.027922115108833398,857,4237968.0,0,16833251.0,0.757665348434398,0.3,0,682417.0,Male,Central
BRW-01307,Company_1307,Agriculture,4,90782048.0,-0.005183394333349245,-0.021496062661753912,-1951456.5923703513,15582893.0,19840606.0,0.7854040453500238,151862.0,3832454.0,0.03962525326455236,23223142.0,3.7151184061770763,741,1189354.0,0,6250982.0,0.9276301084864305,0.6,0,36447.0,Non-Binary,North
BRW-01308,Company_1308,Agriculture,37,12683371.0,0.12021500509778524,0.37241758516257895,4723510.399541084,5633940.0,8507055.0,0.6622667113041222,693472.0,3307660.0,0.20965631000274818,13023440.0,5.023591528650824,803,2081051.0,1,2592455.0,0.8884431932242044,0.6,0,166433.0,Male,North
BRW-01309,Company_1309,Healthcare,1,90836268.0,0.4776482641807901,-0.03457992977343996,-3141111.7683213716,1311257.0,70181482.0,0.018683802962670366,678601.0,330905.0,2.0507364629230054,18425211.0,2.7133482392743713,687,1422193.0,1,6790580.0,0.9104411442812532,0.25,0,1252469.0,Female,West
BRW-01310,Company_1310,Construction,1,30387257.0,0.25200234501760466,0.3422624774037022,10400417.862322992,14015813.0,74770268.0,0.18745168617756344,2294965.0,915264.0,2.5074322737130776,260427464.0,4.682510943495856,569,4589318.0,1,55617053.0,0.8286461261408007,0.5,0,3452682.0,Female,North
BRW-01311,Company_1311,Construction,20,13193253.0,-0.05522259138682921,-0.04397549619650426,-580179.8471210185,225052.0,2192373.0,0.10265219346699057,789586.0,258188.0,3.0581705649737208,6004893.0,0.11283833571218822,514,449469.0,0,53216780.0,0.8296940038022949,0.5,0,213188.0,Male,Central
BRW-01312,Company_1312,Healthcare,19,7809621.0,0.23023434196450815,0.41767009420917467,3261845.1388079487,12598887.0,45400449.0,0.27750577362118656,1507960.0,42293957.0,0.03565426532082904,865704.0,0.059890640762556464,618,5083526.0,0,14454745.0,0.6607532517451102,0.25,0,101787.0,Female,South
BRW-01313,Company_1313,IT Services,29,7398184.0,-0.05452926718760211,0.1993051456295869,1474496.1395144798,66637009.0,4051985.0,16.44551807434675,1677060.0,1283004.0,1.3071344227029513,59489269.0,7.678046853310848,807,11525998.0,0,7747968.0,0.8710093920168149,0.2,0,2104457.0,Male,South
BRW-01314,Company_1314,Automotive,10,13410097.0,-0.3542827467782027,0.06661389208993786,893298.7544735994,9789663.0,265329594.0,0.03689623466240168,79520745.0,880153.0,90.34867193695649,615788.0,0.05113715962669976,659,8793402.0,0,12041888.0,0.919764640379108,0.45,0,23617661.0,Female,West
BRW-01315,Company_1315,Manufacturing,18,18595042.0,0.07693817851008071,0.40381437202261683,7508945.207964185,54270478.0,90463020.0,0.5999189215668577,10369267.0,1087943.0,9.531066856382314,2900524.0,0.2377702426425044,783,4863622.0,0,12198851.0,0.7387708732150546,0.4,0,3359643.0,Male,Central
BRW-01316,Company_1316,Agriculture,28,6935600.0,0.31448021893894773,0.049335591312882954,342171.927109631,1405964.0,3739145.0,0.3760120626474601,2728947.0,802087.0,3.4023037372457883,9465300.0,1.108524311047333,606,7752036.0,0,8538648.0,0.7093922551399976,0.6,0,2178075.0,Female,South
BRW-01317,Company_1317,Agriculture,35,20504427.0,0.2896171940655412,0.1527175344616144,3131385.536988157,189104833.0,19517040.0,9.689216362254914,6411586.0,1591778.0,4.027937295315493,2307961.0,0.16711567090690022,646,5888514.0,0,13810559.0,0.8468117343924911,0.6,0,1384903.0,Female,North
BRW-01318,Company_1318,Automotive,31,4680086.0,0.1365852753638982,0.4925654749175228,2305248.7832448496,46081778.0,48240219.0,0.9552563815007478,13007986.0,8728496.0,1.490289336182392,8075443.0,0.7379429928046509,658,15712748.0,0,10943179.0,0.739015059273518,0.45,1,4720820.0,Male,East
BRW-01319,Company_1319,IT Services,27,75064014.0,-0.001259411987484138,0.2274645785413091,17074404.308128927,18145784.0,6931376.0,2.617919065720996,5033641.0,2228431.0,2.258826385548224,7248469.0,1.1188182845186283,718,2282373.0,1,6478682.0,0.6783802011976745,0.2,0,6106128.0,Female,East
BRW-01320,Company_1320,Agriculture,11,100036292.0,0.15296745258689698,-0.06312177573384123,-6314468.388869056,3621534.0,2843051.0,1.2738191211416463,693264.0,375073.0,1.8483392610524856,88963061.0,33.08196503680874,591,830424.0,1,2689170.0,0.8283564713233607,0.6,0,615066.0,Non-Binary,East
BRW-01321,Company_1321,Financial Services,38,8398068.0,0.03962597445336341,0.14720493391524161,1236237.0449557053,2822735.0,16554087.0,0.17051588707272788,2661727.0,500023.0,5.323198486472649,235013.0,0.041896841420313496,636,5657634.0,2,5609324.0,0.7661261560234108,0.3,0,1006133.0,Female,East
BRW-01322,Company_1322,Manufacturing,5,7723208.0,0.002951646204603378,0.13658886449891294,1054904.2110089203,7989501.0,12100570.0,0.6602581812048374,756276.0,2444926.0,0.3093245728809081,10130195.0,0.5124829696283548,681,16613005.0,0,19766890.0,0.898678354214688,0.4,0,69764.0,Non-Binary,North
BRW-01323,Company_1323,Telecom,8,31543409.0,0.23930033034583564,0.20262202518770037,6391389.412903935,53982331.0,4890785.0,11.037557357856182,1995452.0,730078.0,2.7332001057419815,2233075.0,0.2593315880233941,592,1819628.0,2,8610886.0,0.9417236196254368,0.35,0,638114.0,Male,South
BRW-01324,Company_1324,Agriculture,34,161182712.0,0.0010946330434110502,0.17466684337664523,28153275.511926915,1235169.0,64573225.0,0.019128190993586102,2575879.0,1576973.0,1.6334314960170555,3821768.0,0.3185221541772483,559,35905063.0,2,11998436.0,0.6065212088162096,0.6,0,321645.0,Female,West
BRW-01325,Company_1325,Healthcare,12,224636814.0,0.2490854834714114,0.2455020597400312,55148800.530438274,9025963.0,3119722.0,2.893193722647812,15853002.0,47433624.0,0.3342144312183604,24646342.0,3.6808895543849633,702,5794351.0,0,6695756.0,0.8450942023122705,0.25,0,7133851.0,Male,North
BRW-01326,Company_1326,Financial Services,38,2945785.0,-0.008827894294571925,-0.0033665100950321103,-9917.014940294164,26730891.0,12871962.0,2.076675562227766,993332.0,593121.0,1.6747515688172079,19327295.0,6.275330085376565,593,13157775.0,1,3079884.0,0.8523842822473624,0.3,1,1397411.0,Non-Binary,South
BRW-01327,Company_1327,Agriculture,1,109283638.0,0.3887737932234334,0.1142516351777396,12485834.339672161,35820225.0,18222935.0,1.9656670582610838,880858.0,349606.0,2.519566255824397,14860591.0,2.12304833043033,797,572319.0,1,6999647.0,0.6093642033894193,0.6,0,1065302.0,Male,Central
BRW-01328,Company_1328,Pharmaceuticals,31,22024587.0,-0.16609516604276786,0.21742123584382808,4788612.92448991,26611520.0,21226626.0,1.2536857598713163,1115261.0,815601.0,1.3674083682972822,1346896.0,0.42137536024587446,799,10706384.0,0,3196427.0,0.6951182666829092,0.2,0,308450.0,Male,South
BRW-01329,Company_1329,Financial Services,4,22673683.0,-0.06351539975568517,0.08854298310761081,2007595.5308563225,1059820.0,56900111.0,0.018625973882090075,1311249.0,228889.0,5.728729957621565,52655093.0,17.558926091240895,653,6595794.0,0,2998764.0,0.7451457392208308,0.3,0,3304347.0,Male,South
BRW-01330,Company_1330,Energy,5,51498773.0,0.05669483987145159,0.31151323001495357,16042549.119036881,48528743.0,10984068.0,4.418102526486314,2028378.0,9279561.0,0.21858553237749798,2388972.0,0.080518932231621,748,77665793.0,2,29669692.0,0.7052368117173251,0.45,0,100405.0,Male,South
BRW-01331,Company_1331,Telecom,30,11740604.0,-0.21760658547820944,0.09094357889582862,1067732.546158681,9828437.0,644282.0,15.25484453260446,5357377.0,493285.0,10.860590002554298,71099096.0,12.178485771887724,705,7088308.0,0,5838089.0,0.701525701656609,0.35,0,12536262.0,Non-Binary,North
BRW-01332,Company_1332,Retail,24,125153426.0,-0.30564792141327485,0.19719949072039905,24680191.86911315,1743852.0,9210616.0,0.1893306387617681,1006851.0,616148.0,1.6341031146686922,3354735.0,0.7924449815491007,785,8716843.0,0,4233397.0,0.6828324418974561,0.5,0,391143.0,Male,South
BRW-01333,Company_1333,Healthcare,3,204472369.0,-0.21631114253659123,0.1674051641868932,34229730.50412801,8569738.0,34997806.0,0.24486499968412306,3883853.0,400266.0,9.703155643607891,41709845.0,0.9307989576351897,663,955403.0,1,44810798.0,0.926483769003028,0.25,0,4880367.0,Non-Binary,South
BRW-01334,Company_1334,Healthcare,11,216245829.0,0.036186618453348786,0.05823829517192122,12593788.418998802,470712.0,12323509.0,0.03819626064327452,3956529.0,260410.0,15.193401968426834,10351066.0,0.515620111297717,740,5262195.0,2,20074984.0,0.8055090030759893,0.25,0,2754089.0,Male,Central
BRW-01335,Company_1335,Manufacturing,4,1519859.0,0.03999349851738305,0.18725891942538905,284607.1540189524,21156273.0,12433452.0,1.7015605399401115,7500751.0,1856454.0,4.040362411154593,721399.0,0.11770859202119345,724,18231581.0,0,6128685.0,0.8467043887584442,0.4,0,2430243.0,Female,Central
BRW-01336,Company_1336,Automotive,26,17115826.0,0.12994992218492984,0.02256814141391053,386272.3815838866,7336965.0,27548427.0,0.2663297158008435,2382922.0,805001.0,2.960144198399507,5213456.0,0.38255499288192957,720,1943583.0,0,13627990.0,0.9253006265190481,0.45,0,890493.0,Female,East
BRW-01337,Company_1337,Financial Services,27,1325306.0,0.05044977773354865,0.12676665278704777,168004.60553859113,1322225.0,32270112.0,0.040973671210881725,11388640.0,227378.0,50.08659550794049,114206052.0,16.269676539785586,650,1123762.0,0,7019564.0,0.8055903511037499,0.3,0,28699373.0,Male,North
BRW-01338,Company_1338,IT Services,27,7664271.0,0.12492746967662738,0.18363289853943662,1407412.2989217464,5751004.0,1717424.0,3.3486201726421823,5686166.0,1268494.0,4.482608130106938,30559294.0,6.874774528731868,794,66531567.0,0,4445133.0,0.7343392801053986,0.2,0,16376158.0,Male,South
BRW-01339,Company_1339,Healthcare,6,662484.0,0.012467537834239664,0.00871941731119713,5776.47445799112,3074959.0,14325891.0,0.21464345815255342,5316203.0,3074931.0,1.728884736312868,4626720.0,0.3238960946771907,667,2155540.0,1,14284580.0,0.8875258120089534,0.25,0,1339633.0,Male,East
BRW-01340,Company_1340,Financial Services,15,47460102.0,0.18722236362075217,0.25482019691046265,12093792.537030643,3384187.0,11591040.0,0.2919657518250518,1431120.0,1166615.0,1.2267275607397807,62801263.0,9.774602358339989,666,12705397.0,1,6424942.0,0.8432406396392511,0.3,0,1474699.0,Male,East
BRW-01341,Company_1341,Financial Services,30,33563994.0,0.1691465004760283,0.21124496022113534,7090224.577392425,299075.0,16032737.0,0.018654019045280974,4934911.0,4069936.0,1.2125276140638048,13562512.0,1.415272300758533,642,1596339.0,2,9582969.0,0.726290212328996,0.3,0,3556807.0,Male,North
BRW-01342,Company_1342,Pharmaceuticals,37,12623849.0,0.030996107021372135,0.24384009315464697,3078200.516130197,723427.0,1378205.0,0.5249048400601942,5545137.0,15221863.0,0.3642876457180277,104450486.0,4.232786104920006,647,1694908.0,1,24676532.0,0.7472363698549753,0.2,0,2661666.0,Male,East
BRW-01343,Company_1343,Real Estate,37,7372577.0,0.15995171520085855,0.1802962891368064,1329248.2744753687,6296166.0,71678565.0,0.08783889454484901,1333898.0,5269224.0,0.2531488027176672,7890505.0,0.3569918094399243,680,2719029.0,1,22102761.0,0.6459250878893716,0.55,0,64286.0,Male,East
BRW-01344,Company_1344,Real Estate,37,38688286.0,0.05140310960769959,0.04191797024498689,1621734.421377543,4864012.0,14769408.0,0.3293301715728774,19607519.0,2568987.0,7.632390264181849,5735732.0,1.1188696547630357,735,7721863.0,0,5126362.0,0.6730691606223658,0.55,0,17769989.0,Female,North
BRW-01345,Company_1345,Retail,35,5298143.0,-0.14834888730896578,0.17999125777050284,953619.4224179853,38300260.0,24397490.0,1.5698442106198542,167293255.0,5254697.0,31.83689243416082,39124262.0,2.7080306511245964,762,18853304.0,1,14447495.0,0.6120361316998897,0.5,0,301127859.0,Male,West
BRW-01346,Company_1346,Energy,23,4784092.0,0.2156744962073932,0.2547716500379309,1218851.012773265,3444625.0,121957241.0,0.028244530160824725,1219930.0,28703668.0,0.04250083848165891,12968051.0,4.508007870211043,710,1409567.0,0,2876669.0,0.7409823414603179,0.45,0,402577.0,Female,East
BRW-01347,Company_1347,Retail,6,3978342.0,-0.05602240698976439,0.0371629452640482,147846.90598766407,4031012.0,24681965.0,0.1633181084521387,1614800.0,351689.0,4.591543689044329,20507036.0,1.4708852099728524,813,17556686.0,0,13941968.0,0.7055364217559308,0.5,0,2137667.0,Non-Binary,Central
BRW-01348,Company_1348,Agriculture,4,17791629.0,0.21407359327126507,0.046700878009446584,830884.6955183321,4323778.0,2308507.0,1.872975099068316,1676908.0,4236562.0,0.3958180251302766,2436598.0,0.23636406848025424,709,4022903.0,2,10308664.0,0.648822809414959,0.6,0,60369.0,Male,East
BRW-01349,Company_1349,IT Services,18,10084787.0,0.1286040158175535,0.15046987368586684,1517456.626038872,6612388.0,13207133.0,0.5006678966079999,458473.0,599384.0,0.7649056950040458,51485275.0,3.966273413098516,556,2510536.0,0,12980767.0,0.6560026443111562,0.2,0,336661.0,Male,North
BRW-01350,Company_1350,Agriculture,9,13573677.0,0.06732165364743159,0.1354404557961208,1838424.9997093214,10192840.0,32929047.0,0.30953946801012894,878143.0,2649973.0,0.3313779682366695,38780621.0,5.875997676305896,607,7566304.0,0,6599835.0,0.6984474252908179,0.6,0,210754.0,Male,North
BRW-01351,Company_1351,Construction,29,52836517.0,-0.2015490093176629,0.17806033984574807,9408088.173285645,4830732.0,15680908.0,0.3080645388605979,11826366.0,405752.0,29.14671240878071,67479073.0,0.9448366592586702,756,27887150.0,0,71418770.0,0.7749103267191086,0.5,0,10056586.0,Male,West
BRW-01352,Company_1352,Agriculture,13,102456093.0,0.31096183361216656,0.14499624651552634,14855748.917645693,20932891.0,113599057.0,0.18426993470315572,2890615.0,4911438.0,0.5885474705071161,1155847.0,0.3203450761627003,673,7083807.0,0,3608130.0,0.8543775891192449,0.6,0,130798.0,Female,West
BRW-01353,Company_1353,Manufacturing,17,212769755.0,0.025532920796886745,0.1991999454956625,42383723.59912547,280008764.0,5245313.0,53.38265049528017,58149306.0,2774302.0,20.959969404928014,1553339.0,0.06616296671502367,668,1099286.0,2,23477468.0,0.6429744861226079,0.4,0,18840375.0,Male,Central
BRW-01354,Company_1354,Agriculture,32,26435159.0,0.17518453807333745,0.32661816233392293,8634203.053585064,2576221.0,65276786.0,0.03946611220310215,2120673.0,11987834.0,0.17690208448814987,2898476.0,0.9152058038137417,622,4070519.0,3,3167020.0,0.6781705952169432,0.6,0,232902.0,Male,Central
BRW-01355,Company_1355,Retail,22,40685554.0,0.06290388149438284,0.24460660663168288,9951955.302870091,15994333.0,40099763.0,0.39886351949602494,6104436.0,1431842.0,4.263341721124453,6205737.0,0.42174285996999966,667,7597017.0,0,14714503.0,0.6567325668145323,0.5,0,2317052.0,Male,East
BRW-01356,Company_1356,Healthcare,4,32064804.0,0.039284699665641805,0.18673819852037007,5987723.7348687565,9288516.0,16297463.0,0.5699362796567613,842020.0,1378194.0,0.6109585363464531,1203298.0,0.07613757785164113,669,1342552.0,1,15804258.0,0.9007237386484785,0.25,0,69449.0,Female,West
BRW-01357,Company_1357,Healthcare,5,1960522.0,0.1089211757595484,0.04719461436650732,92526.07974705366,42735982.0,21803806.0,1.9600238618879722,2771026.0,1394818.0,1.9866563331873168,23113384.0,2.4619320770264213,739,4982106.0,0,9388310.0,0.8398154926337539,0.25,0,4954569.0,Female,Central
BRW-01358,Company_1358,Real Estate,37,13872991.0,0.08398584251627704,0.09336160946693525,1295204.7678803075,12049092.0,4532453.0,2.658403593285227,3729302.0,38010630.0,0.09811207817097274,4604644.0,0.850356364721573,680,1112937.0,3,5414957.0,0.801290236735122,0.55,0,428117.0,Non-Binary,East
BRW-01359,Company_1359,Automotive,13,13969021.0,0.039951081473631835,0.2810081014856214,3925408.0708227763,2988623.0,10132840.0,0.29494423133650277,139229.0,4240518.0,0.032833009355694436,58466009.0,5.713438921738818,802,8463899.0,0,10233067.0,0.6565768096948037,0.45,0,45946.0,Non-Binary,South
BRW-01360,Company_1360,IT Services,34,11226423.0,0.07170281620817712,0.12378175273700193,1389626.3159069915,1547915.0,29283682.0,0.05285930051899551,948423.0,9955242.0,0.09526869409415722,207029783.0,17.838566533580234,647,29410036.0,3,11605740.0,0.6374896645498705,0.2,0,455243.0,Male,East
BRW-01361,Company_1361,IT Services,22,22716248.0,0.1440596984407565,0.06386974458075448,1450880.9575930748,22202921.0,12250281.0,1.8124416237928238,8485723.0,4729018.0,1.7943939324413796,3645203.0,0.06849367423332742,716,2895334.0,0,53219556.0,0.8502875500106498,0.2,0,2192649.0,Male,Central
BRW-01362,Company_1362,Manufacturing,23,17379105.0,0.15467287651374417,0.43176397425345525,7503671.443768095,1748549.0,15748985.0,0.11102613209510759,7834136.0,5713507.0,1.3711604149324723,2811020.0,0.7568411382637418,567,10000078.0,0,3714147.0,0.7097497914569824,0.4,0,2926757.0,Male,East
BRW-01363,Company_1363,Retail,3,5501382.0,0.08650358191158943,0.36293512487120116,1996644.7631341785,52462581.0,48203007.0,1.0883673691069238,502543.0,337682.0,1.4882093561120933,27259723.0,5.348595822362812,752,15210185.0,0,5096612.0,0.9227650278466029,0.5,0,448734.0,Female,South
BRW-01364,Company_1364,Real Estate,34,19258461.0,0.17314054847216587,0.16506558970405738,3178909.221757591,20374385.0,1485568.0,13.714869521375311,1902268.0,1012761.0,1.8782971714973509,10277450.0,0.8699905674025243,586,1717670.0,0,11813288.0,0.8066493548109336,0.55,0,839294.0,Female,Central
BRW-01365,Company_1365,Pharmaceuticals,32,9261943.0,0.01638952933353703,0.05008025981175132,463840.5118016315,10120400.0,22822598.0,0.4434376645709807,93487.0,940734.0,0.09937655131360054,15471491.0,2.2491744856835743,745,6168558.0,0,6878741.0,0.7796658122868402,0.2,0,44874.0,Male,East
BRW-01366,Company_1366,Construction,21,475031.0,0.41373295714946834,0.26680306167275364,126739.72518946983,1241235.0,123511672.0,0.010049535965722042,3252207.0,2128440.0,1.5279761102140017,65273186.0,8.118397951482534,552,18033275.0,1,8040155.0,0.6820285147853095,0.5,0,2981577.0,Male,Central
BRW-01367,Company_1367,IT Services,21,2970963.0,0.3028382912011671,0.12119184020050511,360056.47313761327,24470643.0,9320809.0,2.6253773008998147,21648567.0,1751178.0,12.362281068925563,5911910.0,0.22812253453550696,617,38081700.0,2,25915501.0,0.6378097171070078,0.2,0,9352181.0,Male,East
BRW-01368,Company_1368,Healthcare,11,27601246.0,0.19436644922474167,0.28662393153744575,7911177.6438521985,100447837.0,3291537.0,30.516991448982207,23102073.0,288021.0,80.2094041427391,1796560.0,3.39277654501676,767,2153406.0,0,529524.0,0.8319508674614403,0.25,0,62375597.0,Female,North
BRW-01369,Company_1369,Agriculture,39,124253821.0,-0.21123707407555753,0.12131359070848474,15073677.184759326,4696639.0,9185052.0,0.5113349917523612,21902321.0,2087606.0,10.491592047736955,1403236.0,0.28714747218688336,825,602826.0,0,4886812.0,0.7652913885203345,0.6,0,4730901.0,Non-Binary,Central
BRW-01370,Company_1370,Agriculture,4,633614.0,0.1709028708282473,0.3774474681474307,239156.00008276614,2920131.0,2372609.0,1.2307673827556995,7206198.0,177195.0,40.66794961511547,6810748.0,4.377076151475189,482,7845504.0,0,1556003.0,0.7233931221713665,0.6,0,10376925.0,Male,Central
BRW-01371,Company_1371,Automotive,1,6546313.0,0.029504437570691835,0.11775100423249829,770834.9297702586,7740380.0,19207706.0,0.40298303175907463,18574623.0,5034200.0,3.689686407038575,5241958.0,1.9503748046167921,612,4607692.0,0,2687666.0,0.8349594698686149,0.45,0,35865202.0,Male,Central
BRW-01372,Company_1372,Real Estate,28,46139536.0,-0.06680210971140292,0.4637680181524319,21398041.169192784,17901828.0,13410750.0,1.3348863162100317,2461068.0,2246186.0,1.0956647865916773,32518661.0,0.33045002795882905,846,3421266.0,2,98407196.0,0.6050616253890844,0.55,0,240586.0,Male,Central
BRW-01373,Company_1373,Retail,24,90177742.0,0.025685592454277047,0.20340693418556177,18342778.03199657,4005469.0,21476679.0,0.18650317460613092,1494338.0,8836749.0,0.1691049311115512,71751707.0,4.439554505790031,711,1500014.0,0,16161915.0,0.6434789671504914,0.5,0,448301.0,Female,East
BRW-01374,Company_1374,Retail,35,12862539.0,-0.05017521008941299,0.34611667608653274,4451939.244713395,34236306.0,12515986.0,2.7354060051356717,18090958.0,2559744.0,7.06748445645953,71329480.0,3.0995449158749655,617,12313733.0,3,23012887.0,0.8462590098966842,0.5,0,32563724.0,Non-Binary,West
BRW-01375,Company_1375,Energy,13,8673877.0,0.1560204640639259,0.1151879569188159,999126.1701951082,156110861.0,18533198.0,8.4233089495235,5038855.0,1138393.0,4.426283870083644,3104545.0,0.3786690387873692,818,1351921.0,1,8198570.0,0.7722188191503331,0.45,0,1888978.0,Male,East
BRW-01376,Company_1376,Telecom,34,150513919.0,0.32239910938448413,0.022637969759018273,3407329.546633326,14583026.0,25155339.0,0.5797188986513401,221271.0,299096.0,0.739796788332882,2663460.0,0.14035542944426582,746,1187122.0,1,18976536.0,0.8692057853634645,0.35,0,19152.0,Male,South
BRW-01377,Company_1377,IT Services,11,79728611.0,0.20390431875601728,-0.09674673652282739,-7713482.921747997,5457606.0,3480975.0,1.5678378707580862,20274345.0,1234991.0,16.416580026429322,585284.0,0.3853574645379798,708,2680632.0,0,1518807.0,0.7699236283838329,0.2,0,11250533.0,Male,North
BRW-01378,Company_1378,Retail,36,87568123.0,0.4943787861184379,0.3331924605696038,29177038.369831715,17192876.0,22193323.0,0.7746868382582077,2350702.0,770463.0,3.0510212028076586,8926547.0,0.3556677619600898,546,13168304.0,0,25097992.0,0.7108336793118503,0.5,0,752462.0,Female,East
BRW-01379,Company_1379,Automotive,17,11969879.0,-0.15304186443631068,0.18816166919712493,2252272.4127276125,51958160.0,83290786.0,0.6238164132126642,1201777.0,3096741.0,0.3880778573093916,33500950.0,8.558529098812443,867,427368.0,1,3914334.0,0.9200676175224543,0.45,0,396586.0,Female,East
BRW-01380,Company_1380,Healthcare,35,128384645.0,0.0040947943296339995,0.030290945937395036,3888892.340886654,11290305.0,4620129.0,2.4437201983493972,14194382.0,1196220.0,11.866019740499457,3078605.0,0.5893722867975155,720,713361.0,2,5223531.0,0.6454589783174549,0.25,0,11293797.0,Female,Central
BRW-01381,Company_1381,Real Estate,18,1305892.0,-0.06145377885134655,0.33818436613030267,441632.2582546332,18395977.0,21210179.0,0.8673182877278741,11595154.0,4097542.0,2.829782140175222,964897.0,0.06552166037795298,675,956111.0,1,14726381.0,0.7421889460436957,0.55,0,2657753.0,Non-Binary,South
BRW-01382,Company_1382,Construction,22,131806453.0,0.26440524715397873,0.3187192820112992,42009258.06461605,25575599.0,69278046.0,0.36917321009352355,778154.0,10065288.0,0.077310646519936,150390100.0,12.333217920492416,816,64030028.0,0,12193905.0,0.6036389854980494,0.5,0,233446.0,Male,Central
BRW-01383,Company_1383,Energy,24,21860715.0,0.0469174464532193,0.3458863008444642,7561321.845165092,2390065.0,3663559.0,0.6523886602102873,2582758.0,363342.0,7.108319136463342,3085625.0,0.31906661981766526,626,4994246.0,0,9670785.0,0.9410429724626739,0.45,0,815831.0,Female,Central
BRW-01384,Company_1384,Automotive,19,29308885.0,0.1084274294715881,0.019225676586856894,563483.1441313812,17693042.0,38164853.0,0.46359517057238053,836813.0,1976565.0,0.42336709221953633,7507861.0,3.302093490383596,612,684068.0,1,2273666.0,0.6589755771156187,0.45,0,276148.0,Male,West
BRW-01385,Company_1385,Financial Services,37,5850988.0,0.1750528297959589,0.32956935612549043,1928306.347857971,1187163.0,11224069.0,0.1057693866841529,870726.0,1872355.0,0.4650429725970916,4414282.0,0.4495725667038944,622,2686028.0,0,9818841.0,0.6728129331109083,0.3,0,82205.0,Male,North
BRW-01386,Company_1386,Manufacturing,39,1589548.0,-0.13821832758051128,0.22608503708106512,359373.0185221329,3309651.0,49308426.0,0.06712140705685055,36712.0,2890876.0,0.012699260466633482,1202465.0,0.05178383604807678,669,10425419.0,3,23220855.0,0.9035016207859887,0.4,0,1982.0,Female,West
BRW-01387,Company_1387,Construction,21,28390247.0,-0.013202344480749514,0.3513147644769092,9973912.938246278,49550039.0,5447413.0,9.096066316971687,714267.0,4519822.0,0.15802986090384513,34374360.0,6.588386552196231,702,65655125.0,1,5217416.0,0.8326430277208077,0.5,0,214280.0,Non-Binary,Central
BRW-01388,Company_1388,Financial Services,8,55234141.0,0.22958989305468713,0.24512773974532587,13539420.140104633,32820138.0,14492383.0,2.264647279564218,2528860.0,13327051.0,0.1897538930590201,644712.0,0.01947978373280096,751,325282.0,0,33096465.0,0.6403213289345395,0.3,0,159318.0,Female,North
BRW-01389,Company_1389,Pharmaceuticals,28,69305760.0,-0.0022131850761879235,0.20076186754171654,13913953.808997996,5925230.0,2368608.0,2.501565264676441,46633.0,523677.0,0.0890489957569346,47991300.0,12.92575527702087,599,652136.0,0,3712842.0,0.768540996724711,0.2,0,22384.0,Female,East
BRW-01390,Company_1390,Agriculture,5,58948096.0,-0.17704644536030378,0.33119822813546623,19523504.947159365,114798635.0,24760166.0,4.636424100047467,417576.0,300587.0,1.3891971735398618,13284044.0,1.485165389008292,724,1967973.0,2,8944487.0,0.8095514793864663,0.6,0,206769.0,Female,South
BRW-01391,Company_1391,Manufacturing,17,41960638.0,-0.055339433152637243,0.282227932582118,11842464.112566657,1245086.0,25102652.0,0.04959977736217761,8125986.0,2486070.0,3.2686057638740005,5938516.0,0.14394011448086247,651,2074834.0,0,41256851.0,0.6330762487122054,0.4,0,2632819.0,Male,West
BRW-01392,Company_1392,IT Services,37,6042451.0,0.03705979195921017,0.30981187185276393,1872023.0548886054,6532945.0,28034961.0,0.23302849492002164,392992.0,3400431.0,0.11557119801248783,6089311.0,1.3545172812807664,691,2025475.0,0,4495557.0,0.9173294164330285,0.2,0,127755.0,Female,South
BRW-01393,Company_1393,Healthcare,36,76378676.0,0.10501407798341422,0.12143431192190547,9274991.965566155,13425366.0,26427603.0,0.5080054173658725,2582196.0,4706187.0,0.5486810131681947,17564849.0,0.6889577769783123,796,2762442.0,0,25494811.0,0.7844070259842102,0.25,0,439253.0,Female,Central
BRW-01394,Company_1394,Manufacturing,19,5109267.0,0.06937800350742208,0.15931087512066258,813961.7969951223,131614.0,13133931.0,0.010020913767484102,273745.0,795464.0,0.34413204855021906,3388059.0,0.05292472677499811,739,68549780.0,3,64016560.0,0.7216690657086267,0.4,0,14782.0,Female,North
BRW-01395,Company_1395,Telecom,27,127114187.0,-0.012132676291446126,-0.028057631069599714,-3566522.962558108,7014613.0,2487638.0,2.8197873566060028,6041460.0,298517.0,20.23817659236629,11583938.0,1.0986540467465382,746,489632.0,1,10543753.0,0.7370104963447456,0.35,0,7765845.0,Female,East
BRW-01396,Company_1396,Financial Services,34,21295944.0,0.2208970158272704,0.1127851117120086,2401865.4230526793,1645003.0,48181869.0,0.034141534979858605,2005430.0,8561296.0,0.23424371330652352,2344906.0,0.44698634301906104,650,4154632.0,0,5246034.0,0.8575032409568879,0.3,0,188244.0,Female,North
BRW-01397,Company_1397,IT Services,11,22385773.0,0.0606408595157137,0.2748472246366763,6152667.580396644,1702136.0,13990357.0,0.12166493523611047,825289.0,3667309.0,0.22503933400776047,352734.0,0.08596699156473846,854,7583332.0,1,4103132.0,0.7528404834129823,0.2,0,59421.0,Female,South
BRW-01398,Company_1398,Telecom,12,88533355.0,0.11141020429968854,0.24770253811180654,21929936.741053596,5907039.0,23492242.0,0.25144636040075014,61898.0,1258666.0,0.049177423416995915,22420472.0,0.6844650494683494,753,370469.0,0,32756196.0,0.7020033824999063,0.35,0,8262.0,Male,South
BRW-01399,Company_1399,Agriculture,21,108493730.0,-0.004143396608264793,0.06245614680836324,6776100.328666924,574648.0,11730949.0,0.04898563202468683,855295.0,150939.0,5.666456870279581,343861466.0,10.794698985956842,666,28100798.0,0,31854659.0,0.7452901074356555,0.6,0,1231625.0,Female,East
BRW-01400,Company_1400,Telecom,11,76741871.0,0.3063410396360318,0.33388145042821116,25622687.198054675,2644679.0,153699883.0,0.017206772908169535,8860489.0,888324.0,9.974377620803198,20771326.0,0.5486880997095731,791,2583792.0,1,37856344.0,0.7104382209079372,0.35,0,5688125.0,Female,East
BRW-01401,Company_1401,Energy,39,7055466.0,0.021255334218970884,0.5367690342444342,3787155.6709644413,595155.0,7413562.0,0.08027921257295581,33434156.0,4567455.0,7.320082776933155,8275970.0,0.9624289674027755,745,643356.0,1,8599044.0,0.8603724412139233,0.45,0,31856220.0,Male,North
BRW-01402,Company_1402,Energy,28,75829983.0,0.09120392998898909,0.07167306545056272,5434967.3346740585,10699211.0,7079170.0,1.5113649606712425,2352793.0,3340920.0,0.704234850210466,4901697.0,0.1953983592459453,598,33269508.0,1,25085660.0,0.6585028674048761,0.45,0,164035.0,Female,West
BRW-01403,Company_1403,Pharmaceuticals,5,7115710.0,0.23524991631903203,0.1552941837547355,1105028.3762854089,10391730.0,2249070.0,4.620454400950437,2813324.0,379281.0,7.417499380408245,5137655.0,0.6071050476883615,716,9083030.0,0,8462546.0,0.7926086620552606,0.2,0,2459496.0,Male,North
BRW-01404,Company_1404,Real Estate,17,78754982.0,0.12200633915899389,0.10540854893382891,8301448.373929814,5268088.0,16776612.0,0.3140138000441448,1183285.0,4167981.0,0.28389877883349784,4901105.0,1.3337922539925826,622,1448465.0,0,3674563.0,0.6044716545634009,0.55,0,213065.0,Male,South
BRW-01405,Company_1405,Construction,20,2848364.0,0.1182634544656222,0.168613709256831,480273.21935362415,39612994.0,136261784.0,0.2907124253509522,20664443.0,1783648.0,11.58548739129728,11976852.0,0.43793251031816044,536,9698736.0,0,27348624.0,0.9418501377665719,0.5,0,8144668.0,Female,North
BRW-01406,Company_1406,Construction,12,20988388.0,-0.216048326409492,0.21286872005781876,4467771.289636883,5698743.0,17022477.0,0.33477752181556647,2278463.0,9070040.0,0.2512075744751319,247813.0,0.005442914585404657,665,5847728.0,0,45529466.0,0.8168896200633249,0.5,0,102531.0,Non-Binary,Central
BRW-01407,Company_1407,IT Services,6,7050882.0,0.18209525025408269,0.09632004736949686,679141.2882367327,8583731.0,19240701.0,0.44612358738262253,12491926.0,858103.0,14.55758975602025,190932.0,0.05962229718779188,790,326209.0,1,3202358.0,0.8868337316932112,0.2,0,5396512.0,Male,North
BRW-01408,Company_1408,Agriculture,17,89067359.0,0.08833804103202353,0.14676962471137997,13072382.85446375,2282995.0,47103456.0,0.048467674039296096,4743631.0,945647.0,5.016275612067069,17483928.0,5.563477168457207,817,377707.0,0,3142625.0,0.7555366655520812,0.6,0,6830829.0,Female,North
BRW-01409,Company_1409,Retail,19,128668535.0,0.16123476547588253,0.19046918383113315,24507390.84619759,280713.0,17796562.0,0.01577343894998152,3930817.0,2276421.0,1.7267523332668548,6591557.0,0.7127091655995674,659,5417341.0,0,9248592.0,0.8648782169692355,0.5,0,1451264.0,Female,Central
BRW-01410,Company_1410,Pharmaceuticals,26,32556733.0,0.10748195725532546,0.23659223592090628,7702670.254749955,7145479.0,61783539.0,0.11565344102976294,707587.0,1201176.0,0.5890780459499307,2025568.0,0.08761807604690894,677,229306.0,0,23118151.0,0.6918827187013814,0.2,0,60023.0,Female,South
BRW-01411,Company_1411,Energy,32,30989646.0,-0.0038736335684308176,0.35597914859824076,11031667.798440877,5874183.0,73831124.0,0.07956242032069807,47388586.0,695113.0,68.17383335683068,1943759.0,0.6797386878017938,811,14770674.0,0,2859567.0,0.6413469481818684,0.45,0,31889737.0,Female,East
BRW-01412,Company_1412,IT Services,6,69460283.0,0.2141460749824392,0.17826253696023,12382166.265555536,115509464.0,7191495.0,16.061952061156678,29470506.0,18069329.0,1.6309683867636486,3849431.0,0.34521775384631664,753,411967.0,3,11150732.0,0.8761904762462611,0.2,0,7964665.0,Female,North
BRW-01413,Company_1413,Retail,36,129821673.0,0.10971899169198737,0.11257972377724097,14615288.086639302,24183207.0,2632603.0,9.186040513499181,99065664.0,10909604.0,9.080591277136065,4744421.0,0.9635862130035225,739,13006778.0,0,4923711.0,0.8937628335943706,0.5,0,85912477.0,Female,West
BRW-01414,Company_1414,Construction,38,25545373.0,-0.11340797365643647,0.26356069772386526,6732756.331496389,4781756.0,33515133.0,0.14267453025847965,628389.0,626626.0,1.002811880113688,75151573.0,4.196238060584592,711,27654452.0,2,17909272.0,0.6436249849950325,0.5,0,378094.0,Female,East
BRW-01415,Company_1415,Real Estate,11,11415550.0,0.27627757345192433,0.22802074547673706,2602982.221026966,10989980.0,21577414.0,0.5093279245915231,4857555.0,2582806.0,1.880727053937828,1784981.0,0.4461076257974415,757,6813985.0,1,4001233.0,0.8235548297190229,0.55,0,1100391.0,Male,West
BRW-01416,Company_1416,Telecom,33,63776876.0,-0.13457193465812078,0.15686068850103246,10004084.679804973,34640253.0,4176432.0,8.294219732484635,994533.0,315416.0,3.1530735502525227,27949919.0,1.4537142037443314,697,12929.0,0,19226556.0,0.7978957277643395,0.35,0,1691547.0,Male,North
BRW-01417,Company_1417,Energy,24,1486461.0,0.21513938513758135,0.2382020069792192,354077.99349633715,19290678.0,6493774.0,2.970641575970834,6359704.0,15271180.0,0.4164513536968752,21539476.0,2.8394562190415615,822,17548598.0,1,7585774.0,0.8726606741447624,0.45,0,2098702.0,Male,West
BRW-01418,Company_1418,IT Services,23,94534680.0,0.30303976578953107,0.1340221705528987,12669743.006123701,108619201.0,6469621.0,16.789110863045785,5067382.0,4936514.0,1.0265099974374634,6490522.0,1.8645015674629564,690,1698352.0,0,3481102.0,0.8011397961820985,0.2,0,4655334.0,Female,East
BRW-01419,Company_1419,Manufacturing,15,8324550.0,-0.08594431539448942,0.11635391771346806,968594.0057016505,2719355.0,17486679.0,0.1555100796720704,1756828.0,6611952.0,0.26570485301392793,27993351.0,2.955853764102111,689,2998472.0,0,9470478.0,0.8690449744227011,0.4,0,632458.0,Male,West
BRW-01420,Company_1420,Retail,27,16846580.0,0.06158573198931677,-0.04791805857517906,-807255.40723144,38360978.0,48489705.0,0.79111591231343,2319983.0,1466147.0,1.5823661731284973,17235935.0,13.470194074373945,535,1072023.0,0,1279560.0,0.7169253957780366,0.5,0,2202638.0,Male,West
BRW-01421,Company_1421,Telecom,11,95446552.0,0.047607763079873494,0.14064922711253064,13424483.769355966,4712323.0,51859452.0,0.09086719445343938,75236891.0,8118342.0,9.267518137629809,1350162.0,0.2657576352849151,784,40758629.0,1,5080425.0,0.7753932556319695,0.35,0,26408149.0,Female,East
BRW-01422,Company_1422,Energy,17,12951676.0,0.05435432672286671,-0.03150275770206476,-408013.5108636473,11880688.0,37844179.0,0.3139369911040482,2668512.0,8144239.0,0.3276563559030677,3649140.0,0.29305380707985695,622,4265762.0,0,12452115.0,0.6741788439129819,0.45,0,132091.0,Female,East
BRW-01423,Company_1423,Construction,14,63790403.0,0.3545357532849595,0.10327153813968362,6587733.036360289,3849618.0,10318976.0,0.3730619808533346,120107.0,1627282.0,0.07380830500902424,15897288.0,10.521420700290216,510,1777681.0,1,1510944.0,0.8405451593764469,0.5,0,36032.0,Female,East
BRW-01424,Company_1424,Automotive,27,133333375.0,-0.08420783093756783,0.24953768839167864,33271702.182960834,7181277.0,210318789.0,0.03414472382614982,1462669.0,499416.0,2.928752925911613,3623713.0,5.334229802217473,685,24376683.0,1,679331.0,0.7730417445893367,0.45,0,2827305.0,Male,East
BRW-01425,Company_1425,Agriculture,18,28489599.0,0.03401494326815027,-0.0006203608602720068,-17673.832144444503,12204839.0,15246561.0,0.800497777794102,632286.0,3342568.0,0.18916168970633068,22211491.0,25.932219992271058,672,12228444.0,0,856520.0,0.859166836958003,0.6,0,151749.0,Male,Central
BRW-01426,Company_1426,Retail,28,38538652.0,0.30549837482326264,0.1572186067000361,6058993.1715375595,21636242.0,9188183.0,2.354789803948201,822702.0,1703456.0,0.48296023909027347,50819386.0,1.5168864755848173,735,598013.0,0,33502431.0,0.622934124413679,0.5,0,187192.0,Male,North
BRW-01427,Company_1427,Construction,4,20192992.0,0.03155767574912777,0.1878568401320759,3793391.6699322877,9742767.0,2843995.0,3.4257316114368654,9473618.0,18311876.0,0.5173482762034717,8531606.0,1.0367045853330392,751,5395295.0,3,8229543.0,0.7673225162731139,0.5,0,1524316.0,Male,East
BRW-01428,Company_1428,Energy,7,28728407.0,-0.060366957379974426,0.15136869548025195,4348581.490815738,213368.0,9654670.0,0.022099976270553393,12439272.0,2106964.0,5.903881649671447,3581139.0,0.686366597534351,633,4549126.0,3,5217530.0,0.8892881262887199,0.45,0,8452522.0,Male,South
BRW-01429,Company_1429,Retail,35,4526198.0,0.11945220226546222,0.12223982073114076,553281.6321136479,7917427.0,24804313.0,0.31919556412646605,923041.0,2252937.0,0.40970546015913445,3019392.0,0.13204813835203888,900,359288.0,1,22865842.0,0.8545320192764898,0.5,0,41537.0,Male,West
BRW-01430,Company_1430,Pharmaceuticals,9,15547227.0,0.2008460812560523,0.21904665762631662,3405568.1097076256,80647724.0,2183660.0,36.9323461837712,1431127.0,5221921.0,0.27406135135683757,5144884.0,0.867589091773097,683,11303809.0,0,5930092.0,0.920984312556579,0.2,0,297991.0,Male,East
BRW-01431,Company_1431,Telecom,8,3497964.0,0.021073854477755415,0.23569190406799237,824441.7955212909,7823889.0,4662519.0,1.6780387001020907,1147116.0,1990568.0,0.5762754267749574,4632754.0,0.39859879877125587,564,3129680.0,0,11622598.0,0.9402644015407933,0.35,0,102763.0,Female,East
BRW-01432,Company_1432,Energy,17,6273526.0,0.16315525862113173,0.1801831354247555,1130383.5848487248,84117296.0,8361852.0,10.059647783810599,31869384.0,4561797.0,6.98614537513498,32476948.0,3.561869889818423,826,82367985.0,0,9117948.0,0.7659273608752651,0.45,0,63101380.0,Male,North
BRW-01433,Company_1433,Pharmaceuticals,17,1197296.0,-0.12649226411118453,0.12890868986364862,154341.85873898704,7420113.0,5777792.0,1.2842469434263222,13009602.0,1038370.0,12.52885721962574,3686887.0,0.6645084649474109,758,27089336.0,0,5548291.0,0.8320069771160381,0.2,0,12448787.0,Male,East
BRW-01434,Company_1434,Financial Services,33,35887235.0,-0.11815406251278916,0.283768311966013,10183660.09707762,840732.0,5233305.0,0.16065026581667496,9024116.0,517999.0,17.421073359073358,6826776.0,0.5724768869652707,732,4561488.0,0,11924980.0,0.6126792906588927,0.3,0,6509283.0,Female,Central
BRW-01435,Company_1435,IT Services,32,305482560.0,0.013987057962105906,0.022711192770209915,6937873.308097216,4641591.0,56487895.0,0.08216965631008809,695172.0,663257.0,1.0481170223351999,28618470.0,1.486317513298371,665,2867361.0,1,19254613.0,0.8900340112734806,0.2,0,519822.0,Female,South
BRW-01436,Company_1436,Automotive,8,12186525.0,0.16850261299875918,0.2624854270170265,3198785.2184786685,3845251.0,2021165.0,1.9024914331628378,251730.0,1323050.0,0.19026477437377698,5416820.0,0.733392680045627,703,152200.0,0,7385974.0,0.6721305715420691,0.45,0,30462.0,Female,South
BRW-01437,Company_1437,Telecom,19,102738798.0,0.19422469714776291,0.2303633269585987,23667251.315007426,6297734.0,18082295.0,0.3482817668729679,20701484.0,2286070.0,9.055486028211723,4563890.0,0.8140293963730229,526,11565169.0,3,5606541.0,0.839409995232484,0.35,0,19716391.0,Male,East
BRW-01438,Company_1438,Retail,38,130716214.0,-0.09730240711870948,0.2038832212575923,26650842.780916784,1501571.0,27313572.0,0.054975268156970895,58140620.0,3608652.0,16.111446570229944,32834908.0,5.204455222697733,678,2950324.0,0,6308999.0,0.8717619148794531,0.5,0,104653116.0,Non-Binary,North
BRW-01439,Company_1439,Agriculture,3,3997957.0,0.18866310570988692,0.17881254051280265,714884.848030943,8769302.0,8195482.0,1.0700164956720672,234485.0,3425566.0,0.06845144176132009,50627641.0,56.70823859117761,896,1621494.0,0,892773.0,0.6106271133495424,0.6,0,56276.0,Non-Binary,East
BRW-01440,Company_1440,Construction,5,5522323.0,0.10497605606521702,-0.0467962558694818,-258424.04010192436,5430872.0,11157931.0,0.4867274688535474,94322487.0,2006874.0,46.999682092805976,9412545.0,0.7981125375270085,623,3376215.0,1,11793505.0,0.669098190438982,0.5,0,67751964.0,Female,West
BRW-01441,Company_1441,Manufacturing,13,106771024.0,-0.051880704167697675,0.3464822834414074,36994268.20089731,61330804.0,13954933.0,4.394918958412846,2788409.0,549019.0,5.078884193654147,107290570.0,40.453865908344525,714,33575458.0,0,2652170.0,0.7292826879941339,0.4,0,6022963.0,Male,South
BRW-01442,Company_1442,Construction,31,21030576.0,-0.12012825280344976,0.28064052586622296,5902031.9079095675,1446481.0,31363882.0,0.046119321386321965,4207005.0,4586333.0,0.9172914576217083,11394358.0,0.6831164623616693,565,25316584.0,0,16679963.0,0.7060076369716868,0.5,0,790854.0,Male,West
BRW-01443,Company_1443,Retail,16,3484436.0,0.11447347323564883,0.0646331788926833,225210.17532810583,12845486.0,91956795.0,0.13969044767501468,452784.0,327220.0,1.383725372149098,33082015.0,4.0752183059285025,658,25212082.0,0,8117850.0,0.6030164838022936,0.5,0,375917.0,Female,Central
BRW-01444,Company_1444,Automotive,32,9292430.0,0.27343448362481687,0.2710571622018746,2518779.7057595653,16461620.0,3136457.0,5.24847455314243,228174.0,488403.0,0.4671829059549062,166834288.0,16.901296654656516,598,688762.0,0,9871093.0,0.7423774069112896,0.45,0,75297.0,Female,South
BRW-01445,Company_1445,Construction,22,45330487.0,0.08532836461669356,0.20266076394283444,9186711.125320725,28416239.0,4879184.0,5.823972446217964,109567.0,2093263.0,0.05234265720902858,3460756.0,0.19333485695591715,734,34951233.0,0,17900320.0,0.914334842217564,0.5,0,4931.0,Non-Binary,South
BRW-01446,Company_1446,IT Services,29,7341803.0,-0.06023812741093547,0.11003975646522593,807890.2141356651,5150571.0,5183077.0,0.9937282441051437,15343977.0,5156367.0,2.975733500789703,4065354.0,1.1555019557974429,717,1567253.0,3,3518257.0,0.9272968556545165,0.2,0,25324676.0,Female,Central
BRW-01447,Company_1447,Automotive,22,376320.0,-0.20020334306191395,0.32301524608674564,121557.09740736413,12375156.0,14431445.0,0.8575132387981079,2887481.0,4209163.0,0.6859986923769186,29477132.0,2.29303622400694,595,10012566.0,0,12855065.0,0.7166876278841443,0.45,0,1307333.0,Non-Binary,West
BRW-01448,Company_1448,Energy,3,14901616.0,0.3094236270332913,0.12829928893909567,1911866.7368434512,15095650.0,9068009.0,1.664714749983734,6525144.0,1757844.0,3.7120132889987456,6983928.0,0.6013975403585913,707,8379066.0,1,11612830.0,0.7198395996261981,0.45,0,3884963.0,Female,East
BRW-01449,Company_1449,Pharmaceuticals,10,16827251.0,0.23627759154796435,0.34273519195154645,5767291.101501852,749719.0,32596301.0,0.023000124369936197,17888622.0,3381063.0,5.29082620145611,2166454.0,0.2932830858503102,709,2646086.0,0,7386903.0,0.688139172457669,0.2,0,7727885.0,Non-Binary,North
BRW-01450,Company_1450,Manufacturing,21,24491573.0,0.12531152731574022,0.2441136437940153,5978727.127277123,5435430.0,6663863.0,0.8156574023719572,2831453.0,552084.0,5.128654102176295,5263133.0,1.4984375418159703,713,4507805.0,0,3512413.0,0.9119274444185852,0.4,0,4582176.0,Male,West
BRW-01451,Company_1451,Healthcare,16,159622955.0,0.3016990950898191,0.29478704717092247,47054779.565147035,8461207.0,5045966.0,1.6768256708773561,41210345.0,1010386.0,40.78669361343723,1064328.0,0.06604729179407415,768,277950.0,0,16114634.0,0.6192842038356898,0.25,0,16690190.0,Male,Central
BRW-01452,Company_1452,Retail,12,26174186.0,0.11358786496303916,0.2494902447688137,6530204.071764457,10088103.0,5863370.0,1.7205295383832953,947781.0,1028935.0,0.9211272615595139,9220384.0,0.513488651426676,825,3571421.0,1,17956353.0,0.7570945551312743,0.5,0,134487.0,Female,Central
BRW-01453,Company_1453,Real Estate,2,34774886.0,0.00034445740734752317,0.24392769453114502,8482557.769563392,9904586.0,16832575.0,0.5884177204962567,1747298.0,615474.0,2.838942280352573,11348975.0,1.1400086146228,650,2296408.0,2,9955165.0,0.7226555676425745,0.55,0,1526847.0,Female,Central
BRW-01454,Company_1454,Healthcare,24,117659505.0,0.16326983675753148,0.20582765179757198,24217579.62581468,17128973.0,46581207.0,0.3677228164628105,843882.0,1288321.0,0.6550241321657163,45236148.0,14.845683309097103,675,88157236.0,3,3047090.0,0.9378016658176545,0.25,0,497487.0,Male,South
BRW-01455,Company_1455,Construction,35,24532664.0,-0.044458851440168715,0.09278172635336772,2276182.9179671155,162535564.0,13889973.0,11.701646381771486,11447242.0,1543265.0,7.417543054794184,52208081.0,9.956212983447593,686,3413866.0,0,5243768.0,0.6136590249195492,0.5,0,20605036.0,Female,East
BRW-01456,Company_1456,Retail,30,595422097.0,-0.06934717267797712,0.18750308668137697,111643481.06579824,3637682.0,7498444.0,0.485124849218738,17371476.0,1138528.0,15.257824789706717,5521425.0,0.6599964068167206,595,1119145.0,1,8365840.0,0.7530928529396179,0.5,0,10318601.0,Female,South
BRW-01457,Company_1457,Pharmaceuticals,30,3628891.0,0.1957410664410903,0.28996690128494007,1052258.2783708074,15740659.0,4251386.0,3.7024761566048916,1657161.0,1457023.0,1.1373601258455592,209742198.0,11.8567232835193,619,3885571.0,0,17689726.0,0.75282291045188,0.2,0,1809397.0,Male,South
BRW-01458,Company_1458,Financial Services,35,5949266.0,0.20836381513461233,0.266311165390274,1584355.9616767338,62579905.0,84643644.0,0.7393337680578382,404448.0,63973.0,6.322068340263232,1774812.0,0.9730633029650597,745,1193276.0,3,1823942.0,0.6197556393193671,0.3,0,495877.0,Female,South
BRW-01459,Company_1459,Pharmaceuticals,19,60668648.0,-0.11106074207311138,0.2401504157832357,14569601.042206772,598416.0,1770623.0,0.33796898720451096,20705647.0,3149741.0,6.573759692063668,1088060.0,0.21517795006446083,853,389126.0,2,5056558.0,0.6247274376357164,0.2,0,8944840.0,Non-Binary,Central
BRW-01460,Company_1460,Real Estate,8,158532519.0,-0.10551965236627843,-0.0714903975715197,-11333552.811324501,13285671.0,11718885.0,1.1336974350633668,872289.0,1218659.0,0.71577716508296,1378866.0,0.2321072759656744,616,6065022.0,0,5940640.0,0.8728954928639654,0.55,1,50574.0,Female,West
BRW-01461,Company_1461,Manufacturing,26,17873103.0,0.013242545955048271,0.15441310573112904,2759841.3432823597,714566.0,35593367.0,0.02007581861879438,1786553.0,1217278.0,1.4676610703051642,1533523.0,0.18755178693751665,883,3306952.0,0,8176530.0,0.6241154123329247,0.4,0,283182.0,Female,North
BRW-01462,Company_1462,Pharmaceuticals,7,5304512.0,-0.026695724976949414,0.14180529343802364,752207.8807055177,235769835.0,11526612.0,20.45438976740175,653511.0,374766.0,1.743779468309643,27704768.0,11.455157468903773,654,14501514.0,3,2418540.0,0.6921825487169785,0.2,0,1093996.0,Male,North
BRW-01463,Company_1463,Agriculture,30,338991089.0,0.15147331447480533,0.047609091832606476,16139057.886636276,19444525.0,7425375.0,2.618658637623199,5031294.0,12752108.0,0.3945460315623086,110800420.0,15.498972707363718,796,29035149.0,0,7148887.0,0.9433847454340039,0.6,0,1207511.0,Female,East
BRW-01464,Company_1464,Financial Services,7,7359089.0,0.08720747566483847,0.28845091453647204,2122735.9522052915,15881032.0,27862420.0,0.5699803330083915,1029987.0,13497384.0,0.07631011488521665,117842645.0,18.089726190262375,734,55616858.0,0,6514340.0,0.8660548979415816,0.3,0,432595.0,Non-Binary,East
BRW-01465,Company_1465,Healthcare,3,40168018.0,0.2547359386454908,-0.06303704317314585,-2532073.0848456994,534956.0,3943037.0,0.13567102320596452,9361453.0,267729.0,34.96602173831845,526024.0,0.16707602660516685,715,4613906.0,3,3148410.0,0.8054569490849938,0.25,0,3791388.0,Male,Central
BRW-01466,Company_1466,Energy,1,173420132.0,0.1275886587850975,0.2803962897481575,48626361.58043572,4169315.0,1814012.0,2.2983931206667205,1411778.0,1494592.0,0.9445902663802118,32127817.0,4.068198555761026,665,9223911.0,0,7897307.0,0.7460121405729858,0.45,1,880144.0,Male,North
BRW-01467,Company_1467,IT Services,36,12454495.0,-0.016686524450751652,0.3395085899283875,4228408.035720153,4198786.0,22382661.0,0.18759100235709228,7324730.0,6036598.0,1.2133868756231778,87802457.0,16.97546263608024,701,4986968.0,0,5172315.0,0.7045345943289588,0.2,0,8532222.0,Female,West
BRW-01468,Company_1468,Agriculture,25,9500056.0,-0.20366932928296683,0.15481899140773575,1470789.0882370085,125734529.0,4438295.0,28.32945999996395,816655.0,1289491.0,0.6333152900522067,39701674.0,2.7218660216916035,643,100838.0,1,14586196.0,0.8764263621150852,0.6,0,248256.0,Non-Binary,Central
BRW-01469,Company_1469,Financial Services,37,10527152.0,0.10691839764157657,0.17107932672267825,1800978.0764672959,26530401.0,17159500.0,1.5461056239339361,20571030.0,958032.0,21.47215179435364,3436438.0,0.9373235241490973,775,20873544.0,0,3666223.0,0.6571548200042088,0.3,0,24294955.0,Male,East
BRW-01470,Company_1470,Energy,1,93392994.0,-0.1765492165354416,0.2961071082832006,27654329.3872503,744606.0,12636259.0,0.05892613795537604,1544400.0,886199.0,1.7427217332430602,11439712.0,1.176762632155108,789,7412838.0,2,9721341.0,0.6539996366387959,0.45,0,1045179.0,Male,Central
BRW-01471,Company_1471,Energy,15,118476070.0,-0.018543285538125412,0.08836144158908016,10468716.339008773,17970703.0,20040273.0,0.8967294059951476,3741893.0,2885607.0,1.2967433552998189,2132338.0,0.5385463019578813,647,7563734.0,0,3959432.0,0.727750413258798,0.45,0,862348.0,Male,East
BRW-01472,Company_1472,Retail,37,25408342.0,-0.028259016714501317,0.2592931772126948,6588209.724886756,932518.0,11156179.0,0.08358757209008819,550262.0,45739475.0,0.012030352074868545,27265684.0,5.5895199693481,568,1515319.0,1,4878000.0,0.6276171313195056,0.5,0,165079.0,Male,North
BRW-01473,Company_1473,Financial Services,13,407121970.0,0.003735932767485295,0.06986227827882807,28442468.361564692,771429.0,28397804.0,0.027165092513312207,3191111.0,5354679.0,0.5959480305078921,989163.0,0.08268828568617419,673,1246127.0,0,11962552.0,0.6654561505859842,0.3,0,239619.0,Female,Central
BRW-01474,Company_1474,Manufacturing,8,25341396.0,-0.11740513898902864,0.033906971325675966,859249.9875245997,17542431.0,6297996.0,2.785398436995127,581763.0,524254.0,1.109694709635578,24842642.0,2.2107997652031495,859,2952065.0,3,11236947.0,0.8724317192472607,0.4,0,464817.0,Non-Binary,South
BRW-01475,Company_1475,Construction,5,167836327.0,-0.028791491216492437,0.21551888719798434,36171898.42643701,27157225.0,37411402.0,0.7259076864879941,3060710.0,932235.0,3.2831922388751344,3062948.0,0.5230440416365836,718,7548713.0,1,5856003.0,0.6704630967913738,0.5,0,1440798.0,Male,East
BRW-01476,Company_1476,Real Estate,9,12635206.0,0.25188568676777,0.17679756224465568,2233873.619259047,17683285.0,3398524.0,5.203223457235124,772742.0,1437901.0,0.5374093644768558,15322105.0,2.2574086829049094,792,174826.0,3,6787474.0,0.6163792724364132,0.55,1,224251.0,Female,South
BRW-01477,Company_1477,Real Estate,1,800410117.0,0.25147227313623993,-0.026520517340517608,-21227290.387424227,148987635.0,59837839.0,2.4898565021732066,2589491.0,707151.0,3.6618591193972443,6075450.0,2.9252280425534987,625,4427229.0,0,2076914.0,0.9018377435435492,0.55,0,4194975.0,Female,East
BRW-01478,Company_1478,Healthcare,36,254598187.0,0.30987496631989564,0.3498373142903547,89067945.9632735,15450143.0,171822999.0,0.0899189456591958,6575634.0,565338.0,11.631311478599565,5175736.0,0.14323448487445836,661,41150192.0,0,36134705.0,0.6074557403231398,0.25,0,2663132.0,Male,South
BRW-01479,Company_1479,Healthcare,35,19936007.0,0.08152197886156615,0.13023395539396276,2596345.0463717296,11468805.0,16680212.0,0.6875694572964985,417272.0,4876390.0,0.08556984048243875,36768774.0,2.0806973041310717,675,2684476.0,0,17671370.0,0.9412525211304684,0.25,0,187772.0,Female,North
BRW-01480,Company_1480,Real Estate,2,207742588.0,0.12068286933473696,0.24128159032308627,50124462.0104737,1434011.0,96302838.0,0.014890640970615623,3062393.0,1084336.0,2.824207787800287,87725391.0,5.14627837296786,606,167822.0,2,17046374.0,0.7672414643291796,0.55,0,4670370.0,Female,North
BRW-01481,Company_1481,Pharmaceuticals,23,192570088.0,0.25409171265404873,0.37262199015997804,71755849.43584211,32165999.0,131443828.0,0.2447128879667679,6031247.0,3097723.0,1.9469930180997403,2427941.0,1.3466035426295235,713,2463170.0,0,1803010.0,0.6791374013575305,0.2,0,7590187.0,Male,West
BRW-01482,Company_1482,Manufacturing,9,248154381.0,-0.14059914354056763,0.20971252515352345,52041081.86741954,746263.0,9967883.0,0.07486674202869938,5993029.0,16834055.0,0.3560062411578053,11757008.0,2.3999546015531004,634,5087295.0,0,4898845.0,0.6733466641088109,0.4,0,2157490.0,Male,West
BRW-01483,Company_1483,Pharmaceuticals,34,583629.0,0.20084427600555518,0.3327950479040509,194228.84101319333,184019743.0,15516862.0,11.859339287844456,58094039.0,1056844.0,54.969308649802,1741612.0,0.27386157411768075,775,5746673.0,3,6359460.0,0.6928646007988062,0.2,0,25096625.0,Female,West
BRW-01484,Company_1484,Pharmaceuticals,14,71059433.0,0.2753517085093483,0.07643351443860211,5431322.198204379,32808458.0,5515423.0,5.9484924459116835,1070073.0,2756717.0,0.3881691924962945,4453705.0,3.456675380073205,707,4123065.0,2,1288435.0,0.7647270195363933,0.2,0,513635.0,Male,Central
BRW-01485,Company_1485,IT Services,4,54485663.0,-0.05334404890564358,0.3505182424596057,19098218.83400637,583582291.0,5959342.0,97.92728678312358,3255275.0,580504.0,5.60766057139904,2986910.0,0.13804160432192772,818,59667366.0,0,21637751.0,0.7221624872753616,0.2,0,1406279.0,Male,East
BRW-01486,Company_1486,Telecom,30,48964687.0,0.28739587184054893,0.08089626048202521,3961060.0739728333,15934421.0,19374030.0,0.8224628627878215,44973442.0,3264484.0,13.776580992101357,1344141.0,0.03534427656856118,565,4038249.0,2,38029947.0,0.7050237350214101,0.35,0,15785678.0,Non-Binary,Central
BRW-01487,Company_1487,Construction,31,33515536.0,0.3886574120452375,0.11146302148461827,3735742.9092364972,35330215.0,2057508.0,17.171353806957832,416697.0,9436100.0,0.044159870692354816,43526205.0,0.6230919099041342,657,4359606.0,0,69855191.0,0.7769112715251365,0.5,1,38946.0,Female,West
BRW-01488,Company_1488,IT Services,38,35030053.0,0.1966770005766243,0.005440150681494782,190568.76670074833,5863418.0,39894138.0,0.1469744214808095,104160.0,8869567.0,0.011743525727521341,10377784.0,3.323643388508627,667,1392105.0,1,3122411.0,0.7415102587028768,0.2,0,49997.0,Female,East
BRW-01489,Company_1489,Retail,11,165537855.0,0.1691756552990185,0.21221094658991302,35128944.906013764,8327556.0,17907707.0,0.4650263450800069,7299800.0,2086017.0,3.4993945402196913,3913777.0,0.3916799986229372,737,13476926.0,0,9992281.0,0.6537711812898495,0.5,0,2573267.0,Male,Central
BRW-01490,Company_1490,Telecom,35,54255236.0,-0.08796640736938878,0.2557113017211511,13873677.022748258,1835264.0,33184658.0,0.05530459119679367,15632073.0,1063677.0,14.69624548030513,8143293.0,0.24411566907200233,666,41683552.0,0,33358337.0,0.8404923425989604,0.35,0,5486858.0,Non-Binary,North
BRW-01491,Company_1491,Telecom,8,33443221.0,0.24038058935613865,0.27201700624722236,9097124.855684238,1013010.0,11775864.0,0.08602425384462203,137994.0,2634397.0,0.052381606727609116,53462177.0,7.7531822863386255,837,1274182.0,0,6895513.0,0.7668777855609787,0.35,0,53818.0,Female,East
BRW-01492,Company_1492,Financial Services,3,133427861.0,-0.07383859789556695,0.008209648834153788,1095395.8835022836,11807515.0,32835879.0,0.3595918550073883,2023418.0,2108176.0,0.959795121567117,41511443.0,8.235609808744481,685,2777431.0,0,5040481.0,0.9470320976410722,0.3,0,1631336.0,Female,West
BRW-01493,Company_1493,Manufacturing,14,45219514.0,0.1354611203960545,0.22499714957556377,10174261.7551923,8254147.0,19720600.0,0.4185545359393459,710053.0,3448211.0,0.2059191836232807,20531334.0,14.93159692980351,627,99979.0,1,1375025.0,0.7093972600781224,0.4,0,255619.0,Male,North
BRW-01494,Company_1494,Manufacturing,13,52187452.0,0.1506642660996537,0.22943788416104502,11973778.566636097,1769202.0,26927806.0,0.06570167410959236,5201788.0,925995.0,5.617505907152947,3255778.0,0.11804602665911933,687,932001.0,0,27580580.0,0.8816150873848054,0.4,0,1685379.0,Male,East
BRW-01495,Company_1495,Telecom,32,397440447.0,-0.4144379517973794,0.2537726051491114,100859497.62681733,2308024.0,43230407.0,0.05338890162683637,3107188.0,1226652.0,2.533061917265926,10628021.0,1.219285716580188,673,62707124.0,0,8716595.0,0.7816495612001808,0.35,0,3742686.0,Female,Central
BRW-01496,Company_1496,Pharmaceuticals,34,12588307.0,0.14087050753036265,0.08727254561177987,1098613.5968325878,9329621.0,3210898.0,2.9056102356380564,23287312.0,1525809.0,15.262262011652828,1729812.0,0.4036790594049124,774,2093109.0,2,4285116.0,0.8764281743018393,0.2,0,13536864.0,Female,West
BRW-01497,Company_1497,Financial Services,19,2486619.0,0.47322121797177324,-0.1,-248661.90000000002,1724275.0,6301577.0,0.2736259076694758,434833.0,4411640.0,0.09856491042675504,7795708.0,0.6604898890257477,667,4594992.0,1,11802917.0,0.9417631998975277,0.3,0,60313.0,Female,Central
BRW-01498,Company_1498,Construction,38,26924448.0,-0.23377846334057067,0.2647774684804057,7128987.181672322,15172082.0,235632963.0,0.06438862263770531,5833048.0,5173269.0,1.1275359685460067,38529228.0,3.720738720011264,578,1095873.0,2,10355262.0,0.7808728069056942,0.5,0,3946183.0,Male,North
BRW-01499,Company_1499,Telecom,16,33324886.0,0.07191620089802979,0.1625004438116471,5415308.764972545,1806436.0,18787965.0,0.09614856658778284,8305416.0,1181299.0,7.030742402437992,50871761.0,4.838280439358101,714,6399484.0,0,10514429.0,0.8013082376862526,0.35,1,19434673.0,Non-Binary,North
BRW-01500,Company_1500,Agriculture,2,71291919.0,-0.21206730651019284,0.21362893268516256,15230016.565047061,13043255.0,1867000.0,6.986206756182777,3525433.0,498231.0,7.075886334077297,3388176.0,0.47373851998798655,647,2516047.0,3,7151995.0,0.8011976702664667,0.6,0,1202496.0,Non-Binary,North
BRW-01501,Company_1501,Healthcare,17,28373719.0,-0.05412121582077657,0.16864715558522073,4785147.002724334,1581575.0,1879486.0,0.8414929180143305,161080.0,3063807.0,0.05257509608957219,30982413.0,0.6883706110237544,607,6055012.0,1,45008331.0,0.8769178440248954,0.25,0,24949.0,Female,East
BRW-01502,Company_1502,Healthcare,34,74976018.0,-0.20946652822304557,0.20814026964322546,15605528.603295326,1591562.0,13389889.0,0.118862963026582,6097014.0,4772104.0,1.2776361794218694,22766700.0,2.928437747207162,701,3824545.0,0,7774349.0,0.6184783935881373,0.25,0,7010789.0,Male,West
BRW-01503,Company_1503,IT Services,16,1034232063.0,0.10393134904958264,0.26845431530271063,277644060.3367749,256954.0,7821256.0,0.03285328688214695,1092541.0,1687939.0,0.6472629358863466,6194011.0,0.13803766678871784,689,28488634.0,1,44871889.0,0.948772496866257,0.2,0,101831.0,Female,North
BRW-01504,Company_1504,Retail,38,80379641.0,0.19904072048893917,-0.04284260514508706,-3443673.2210668507,6987137.0,5566927.0,1.2551153885949307,239207.0,842113.0,0.2840553654255837,27212196.0,1.7420434537228708,682,4209076.0,0,15620847.0,0.6379590925009315,0.5,0,62506.0,Female,Central
BRW-01505,Company_1505,Automotive,2,104633356.0,0.14146079491536379,0.3169224331487136,33160657.77203555,78695549.0,125997694.0,0.6245792750414998,5687629.0,1117312.0,5.090452720052483,55919213.0,4.429330198540074,720,935222.0,0,12624755.0,0.6920843269011813,0.45,0,11261505.0,Female,West
BRW-01506,Company_1506,Automotive,2,19889507.0,-0.0595273704186358,0.15814290051954946,3145384.3268838827,72275533.0,9407938.0,7.682398132045711,10332476.0,14178075.0,0.7287643259917637,31832164.0,4.011889914065942,653,1258809.0,1,7934455.0,0.889774788263355,0.45,1,4969760.0,Female,Central
BRW-01507,Company_1507,Healthcare,26,3024071.0,-0.011409213489389128,0.37524891221711987,1134779.353217338,14448501.0,39238437.0,0.3682231438468575,1298734.0,2587173.0,0.5019894293928433,1829354.0,0.07773238718449903,709,198218.0,0,23533999.0,0.7847328047937558,0.25,0,88013.0,Male,Central
BRW-01508,Company_1508,Energy,13,768990.0,0.12084090291284588,0.12486535015377803,96020.20561475377,441741.0,19779365.0,0.022333425651762547,11418695.0,6689633.0,1.7069237270678785,5854816.0,0.5884774208540839,652,3945574.0,2,9949091.0,0.6039024714721046,0.45,0,3785074.0,Female,North
BRW-01509,Company_1509,IT Services,31,11094712.0,-0.05483859852083807,0.09820826248951053,1089592.3883415223,31509914.0,10284339.0,3.0638732286174903,11591954.0,756372.0,15.32571099179902,16182290.0,4.6253814041962675,765,2971720.0,0,3498584.0,0.7247056170554924,0.2,0,33384828.0,Male,West
BRW-01510,Company_1510,Automotive,34,503552.0,-0.11931926627734625,0.1621992710650899,81675.76734336815,12465799.0,3722591.0,3.348687957208311,3184540.0,8472148.0,0.3758833797658658,2662448.0,0.7868233113481494,698,31641349.0,0,3383793.0,0.9054181466634663,0.45,0,413436.0,Non-Binary,South
BRW-01511,Company_1511,Healthcare,39,52185933.0,0.04413094098470584,0.2399984449118211,12524542.766272487,4829460.0,36876235.0,0.13096401704338806,7996448.0,5801479.0,1.3783462151037322,91965828.0,6.783159182307904,839,562837.0,2,13557963.0,0.7898252164002488,0.25,0,9919686.0,Male,East
BRW-01512,Company_1512,Retail,3,13602641.0,-0.06170623139086116,0.14707769380043462,2000645.0678752377,54355110.0,879198.0,61.82344383922184,14140303.0,1753461.0,8.064219812006192,14220209.0,3.9651885542136758,660,1148049.0,0,3586262.0,0.7861289161995156,0.5,0,25452545.0,Male,South
BRW-01513,Company_1513,Automotive,8,3368364.0,0.1417336875880464,0.2487015945150628,837717.4977071349,22368562.0,41650043.0,0.5370597447628147,7185457.0,4117381.0,1.7451518950634166,4500272.0,0.5389563441806712,728,1166240.0,1,8349974.0,0.6692078334909121,0.45,0,2230258.0,Female,East
BRW-01514,Company_1514,Pharmaceuticals,23,29394295.0,0.2748046100475376,0.13354489139285386,3925457.933344507,168479319.0,17567175.0,9.590575001924043,105823.0,9367166.0,0.011297225724704171,4097564.0,0.16020815357034177,790,2234722.0,0,25576500.0,0.6293429735108456,0.2,1,7619.0,Male,West
BRW-01515,Company_1515,Pharmaceuticals,14,7976830.0,0.46963751040586443,0.1841870661613324,1469228.914967701,1078996.0,30777428.0,0.03505802905109456,74569.0,524591.0,0.1421466587366944,3132200.0,0.26009091639823323,742,493151.0,0,12042711.0,0.9212154598489429,0.2,0,5369.0,Female,North
BRW-01516,Company_1516,Manufacturing,27,47496395.0,0.1307100368209475,0.4483863538853645,21296735.376749057,1213300.0,14787838.0,0.08204714698340981,16176882.0,1055072.0,15.332476520581988,25616932.0,5.935188413829024,711,2152677.0,1,4316110.0,0.8400869495665086,0.4,0,34942065.0,Male,West
BRW-01517,Company_1517,Manufacturing,29,69820589.0,0.17689582442293056,0.2228720236239067,15561055.96104308,1562083.0,3331013.0,0.46895119624234544,1164001.0,3718536.0,0.31302660159089446,30621381.0,0.8413239522891373,726,3362038.0,0,36396658.0,0.8455466555902098,0.4,0,176274.0,Female,South
BRW-01518,Company_1518,Construction,39,8429506.0,-0.00989760149411914,0.2324995472311171,1959856.328381985,5794778.0,23720639.0,0.2442926497767345,1553565.0,2031526.0,0.7647277146698026,3282752.0,0.21359306685558144,740,3517186.0,0,15369187.0,0.6013831562783436,0.5,0,106925.0,Female,Central
BRW-01519,Company_1519,Telecom,39,16921207.0,-0.0006065161332317187,0.0032916015373226915,55697.87097455549,96230641.0,40575699.0,2.3716323070211973,55672173.0,3247990.0,17.140494847430304,80510726.0,3.274312568321834,723,22077160.0,1,24588588.0,0.7542705091580101,0.35,0,130272885.0,Male,East
BRW-01520,Company_1520,Agriculture,1,33342507.0,0.2726084369811409,0.3425145028014,11420292.2072572,3487205.0,8244208.0,0.42298842739188197,1087596.0,4527977.0,0.2401946299209051,4973178.0,5.403930721762403,698,3126507.0,1,920288.0,0.6420589763580054,0.6,0,261023.0,Non-Binary,East
BRW-01521,Company_1521,Manufacturing,17,2926848.0,0.03855082997798332,0.307975810238792,901398.3842457879,3600898.0,32244900.0,0.11167340845611527,2655925.0,3606855.0,0.736354598021102,2688873.0,0.21735566304126056,758,3016675.0,0,12370843.0,0.8008885026943116,0.4,0,211216.0,Male,South
BRW-01522,Company_1522,Automotive,30,33338095.0,0.09094210679086737,0.09426610688498417,3142652.4266117564,16617018.0,20912591.0,0.7945938982599574,3330732.0,1463874.0,2.2752844334386473,18180487.0,0.8813517557094115,693,18214129.0,1,20627957.0,0.6970468973568722,0.45,0,2204137.0,Male,North
BRW-01523,Company_1523,Financial Services,13,2823455.0,0.2634463505192502,0.3056071121246084,862867.9287637862,31475914.0,25157398.0,1.2511593110241643,2375136.0,1590018.0,1.49377837623324,1469721.0,0.030206277131079744,621,3258002.0,3,48656144.0,0.8496950251935489,0.3,0,447039.0,Male,West
BRW-01524,Company_1524,Healthcare,21,56433610.0,0.03970592421701155,0.2195761472808025,12391474.660947368,310150.0,5222874.0,0.05938300265658282,24547538.0,12818572.0,1.9149977146442119,1146632.0,0.5577511184139803,864,527701.0,1,2055812.0,0.6308748917787683,0.25,0,11798564.0,Female,South
BRW-01525,Company_1525,Financial Services,19,12575418.0,0.3050630656532223,0.1855699078327886,2333619.1592187905,42269330.0,68243670.0,0.619388279976908,1863739.0,2198845.0,0.8475986949518065,2126812.0,0.07164872460397526,770,649363.0,0,29683877.0,0.7906988156547132,0.3,0,199043.0,Male,West
BRW-01526,Company_1526,Retail,19,2800157.0,0.16595440040771076,0.3349146775529999,937813.6787527755,3325649.0,20899529.0,0.1591255401437257,9616837.0,10083201.0,0.9537483232013005,2736291.0,0.05947100558883238,627,658714.0,1,46010504.0,0.6686960759393694,0.5,0,825484.0,Male,North
BRW-01527,Company_1527,Manufacturing,25,10120156.0,0.14830972564673223,0.1185241712315124,1199483.1026336176,7620579.0,39747270.0,0.19172584200812176,3632352.0,10960293.0,0.33141008808705313,27350631.0,23.139438337992136,680,525393.0,2,1181991.0,0.8604640908301023,0.4,0,1307647.0,Non-Binary,Central
BRW-01528,Company_1528,Agriculture,22,10783073.0,-0.017228372060101582,0.09331739331841796,1006248.2643222131,74580989.0,9195457.0,8.110633423588036,13941750.0,776740.0,17.949033204118233,1271428.0,0.0886605797133385,654,65490623.0,1,14340397.0,0.7072384803273423,0.6,0,3011418.0,Male,West
BRW-01529,Company_1529,Retail,31,119973486.0,0.15636889925751576,0.20490759844044065,24583478.89278783,6422607.0,47619313.0,0.13487399251488588,417515.0,4792736.0,0.08711410619860843,15450925.0,0.9375910038401307,660,654568.0,2,16479386.0,0.8081945584599874,0.5,0,58719.0,Male,North
BRW-01530,Company_1530,Energy,17,31325939.0,0.01564310782006305,0.24338745774451565,7624340.654669775,892868.0,8830033.0,0.10111716444126942,111263.0,542393.0,0.20513316887723684,31399729.0,4.900402211005649,769,3070950.0,2,6407581.0,0.9389962019589085,0.45,0,36717.0,Male,South
BRW-01531,Company_1531,Energy,23,5755024.0,0.15041132842935573,0.2959579064032603,1703244.8543405167,973976.0,5024781.0,0.19383447878932858,3418196.0,13805810.0,0.24759110493400208,77596515.0,14.255278869476221,673,3549972.0,3,5443352.0,0.8054471111843278,0.45,0,1128005.0,Male,Central
BRW-01532,Company_1532,Financial Services,32,286600389.0,0.06472624013593567,0.1618856457904074,46396489.05704697,8506424.0,122817603.0,0.06926062488566379,916965.0,2486211.0,0.3688201167076661,4249043.0,0.2452077065422647,853,2507399.0,0,17328341.0,0.7574924253856028,0.3,0,57769.0,Male,Central
BRW-01533,Company_1533,Telecom,10,61819883.0,0.2250214356476179,0.07802746600912215,4823648.819470408,5381367.0,849838.0,6.332219396850462,29423960.0,2345526.0,12.544711700185076,4785101.0,0.9960073126416574,558,1014980.0,1,4804282.0,0.8968834351303887,0.35,1,34288581.0,Male,Central
BRW-01534,Company_1534,IT Services,10,14585179.0,0.0752343240804867,0.4834281261557914,7050885.7536168,9715273.0,529724285.0,0.01834024464568347,2886057.0,702114.0,4.110518932083775,188512123.0,26.361958294847582,697,6470755.0,1,7150914.0,0.8856304131825847,0.2,0,8311844.0,Male,East
BRW-01535,Company_1535,Telecom,36,2348409.0,0.38567863253550455,0.049608652675324494,116501.40642060612,4867461.0,34007384.0,0.1431295290714061,4545560.0,957280.0,4.748407207497067,67640892.0,3.378015134646637,593,332399.0,0,20023856.0,0.7872980205868951,0.35,0,10636610.0,Male,North
BRW-01536,Company_1536,Automotive,8,12776392.0,0.03866795324064111,0.18661417479474346,2384255.849934162,57204337.0,10041422.0,5.696835697490286,2061517.0,2601055.0,0.7925692487974115,5885952.0,0.11463936801757585,726,660859.0,0,51343199.0,0.8300446006483077,0.45,0,161756.0,Male,West
BRW-01537,Company_1537,Pharmaceuticals,20,17352209.0,-0.00018621430352652735,0.2735646629457134,4746951.206448575,9222446.0,21666785.0,0.42564900950237844,1230571.0,2211520.0,0.5564364977768694,49624916.0,3.2609521851932217,735,17588551.0,0,15217921.0,0.795740811698823,0.2,0,657345.0,Female,South
BRW-01538,Company_1538,Construction,32,42015472.0,0.13191706802018807,0.3181347138045402,13366580.160082674,631298.0,34031521.0,0.018550389841512232,3563523.0,1249008.0,2.8530803220793444,12880285.0,1.2683587918558987,771,630221.0,0,10155079.0,0.788710553737047,0.5,0,3868628.0,Female,Central
BRW-01539,Company_1539,Telecom,14,60061810.0,0.241680658374121,0.11194077855027386,6723365.772538624,30243731.0,9831084.0,3.076337047233342,14977927.0,5688783.0,2.6328872743278704,9106222.0,1.7174930493773815,601,22892433.0,3,5302042.0,0.9009733847040355,0.35,1,26414572.0,Male,Central
BRW-01540,Company_1540,Construction,28,80992988.0,0.24051477272409105,-0.04499012332892438,-3643884.518898092,155072982.0,168473912.0,0.9204569374488263,2045432.0,1976912.0,1.0346595930119333,368473527.0,113.91801858063718,734,26020725.0,2,3234549.0,0.8865818986554599,0.5,0,1269796.0,Non-Binary,Central
BRW-01541,Company_1541,Construction,24,2153918.0,0.10501721666037461,0.10916817918447948,235139.30617267566,11210893.0,86070508.0,0.13025243059733735,1840893.0,589602.0,3.1222585366763735,44553278.0,1.653043314525397,630,26806073.0,3,26952274.0,0.653142112282177,0.5,0,2738768.0,Female,North
BRW-01542,Company_1542,Agriculture,15,33024400.0,0.13086337412071777,0.2833587012256662,9357751.092756892,12595190.0,386326009.0,0.03260249031640401,10932223.0,4706512.0,2.322786105127087,150611555.0,19.760091403747072,707,11591988.0,3,7622006.0,0.8930484587413305,0.6,0,12188744.0,Non-Binary,South
BRW-01543,Company_1543,Manufacturing,22,19011912.0,0.13108070860586352,0.25649957777942856,4876547.4007796515,2758431.0,3382990.0,0.815382305184968,261190.0,493298.0,0.5294760378593916,1806144.0,0.0643126734007041,664,412915.0,2,28083795.0,0.7169299834471087,0.4,0,14936.0,Male,North
BRW-01544,Company_1544,Agriculture,30,1341381533.0,-0.08168092204421877,0.260414683066569,349315446.7875435,6176880.0,18969939.0,0.3256141031547807,19437379.0,197181.0,98.57582842247264,131750504.0,20.614038458529564,598,325359.0,2,6391299.0,0.8035151836312727,0.6,0,27989826.0,Female,South
BRW-01545,Company_1545,Construction,4,26616494.0,0.23361101626491454,0.26539969032892485,7064009.265241686,18893056.0,2773402.0,6.812228875500604,975270.0,2225269.0,0.43827041212976403,7028399.0,1.5140040656930172,757,609563.0,1,4642258.0,0.6111171599106258,0.5,0,221484.0,Male,West
BRW-01546,Company_1546,Retail,13,9492572.0,-0.1086784648181001,0.340810107921661,3235164.4877741374,48529630.0,3953980.0,12.27361234158687,13481672.0,575604.0,23.421742340667645,6893654.0,0.509315759703196,679,783428.0,1,13535127.0,0.9268634733391169,0.5,0,6179785.0,Female,East
BRW-01547,Company_1547,Energy,23,28503952.0,-0.08139980136771878,0.08689338656462504,2476804.919755517,17348219.0,9904295.0,1.7515852716841258,5079727.0,2455239.0,2.068932976002346,15946453.0,1.9372757666393727,768,465022.0,1,8231379.0,0.6593638968892332,0.45,0,6718807.0,Male,South
BRW-01548,Company_1548,Construction,8,23846489.0,0.08825406267821977,0.03625224051268755,864488.6546111581,135849922.0,10121635.0,13.421735577133973,143500.0,5281019.0,0.027172781015788617,19164193.0,7.2000093925288065,774,1171939.0,1,2661689.0,0.7779927691140824,0.5,0,43050.0,Male,North
BRW-01549,Company_1549,Agriculture,18,1222540.0,0.03202103987816877,0.22445762943165068,274408.4302853702,10300525.0,22836814.0,0.4510491064537677,3327757.0,6461710.0,0.5149962602784309,43256477.0,0.7907995104029502,804,10369144.0,3,54699675.0,0.9481266701975339,0.6,0,325262.0,Male,North
BRW-01550,Company_1550,Retail,12,44564881.0,0.19942360990631744,0.054177037251817245,2414393.2180598024,1651933.0,12828891.0,0.128766615230684,23474432.0,3602641.0,6.515893613631329,33439009.0,7.044289332535912,659,8678982.0,0,4746966.0,0.8577189233711562,0.5,0,42253978.0,Female,North
BRW-01551,Company_1551,Agriculture,31,15159878.0,0.14710290090052713,0.028690158061799365,434939.2960175948,1724447.0,38262064.0,0.04506936570203412,2073341.0,403820.0,5.1343070320760935,3335585.0,0.1484610097379128,625,5093877.0,1,22467750.0,0.8073061016077556,0.6,0,447842.0,Female,East
BRW-01552,Company_1552,Telecom,14,23206969.0,0.10073020806060384,0.32687518918885633,7585782.382374924,56605550.0,21481143.0,2.6351273470351484,2379418.0,835527.0,2.847801629628211,1993254.0,0.09665787255152268,796,2368619.0,2,20621744.0,0.8400318362928763,0.35,0,792805.0,Male,South
BRW-01553,Company_1553,Healthcare,34,6515192.0,-0.08883009939580754,0.21004317804909756,1368471.633280056,40251304.0,105797747.0,0.38045520590854165,1033937.0,1995686.0,0.5180857519240242,6669661.0,2.6446580545033442,708,2950769.0,0,2521936.0,0.8231426875951233,0.25,0,482101.0,Male,South
BRW-01554,Company_1554,Financial Services,18,4681498.0,0.08398401572951031,0.18341917788541037,858676.5144321929,753959.0,39608895.0,0.01903509252062971,19643690.0,2018965.0,9.729579398563423,8709022.0,2.670478121391307,807,5135100.0,1,3261221.0,0.629164831801987,0.3,0,49502099.0,Non-Binary,South
BRW-01555,Company_1555,IT Services,34,90270701.0,0.07212327963178754,0.18591287961183783,16782485.96748921,6489770.0,3559915.0,1.8230121160162207,1632502.0,640311.0,2.5495414735316535,10156089.0,1.5451070391058053,605,1607407.0,3,6573064.0,0.8236730886626853,0.2,0,3086851.0,Female,South
BRW-01556,Company_1556,Pharmaceuticals,11,127379959.0,0.1133280105353255,0.16726331882104015,21305994.69362802,6853084.0,12303747.0,0.5569915768755992,48028014.0,1138339.0,42.19127325755047,69051181.0,18.46736120230227,755,14161053.0,1,3739092.0,0.8034097172090435,0.2,0,138320680.0,Female,Central
BRW-01557,Company_1557,Agriculture,12,45224427.0,0.015494299185854321,0.32606887743918883,14746278.144720541,2878272.0,13341458.0,0.21573892330666383,18494844.0,5243133.0,3.527440649046925,11718156.0,0.23461570727044737,703,454974.0,0,49946169.0,0.6836039562476606,0.6,0,3994886.0,Female,Central
BRW-01558,Company_1558,IT Services,15,1597265.0,0.15842263069903145,-0.0017539086234940326,-2801.4568575051962,1071361.0,24838010.0,0.04313392888021508,24104654.0,3629090.0,6.642063811571548,464127577.0,63.805893274109145,696,1019412.0,0,7274054.0,0.6721582519880687,0.2,0,69421404.0,Male,North
BRW-01559,Company_1559,Real Estate,31,49853289.0,0.028015844343969955,-0.006722829744050224,-335155.1741279318,2784541.0,53240765.0,0.05230091918662477,3686766.0,1369362.0,2.6923219044183315,77727917.0,3.5929585647231996,674,815497.0,0,21633401.0,0.9205686218746569,0.55,0,5360019.0,Male,Central
BRW-01560,Company_1560,Agriculture,29,1633271.0,0.14436701976936683,0.06763421776945094,110465.00649052892,2126477.0,20565491.0,0.10340024931083584,1576174.0,6821452.0,0.23106132960235892,5654036.0,0.3806947898270435,611,6494082.0,1,14851886.0,0.7035754879015486,0.6,0,72005.0,Male,South
BRW-01561,Company_1561,Healthcare,26,8959604.0,0.19940713611286265,0.21469939772879426,1923621.582688496,1110474.0,29320406.0,0.03787375802798372,6700131.0,403604.0,16.60071356895975,619549.0,0.0535427179193433,753,540168.0,3,11571115.0,0.7810998162131284,0.25,0,2713553.0,Male,South
BRW-01562,Company_1562,IT Services,18,88484475.0,-0.00018932479785607748,0.39664124878541857,35096592.66212215,30817645.0,3756235.0,8.20439530423541,33531218.0,5318186.0,6.305009207085046,319451992.0,34.52888518603868,668,826026.0,0,9251731.0,0.9031511373668206,0.2,0,96569908.0,Female,Central
BRW-01563,Company_1563,Pharmaceuticals,32,64772891.0,-0.035823770527222756,0.28429007898063274,18414290.298193917,13584226.0,8443927.0,1.6087567302800307,46728318.0,4508669.0,10.36410249585798,5817186.0,0.1899862578714649,716,6178392.0,1,30618982.0,0.8573513026185905,0.2,0,20186633.0,Male,West
BRW-01564,Company_1564,Construction,22,47939533.0,0.15145492347040085,0.25109312570689163,12037287.18589868,4429583.0,1476897.0,2.9992477476440484,201633.0,4857482.0,0.04150976956584305,35791662.0,9.191858225445086,854,888016.0,1,3893843.0,0.9342375759427185,0.5,0,60490.0,Male,North
BRW-01565,Company_1565,Agriculture,38,173095493.0,-0.11816495210716442,0.17041596824585692,29498236.03858895,397976.0,24899025.0,0.015983597109380906,188988379.0,2829906.0,66.7825405569865,3266342.0,0.06540516399198368,657,11493911.0,1,49940123.0,0.8239169839158577,0.6,0,40821490.0,Male,East
BRW-01566,Company_1566,Manufacturing,17,55953006.0,0.24674971323380934,0.020096410320488367,1124454.5672407476,5673892.0,40216885.0,0.14108233044199395,4771703.0,905373.0,5.2704219471732126,97754004.0,39.852599934200036,676,11095345.0,3,2452888.0,0.8606077458830915,0.4,0,10306878.0,Male,North
BRW-01567,Company_1567,Financial Services,23,1168780.0,0.08164439256754624,0.2417987788904597,282609.5767915915,19415523.0,3009305.0,6.451827431308082,10519033.0,4034489.0,2.6072770040327278,31694623.0,1.6325542976917173,686,1458936.0,0,19414130.0,0.8162638109169937,0.3,1,18805285.0,Female,North
BRW-01568,Company_1568,Healthcare,24,13876450.0,0.06278623971524523,0.42311604790021584,5871348.68288495,2945927.0,17718812.0,0.1662598391890021,853478.0,1204114.0,0.7088010696652728,1739908.0,0.7981218374470127,668,3958710.0,0,2180002.0,0.7468808083642351,0.25,0,217269.0,Male,North
BRW-01569,Company_1569,Automotive,8,22693460.0,0.1619023877526839,0.15119308133897652,3431094.14364281,1583347.0,12958553.0,0.12218546915033884,769684.0,2536475.0,0.30344619858417743,473384.0,0.07304844198177524,670,71772565.0,2,6480411.0,0.693681156787183,0.45,0,38099.0,Male,Central
BRW-01570,Company_1570,Automotive,6,19036855.0,0.15259317806331452,0.11271919622952804,2145818.994338072,7388734.0,111120732.0,0.06649284791884877,377668.0,827795.0,0.4562331782226539,11793389.0,1.2089348336629016,755,12092675.0,0,9755189.0,0.7381268047041646,0.45,0,75335.0,Female,North
BRW-01571,Company_1571,IT Services,5,9571469.0,0.08097771124683607,0.1517708164331648,1452669.6645947276,14688908.0,5009045.0,2.9324761641238672,42096631.0,1310777.0,32.11575949550572,18731019.0,3.4294043432242374,805,6859898.0,3,5461886.0,0.7125679442090189,0.2,1,121238297.0,Male,South
BRW-01572,Company_1572,Healthcare,29,5151332.0,0.21179246159028708,0.25197013661909035,1297981.827810292,442459.0,44091999.0,0.01003490429102785,1164602.0,1669611.0,0.6975285275860499,27898486.0,3.765016991404634,710,33523672.0,0,7409922.0,0.6470263077834223,0.25,0,731109.0,Male,North
BRW-01573,Company_1573,Retail,28,885017037.0,-0.020858245802537825,0.19340762223023183,171169040.75941512,67728235.0,57753059.0,1.1727211510524291,2848093.0,3203225.0,0.8891327055911759,2767149.0,1.2464483540065052,759,770269.0,0,2220026.0,0.6441614447884711,0.5,0,946927.0,Female,South
BRW-01574,Company_1574,Pharmaceuticals,11,13482226.0,0.18685347399404378,0.28920169333376655,3899082.589108534,1364515.0,11594698.0,0.11768438318234911,2080159.0,3916202.0,0.5311673066998825,3383248.0,1.022036055924807,686,21504018.0,0,3310301.0,0.6487482280742891,0.2,0,542045.0,Male,Central
BRW-01575,Company_1575,Financial Services,1,822125058.0,-0.08179352075036127,0.175985895090021,144682414.20806542,4712956.0,20811085.0,0.2264637222680258,706981.0,15170136.0,0.04660346838001529,521883.0,0.035683529364385146,684,5572846.0,3,14625318.0,0.8963908795821657,0.3,0,44540.0,Female,Central
BRW-01576,Company_1576,Construction,19,4360357.0,0.15659734865977004,0.1510786044425063,658756.6504311134,52268610.0,53380088.0,0.9791780227267887,2425547.0,2368463.0,1.0241012740746747,3881840.0,0.42407198203049273,668,29084188.0,0,9153728.0,0.8621258032422241,0.5,0,316019.0,Female,North
BRW-01577,Company_1577,Agriculture,9,64720600.0,0.030819005529956443,0.20748071759450945,13428276.531147208,10724470.0,3916059.0,2.7385867427976076,3729743.0,635854.0,5.86571309496662,769304.0,0.17269455760185456,638,1493744.0,2,4454708.0,0.7741861432753497,0.6,0,805624.0,Male,South
BRW-01578,Company_1578,Agriculture,27,34088210.0,-0.11666290935537864,0.11524173878031863,3928384.592308645,45999319.0,8775020.0,5.242075090190667,21277631.0,5178152.0,4.109115933808831,3051449.0,0.09134144373499026,798,26396448.0,2,33407058.0,0.8244412470943905,0.6,0,4595968.0,Male,South
BRW-01579,Company_1579,Automotive,34,6059123.0,0.11849642257165593,0.3888917929733566,2356343.2073161034,91378286.0,18319680.0,4.987984561521568,667538.0,2973235.0,0.22451564557942927,14537260.0,5.540895629337978,659,239558.0,3,2623629.0,0.9039158611020128,0.45,0,220288.0,Non-Binary,South
BRW-01580,Company_1580,Agriculture,4,11978984.0,0.07483602602739065,0.2787737277739938,3339426.024625027,994988.0,174394440.0,0.005705388281269814,1362387.0,1577819.0,0.8634616115906757,14226532.0,2.2983916868087495,748,1860139.0,3,6189776.0,0.849287417888022,0.6,0,564657.0,Male,South
BRW-01581,Company_1581,Financial Services,36,23612928.0,-0.1514088264223193,0.04803616951132059,1134274.6120666082,34382761.0,9068115.0,3.7916101867245633,7460710.0,1226200.0,6.084410304672725,3233154.0,0.6032791595917377,633,4920388.0,1,5359299.0,0.6085999334170262,0.3,0,5671122.0,Non-Binary,East
BRW-01582,Company_1582,Manufacturing,18,6809472.0,-0.23704983138395957,0.09050889941590338,616317.8163234105,64891700.0,10613258.0,6.114210536085099,3499345.0,944222.0,3.706057785078313,13364672.0,0.8130909579389558,703,8755826.0,0,16436871.0,0.8285756355762124,0.4,0,3072909.0,Male,Central
BRW-01583,Company_1583,Real Estate,15,16449228.0,0.057160424987375766,0.2478404406199325,4076783.915377731,5057039.0,93784120.0,0.05392212398088158,3597384.0,907321.0,3.9648371801852043,81576283.0,8.748526527860683,699,141502.0,1,9324573.0,0.8033800760964135,0.55,0,5827762.0,Female,South
BRW-01584,Company_1584,Energy,13,695681.0,0.3227338941052741,0.20199810551956965,140526.24404595973,5698303.0,32461809.0,0.17553867144191898,761763.0,458374.0,1.6618772838832834,5854496.0,0.7340967844795947,633,504567.0,3,7975100.0,0.9477595023499461,0.45,0,306680.0,Female,East
BRW-01585,Company_1585,Telecom,19,70229147.0,0.1281522512308866,0.21630140512176885,15190663.176603258,504052.0,201047919.0,0.0025071236747935518,10508479.0,6316096.0,1.6637614970131078,1304689.0,0.928384894103315,672,643440.0,0,1405331.0,0.6982047920734304,0.35,0,6330290.0,Female,East
BRW-01586,Company_1586,IT Services,6,152203274.0,-0.020245485507166636,0.15694470352606296,23887497.713626128,28677379.0,54401072.0,0.5271473046129072,27246508.0,3340929.0,8.155366320156364,28872766.0,1.3680342302725454,614,803321.0,0,21105294.0,0.805257477059117,0.2,0,53674784.0,Male,Central
BRW-01587,Company_1587,Manufacturing,12,47752671.0,0.2422804273531785,0.23462076438305202,11203768.171352401,198332.0,12296095.0,0.016129672377313903,23718119.0,2217008.0,10.698251112196658,45719265.0,6.39717213021281,701,1060522.0,3,7146792.0,0.9139009779866936,0.4,0,51231137.0,Male,West
BRW-01588,Company_1588,Construction,37,721171255.0,0.2160835426811838,0.15976729577955504,115219581.2052979,38004370.0,10366526.0,3.666065790404057,2445054.0,941379.0,2.5973082071002147,3126185.0,0.31338051606285844,559,4185327.0,0,9975683.0,0.6110051415933648,0.5,0,597042.0,Male,North
BRW-01589,Company_1589,Automotive,17,67197348.0,0.2707368616984079,0.24760554520915085,16638435.988149041,1059699.0,5446516.0,0.19456452628349458,67885.0,7328212.0,0.00926351349230706,3161120.0,0.7520141366629729,695,29930176.0,0,4203537.0,0.6778983755952196,0.45,0,8423.0,Non-Binary,Central
BRW-01590,Company_1590,IT Services,23,134115839.0,0.18258466465140605,0.2727633877501078,36581890.59658803,71559015.0,3060138.0,23.384236794472407,4641723.0,360496.0,12.8758991059565,453659.0,0.1263031320829205,752,1861856.0,0,3591826.0,0.6958474686985456,0.2,0,2005224.0,Male,West
BRW-01591,Company_1591,Agriculture,26,154784479.0,0.21288534846668117,0.37280884039657924,57705022.12737867,16101293.0,22053431.0,0.7301037317003539,3799825.0,1694348.0,2.2426459956006704,4451430.0,0.1118550052892934,698,33221635.0,0,39796430.0,0.6147446828054157,0.6,0,613560.0,Non-Binary,North
BRW-01592,Company_1592,Healthcare,29,389835.0,0.1896662796518846,0.11823609084648479,46092.5664751394,40364109.0,31088017.0,1.2983815500878828,709859.0,6443456.0,0.1101674147899179,2226438.0,1.4757278593230618,643,3712747.0,1,1508704.0,0.8073819704190017,0.25,0,235701.0,Male,North
BRW-01593,Company_1593,Construction,33,45604174.0,0.00837425788753586,0.1786657641809351,8147904.597550332,2625638.0,35922753.0,0.07309122234893238,953137.0,181470.0,5.252282733880344,904954.0,0.2922452259073545,648,2370812.0,0,3096556.0,0.698513260897643,0.5,0,257347.0,Male,North
BRW-01594,Company_1594,IT Services,27,3034622.0,-0.16559211091053927,0.03372223069245997,102334.22314841425,1202387.0,12633054.0,0.0951778489051144,734294.0,2449170.0,0.2998132837600968,5141386.0,0.13164334843375636,796,15678412.0,1,39055417.0,0.8778272359150922,0.2,0,52869.0,Male,East
BRW-01595,Company_1595,Pharmaceuticals,25,4108813.0,0.0018296906310422412,0.39915137004469115,1640038.3382074377,630688.0,148506256.0,0.004246878298198573,4934621.0,897898.0,5.495741725962497,8820588.0,0.523013831726359,712,2586499.0,2,16864922.0,0.706007808391758,0.2,0,3716460.0,Female,South
BRW-01596,Company_1596,Agriculture,10,5333617.0,0.2457405465502031,-0.05705855486446096,-304328.47822052165,45663257.0,2870125.0,15.909844027753486,952068.0,2293050.0,0.4151970453339241,6704340.0,1.0446981608074184,767,1011493.0,2,6417489.0,0.945072317734339,0.6,0,119355.0,Female,North
BRW-01597,Company_1597,IT Services,23,15110891.0,0.022848374585814263,0.3819443266238171,5771519.087680899,24020306.0,2505495.0,9.587046237551368,4187570.0,1265097.0,3.3100755830773583,5466623.0,0.1768550664819681,775,23893931.0,0,30910185.0,0.905793116845785,0.2,0,1809030.0,Male,South
BRW-01598,Company_1598,Healthcare,21,64083017.0,0.05818114233389661,0.19121634987493694,12253720.599713532,25333028.0,5479115.0,4.62356117300674,115503535.0,4042725.0,28.57070575646235,87445934.0,6.294467514034724,664,3086516.0,3,13892506.0,0.801159378489003,0.25,1,311859544.0,Non-Binary,North
BRW-01599,Company_1599,Pharmaceuticals,21,46315384.0,-0.09486773997196672,0.2302113516583976,10662327.153217722,13758447.0,14755771.0,0.9324111947514505,2473736.0,8701905.0,0.2842751921245759,14092169.0,1.2566753612719985,619,47996337.0,1,11213849.0,0.9457675568178971,0.2,0,746084.0,Male,East
BRW-01600,Company_1600,Agriculture,13,23703373.0,-0.0026634358238834394,0.16011970875244183,3795377.181210493,20091500.0,3927292.0,5.115864795420153,573750.0,40466768.0,0.014178300224562035,23584316.0,2.118123118747213,751,1919669.0,0,11134534.0,0.7883119505923533,0.6,1,137700.0,Female,North
BRW-01601,Company_1601,Real Estate,37,71415477.0,0.07863662498248611,0.183732078973595,13121314.060100958,5737318.0,73759963.0,0.07778363340849787,369529.0,1730499.0,0.21353886160069344,134349602.0,9.494547385776228,631,443687.0,2,14150184.0,0.7670228878272486,0.55,0,99773.0,Female,Central
BRW-01602,Company_1602,Manufacturing,33,78235141.0,0.153884326678813,0.25057015196934035,19603391.16971277,15486062.0,6035936.0,2.565643412116462,5363371.0,4806921.0,1.1157599395205497,39049905.0,2.6502619014864375,652,1030794.0,0,14734356.0,0.7324376908445213,0.4,0,4308649.0,Male,West
BRW-01603,Company_1603,Retail,24,46919141.0,0.011200854923650028,-0.01639769541855099,-769365.7834180479,2457720.0,4871694.0,0.504489710460117,65945571.0,2989405.0,22.059757356478176,5894936.0,0.07380204521646883,708,1195342.0,0,79874967.0,0.9148646630522342,0.5,0,17805304.0,Male,North
BRW-01604,Company_1604,Automotive,11,1817991.0,0.0007193861573451532,0.10174485154873164,184971.2244119302,5314239.0,51965714.0,0.10226432947184504,845429.0,3266723.0,0.25880025370983284,551553.0,0.07542518485941495,679,2832096.0,2,7312583.0,0.8866458304054756,0.45,0,41849.0,Male,West
BRW-01605,Company_1605,Telecom,17,7968452.0,0.2063263347723302,0.078593125942961,626265.5516064395,853617913.0,18791646.0,45.42539102612985,128998.0,11651668.0,0.011071203618983684,5091171.0,0.6750729050271551,514,993115.0,0,7541660.0,0.7353508202489817,0.35,0,16981.0,Male,West
BRW-01606,Company_1606,Financial Services,4,25127961.0,0.12878997896573358,0.23368857402429805,5872117.374228175,9420343.0,37567185.0,0.25075987858127036,42338139.0,872369.0,48.532318855531486,78861506.0,30.572364521382607,601,499116.0,0,2579502.0,0.7196343006380762,0.3,0,106692110.0,Non-Binary,East
BRW-01607,Company_1607,Automotive,25,72578502.0,0.14730086977882242,0.18052394380846226,13102157.416750366,461653.0,13837459.0,0.0333625535322234,142432908.0,1289878.0,110.4234645265176,38638907.0,4.579855910622959,780,2013901.0,1,8436707.0,0.9409349201264033,0.45,0,282017158.0,Non-Binary,West
BRW-01608,Company_1608,Telecom,30,3292410.0,0.3092480879102556,0.25417150085145696,836836.7911183453,4814366.0,20299441.0,0.2371674058823883,10171382.0,1606280.0,6.332255688761804,5121390.0,0.08946118179964653,693,3749802.0,2,57247063.0,0.7608714232597367,0.35,0,3570155.0,Female,East
BRW-01609,Company_1609,Construction,9,23747367.0,0.004238841738446408,0.19977300050176272,4744082.759606544,1818853.0,2622768.0,0.6934857778172611,6235888.0,608153.0,10.253797557855412,7892530.0,0.33185480334298134,758,6061998.0,0,23783081.0,0.6752563938004086,0.5,0,1862468.0,Female,North
BRW-01610,Company_1610,Telecom,21,2307242.0,0.07264712442775474,0.3070306602979195,708394.0347270924,11283226.0,12269066.0,0.9196482503518809,3613142.0,1979253.0,1.8255069839444558,10764108.0,2.0863068010903576,635,3187580.0,0,5159407.0,0.9258146927751121,0.35,0,5144736.0,Male,South
BRW-01611,Company_1611,Agriculture,20,112546494.0,0.162673966163472,0.09116708507894955,10260535.793835485,2340702.0,4165441.0,0.5619336435365082,9079513.0,4366900.0,2.079166209630124,3527304.0,0.3851982606308342,611,25375358.0,1,9157112.0,0.8053894971637181,0.6,0,1745209.0,Male,East
BRW-01612,Company_1612,Real Estate,19,34744120.0,-0.05072610424870204,0.1869786935820285,6496410.167257228,6467194.0,152896194.0,0.04229793946147581,8471411.0,5357641.0,1.5811827292678384,3858603.0,1.5876483147348017,757,3584492.0,0,2430388.0,0.8357210544394643,0.55,0,5741903.0,Female,West
BRW-01613,Company_1613,Retail,19,3206838.0,0.11435746073781783,0.3131236096803016,1004136.6902199591,2929200.0,69122143.0,0.04237715774556993,4997659.0,1590262.0,3.142661937050664,3357369.0,0.9957959901445718,803,123569.0,0,3371542.0,0.6302170311267942,0.5,0,4478984.0,Female,West
BRW-01614,Company_1614,Manufacturing,12,3175283.0,0.08332947458886505,0.2891191257624808,918035.0450084673,11944437.0,6684430.0,1.7869040760537434,783508.0,7806311.0,0.10036852229324167,18596918.0,1.8023028719513259,630,4760094.0,1,10318419.0,0.8849691623777406,0.4,0,254181.0,Female,North
BRW-01615,Company_1615,Manufacturing,37,43191221.0,0.4965949117353685,0.002442653225989466,105501.17531007397,3467352.0,11420646.0,0.30360381509033596,4958146.0,164631.0,30.116538704504592,1823352.0,0.33643222992687194,781,3305516.0,2,5419670.0,0.838573855399432,0.4,0,1801527.0,Female,East
BRW-01616,Company_1616,Healthcare,17,189936122.0,0.09498042524976101,0.05746670532183347,10915003.15294581,15177431.0,12085260.0,1.2558629060638409,2820374.0,32296146.0,0.08732849773070453,77269491.0,24.714975000191913,621,9848777.0,1,3126423.0,0.635544339253044,0.25,0,1269168.0,Male,North
BRW-01617,Company_1617,Financial Services,37,4661376.0,0.25354096483464983,0.17018508735542592,793296.6817564858,165233831.0,194267742.0,0.8505469227590707,981587.0,3916496.0,0.2506288144737504,8803574.0,0.6070327638413822,569,609826.0,1,14502633.0,0.8342713428790095,0.3,0,125130.0,Male,East
BRW-01618,Company_1618,IT Services,39,78601879.0,0.2044914820770264,0.15181959927104677,11933305.771731306,1572821.0,23574542.0,0.06671692426869102,4940811.0,1182897.0,4.17686985691074,1691806.0,0.20670909006047788,746,16065312.0,0,8184477.0,0.764028395795042,0.2,0,2134430.0,Female,South
BRW-01619,Company_1619,Real Estate,28,10709518.0,-0.09348424047114813,0.1721487925737702,1843630.5927470583,26318504.0,8767470.0,3.0018353068975077,1576478.0,3452199.0,0.45665894212386304,41409023.0,22.34402681130642,623,4878688.0,2,1853247.0,0.9384376319691923,0.55,0,425649.0,Male,Central
BRW-01620,Company_1620,IT Services,35,83036527.0,-0.15232357569410493,0.27554283603022156,22880120.143680066,224304.0,17470463.0,0.012839040794795148,3618618.0,1650610.0,2.19229000654909,84345950.0,75.60963475252007,603,4006405.0,2,1115544.0,0.6052841473387374,0.2,0,7615738.0,Female,North
BRW-01621,Company_1621,Retail,18,67307778.0,0.11705219080494411,0.21472596060024857,14452727.286918277,6267216.0,2316599.0,2.7053509453509452,6483249.0,161610.0,40.11638440452692,988465136.0,196.69910661427807,604,13359087.0,0,5025264.0,0.6612686522450837,0.5,0,11669848.0,Male,West
BRW-01622,Company_1622,Telecom,14,30491233.0,0.26860019932204315,0.22172290836230757,6760604.860312768,12526503.0,13411083.0,0.9340410514168728,8018247.0,2097563.0,3.822647127811118,69452984.0,38.260773567100564,672,18612674.0,0,1815252.0,0.7279596693386633,0.35,0,18762698.0,Male,North
BRW-01623,Company_1623,Manufacturing,35,1541726.0,0.12318722293447615,0.260473628232411,401578.9649602421,2893510.0,4004491.0,0.7225660583165106,1635833.0,5919771.0,0.2763337844768346,2391012.0,1.7439238308074159,563,16079654.0,2,1371052.0,0.9287356544185069,0.4,1,513498.0,Male,East
BRW-01624,Company_1624,Retail,7,67105628.0,0.09182777060257617,0.308900904617467,20728989.194123223,608596.0,1595664.0,0.3814058715331852,6424233.0,6303091.0,1.0192192974495693,12177483.0,0.44313975040616804,747,96938.0,0,27480005.0,0.9237955135195267,0.5,0,870464.0,Female,North
BRW-01625,Company_1625,Telecom,13,51291156.0,0.03738700205761252,-0.1,-5129115.600000001,8393266.0,158916418.0,0.05281559987832346,9108978.0,2681903.0,3.396459381096415,394481770.0,48.94974917833211,738,387050.0,0,8058912.0,0.7592592292232585,0.35,0,21315009.0,Female,South
BRW-01626,Company_1626,Manufacturing,18,44707178.0,-0.1185941869894606,0.1336048262114336,5973094.747093628,88469914.0,14183763.0,6.237407362389843,14087911.0,6257717.0,2.2512856923242626,2765583.0,0.405841863632128,738,1690160.0,3,6814434.0,0.8502274473287981,0.4,0,4633792.0,Male,East
BRW-01627,Company_1627,Telecom,37,32394885.0,-0.06407810763835182,0.07404386552883592,2398642.508762104,7133596.0,5804222.0,1.2290354798566492,5164357.0,3343497.0,1.5445970058902383,1322487.0,0.17968146137829602,796,549484.0,3,7360174.0,0.7320236933738893,0.35,0,933291.0,Male,West
BRW-01628,Company_1628,Financial Services,13,6464393.0,-0.16334705332595467,0.2370379363073823,1532306.3761998878,20539503.0,1911473.0,10.745373988869323,8105254.0,2589800.0,3.1296821647686444,4950714.0,1.738241700829601,777,1152026.0,1,2848115.0,0.7406326313532796,0.3,0,17752002.0,Female,West
BRW-01629,Company_1629,Real Estate,36,122600806.0,-0.0854569898669877,0.12454752532984134,15269626.990743965,48173564.0,11236308.0,4.287312141380235,1737399.0,867359.0,2.003088682899834,1939485.0,0.14470715767651107,627,3027254.0,2,13402826.0,0.6564720106022457,0.55,0,281893.0,Male,East
BRW-01630,Company_1630,Automotive,31,92916294.0,0.001098764385597445,0.18910339402981463,17570786.5560721,362020652.0,12249406.0,29.554136947200792,156002038.0,1307134.0,119.34653880433162,3572056.0,0.4581091290663762,753,1615236.0,0,7797390.0,0.8515180287505751,0.45,0,70751298.0,Male,South
BRW-01631,Company_1631,Pharmaceuticals,2,4813167.0,0.1964024032275479,0.28225716916830096,1358550.8921542836,1833191.0,36691733.0,0.04996196145976639,2969287.0,1457694.0,2.0369741269607156,3295972.0,0.7910613152130112,788,3153071.0,0,4166518.0,0.7477477664281527,0.2,0,2296620.0,Male,North
BRW-01632,Company_1632,Construction,16,173457386.0,0.013239910880660358,0.10764168734662082,18671245.711774122,2140038.0,4664070.0,0.4588347818890407,17571295.0,2792853.0,6.291519356185464,26012018.0,5.374672606379682,765,25129803.0,0,4839739.0,0.6779228384064336,0.5,0,31628331.0,Male,Central
BRW-01633,Company_1633,Retail,9,29429383.0,0.11834386783245765,0.22353788072546626,6578581.906878064,5732419.0,7721276.0,0.7424185144503946,1575150.0,5197997.0,0.30303012813779456,1270731.0,0.4880005560774115,771,47255155.0,0,2603953.0,0.7782294547871857,0.5,0,115301.0,Female,West
BRW-01634,Company_1634,Retail,9,29317801.0,0.10028438167650226,0.3664593387792513,10743781.968921673,22368292.0,4830643.0,4.630498956246828,5735186.0,948548.0,6.046272780847379,10813450.0,1.826760136762267,687,5722761.0,0,5919468.0,0.6592747172713694,0.5,0,9429128.0,Male,South
BRW-01635,Company_1635,Pharmaceuticals,38,18540480.0,0.15485732532244606,0.27979385518458966,5187512.376172781,273470.0,11277724.0,0.02424868490763873,5422874.0,373206.0,14.530472365202153,2820945.0,0.4034148640039241,648,24215492.0,2,6992664.0,0.9040533294491795,0.2,0,3150242.0,Male,South
BRW-01636,Company_1636,Automotive,11,21488101.0,-0.0752222397275888,-0.010293282801597331,-221183.1004622864,23691772.0,1340304.0,17.67640350517233,7215347.0,11158510.0,0.6466227438410017,20276610.0,3.515781092512232,681,1797075.0,1,5767312.0,0.6931357821984998,0.45,0,3079301.0,Male,South
BRW-01637,Company_1637,Energy,22,188828317.0,0.23887905726853226,0.14499039584686785,27378292.428927846,11099339.0,5581449.0,1.9886120990065306,916205.0,620112.0,1.477480717224119,23873884.0,2.542482637626093,644,1280584.0,3,9389988.0,0.6199562679676576,0.45,0,893426.0,Male,North
BRW-01638,Company_1638,Agriculture,33,113761246.0,-0.13107654774303895,0.22269796023323954,25334397.43779178,3989129.0,31191602.0,0.12789111864497635,5862951.0,3570135.0,1.6422206324913113,33899767.0,4.126503019062871,780,2920817.0,1,8215131.0,0.8338408376522519,0.6,0,4621564.0,Non-Binary,South
BRW-01639,Company_1639,Financial Services,36,110195941.0,0.0128280196420089,0.24633406274663153,27145013.844718106,16823124.0,3366777.0,4.996802283964075,1584355.0,2686689.0,0.5897051762577744,33890583.0,3.0279298268561408,714,2045984.0,1,11192657.0,0.8217822451558123,0.3,0,784814.0,Male,South
BRW-01640,Company_1640,Financial Services,23,31859511.0,0.07686418883351326,0.14971811540553046,4769945.944661767,33749422.0,48613269.0,0.6942429916769639,11174961.0,1311652.0,8.519754081300466,3500242.0,0.15339263520845056,765,9006788.0,0,22818839.0,0.9207576129832008,0.3,0,4224135.0,Female,East
BRW-01641,Company_1641,Pharmaceuticals,34,91674754.0,0.19402172722246208,0.10322533308125602,9463157.016792208,41534404.0,41784419.0,0.9940165257768326,875593.0,4110065.0,0.21303623834751073,8828242.0,0.5490547846872396,584,3340639.0,1,16078981.0,0.7254775271488509,0.2,0,115380.0,Male,East
BRW-01642,Company_1642,IT Services,9,6910347.0,0.28689640033261304,0.18813155218187624,1300054.307225372,9085089.0,46197124.0,0.19665918604242147,5172412.0,465489.0,11.111757502846462,80556945.0,3.489941517002023,664,31448305.0,0,23082605.0,0.7566422460277954,0.2,0,14896547.0,Female,South
BRW-01643,Company_1643,Telecom,24,57954250.0,0.19520472801925853,0.04957383553260669,2873014.4579155715,14491162.0,14571414.0,0.9944924360468768,3133116.0,14032345.0,0.22327813182485665,17241873.0,4.529381168280017,617,3911291.0,1,3806672.0,0.9358789844436712,0.35,0,1221915.0,Non-Binary,South
BRW-01644,Company_1644,Agriculture,8,19187469.0,0.2923874536183788,0.3119681119253422,5985878.476556034,13694197.0,13081633.0,1.046826183946134,52817798.0,46821514.0,1.1280668299605427,33635764.0,6.2947453404315965,569,1131937.0,0,5343466.0,0.6867257905600409,0.6,0,28599363.0,Male,East
BRW-01645,Company_1645,Real Estate,7,1099419.0,-0.04437638942609569,0.4042417168737802,444431.0241236545,56333273.0,21499305.0,2.6202368113649808,17481977.0,8684915.0,2.0129126176925602,1431825.0,0.0838155855163952,723,1608275.0,0,17083039.0,0.6597504264892413,0.55,0,2850365.0,Female,North
BRW-01646,Company_1646,Real Estate,36,2237450.0,0.2585555720106814,0.22736327621401484,508713.9623650475,15741708.0,71436552.0,0.2203592886123719,25616469.0,750047.0,34.15310620120312,37147624.0,2.1359951778046535,614,1340970.0,1,17391248.0,0.6325081385507361,0.55,0,41498680.0,Male,East
BRW-01647,Company_1647,Pharmaceuticals,18,8935403.0,0.2327985094869951,0.15210737357650633,1359140.6821776354,23390369.0,64047306.0,0.36520456668068807,1027529.0,121683.0,8.444240820485849,524847.0,0.11642387984214975,670,9787784.0,2,4508069.0,0.7589930698402753,0.2,0,443893.0,Male,East
BRW-01648,Company_1648,Financial Services,3,45025114.0,-0.2794412585538495,0.29290811998963756,13188221.49405911,33902212.0,1993331.0,17.00781003866892,1839410.0,3516007.0,0.5231529621093012,896713.0,0.0547437082888233,622,2792004.0,0,16380201.0,0.7915969877843849,0.3,0,121249.0,Male,East
BRW-01649,Company_1649,Real Estate,28,8947461.0,0.046930363415858545,0.27263150692304083,2439359.775565138,167726645.0,5131119.0,32.68811584995089,3249129.0,419976.0,7.7364450910407,2305664.0,0.6665841747317952,667,3903586.0,1,3458923.0,0.6433519959137729,0.55,0,1754313.0,Male,East
BRW-01650,Company_1650,Energy,6,9952406.0,0.17030561350726736,0.14693511046734908,1462357.8750259078,3690519.0,4136135.0,0.8922624884674972,18198289.0,1207677.0,15.06882546506602,16825316.0,1.1703927701761838,747,6123473.0,0,14375785.0,0.8104561133261513,0.45,0,21086154.0,Male,Central
BRW-01651,Company_1651,Retail,21,75897278.0,0.0026879201831842003,0.17425877167802958,13225766.437985938,101804314.0,35044442.0,2.90500590921077,5746574.0,12328033.0,0.46613872090229475,21749769.0,2.512830475377119,623,7339386.0,0,8655485.0,0.7205949061679033,0.5,0,1723972.0,Male,West
BRW-01652,Company_1652,Healthcare,28,10506260.0,-0.08287377584443549,0.10685587930462843,1122655.6505030456,361817200.0,6484062.0,55.80100008281844,1062605.0,13914171.0,0.07636853993180479,2620564.0,1.1774312541616831,663,15979885.0,0,2225661.0,0.7346232102596757,0.25,0,281507.0,Male,North
BRW-01653,Company_1653,Construction,1,177807287.0,0.39712628269128125,0.1997621789923164,35519171.091832176,4060984.0,11477868.0,0.3538099276093846,1132160.0,15839207.0,0.07147832139081702,495313.0,0.08603671081237506,742,5410966.0,1,5756995.0,0.8197436150635209,0.5,0,50947.0,Female,North
BRW-01654,Company_1654,Pharmaceuticals,36,138680823.0,0.09665602264563601,0.2158690968054298,29936904.005243674,6419269.0,113752803.0,0.05643174299246285,19554330.0,2231306.0,8.763621500761662,37141301.0,0.47140971660701125,754,775252.0,2,78787728.0,0.9195885218518831,0.2,0,13274066.0,Male,South
BRW-01655,Company_1655,IT Services,21,24960921.0,0.10076081512310914,0.0863840814875165,2156226.2336674617,4673055.0,56235410.0,0.08309808565282825,6031523.0,5814816.0,1.0372678968228923,21453334.0,1.9711362086929676,668,1576206.0,0,10883739.0,0.94250456146526,0.2,1,5919374.0,Male,Central
BRW-01656,Company_1656,Telecom,35,74789808.0,-0.11634911723125992,0.05103883900465239,3817184.9697008636,23803248.0,76395835.0,0.3115778195031467,3536655.0,181728.0,19.46114819318876,16881010.0,0.19037678137685152,723,1573842.0,0,88671579.0,0.8001167908126144,0.35,0,1241366.0,Male,South
BRW-01657,Company_1657,Construction,13,60968060.0,-0.011854149369435879,0.02087815055591208,1272900.335781881,544425.0,6197491.0,0.08784601900252553,3123358.0,328081.0,9.520052913600868,159888565.0,76.24208139078554,765,1097261.0,3,2097116.0,0.7815794488118251,0.5,0,5622044.0,Male,North
BRW-01658,Company_1658,Telecom,10,16709736.0,-0.054676094405785455,0.22998415951344509,3842974.5896515558,4200663.0,526653.0,7.976134236139856,12523200.0,1403059.0,8.925633971462375,11128590.0,0.5911332482765592,615,15508606.0,0,18825856.0,0.6620626061335377,0.35,0,8661369.0,Male,North
BRW-01659,Company_1659,Manufacturing,10,87965214.0,0.24184628452089546,0.17862209164558726,15712530.516731696,5894538.0,9114438.0,0.6467252674574925,672285.0,5441450.0,0.12354884754084894,2006984.0,2.8476057644967274,642,2616520.0,2,704796.0,0.804955922530985,0.4,0,242023.0,Male,South
BRW-01660,Company_1660,Construction,13,109710220.0,0.15569504313890778,0.16997110237742075,18647567.035469353,5169872.0,2602704.0,1.9863457441392705,3533472.0,1188622.0,2.972744091272001,65211739.0,7.340342135693316,670,4272667.0,0,8884018.0,0.8515940438432857,0.5,0,6302465.0,Female,West
BRW-01661,Company_1661,Healthcare,37,5788288.0,-0.005584553920979424,0.23574311068131992,1364549.018639356,5092382.0,1421383.0,3.5826926432266015,3864844.0,5194911.0,0.7439671740349019,4822444.0,0.2886830154840054,735,5396997.0,0,16704979.0,0.7882662361736963,0.25,0,388168.0,Male,South
BRW-01662,Company_1662,Financial Services,38,30411244.0,0.16407503579993218,0.07188456291739477,2186098.982714244,4265673.0,56763689.0,0.07514791585959264,504405.0,496696.0,1.015518515312152,7589155.0,0.3694797462389566,714,4473291.0,0,20540110.0,0.8667033318515927,0.3,0,79489.0,Female,West
BRW-01663,Company_1663,Energy,24,29911564.0,0.04197197813883842,0.051569671779456844,1542529.5378902173,28518926.0,5024224.0,5.676283605929273,2395010.0,2241011.0,1.0687180613044465,3974182.0,0.9946134662093423,705,5204305.0,3,3995704.0,0.9180237861097652,0.45,0,840115.0,Male,West
BRW-01664,Company_1664,Retail,2,86394036.0,0.11517360769678125,0.208929830276263,18050291.278361354,19922620.0,5565654.0,3.579564310040777,100914746.0,3835686.0,26.309431921843466,2549583.0,0.10150470905604729,617,121083244.0,1,25117878.0,0.9104349382098624,0.5,0,27246981.0,Male,East
BRW-01665,Company_1665,Retail,22,12412474.0,0.11446458307785595,-0.0274414751496668,-340616.5968168853,114387392.0,9445825.0,12.109834756642776,934240.0,4920326.0,0.18987355921669433,4721603.0,0.9060810790064739,769,9016942.0,0,5211015.0,0.8382959390360754,0.5,0,126975.0,Male,North
BRW-01666,Company_1666,Energy,17,9853719.0,0.14304008157193984,0.1489218562878931,1467434.1248192815,28628121.0,105665962.0,0.2709303941137602,3949344.0,1153288.0,3.4244183374678854,86958810.0,11.531036562346221,660,821615.0,2,7541282.0,0.9455632538545282,0.45,0,7819701.0,Non-Binary,East
BRW-01667,Company_1667,Agriculture,36,31124302.0,0.12494778850951191,0.47597356470934543,14814344.97203021,1712759.0,12067940.0,0.14192636506923592,144974.0,2052143.0,0.07064513991220889,1794483.0,0.31147053846120465,678,5254497.0,0,5761324.0,0.8729288496615666,0.6,0,5419.0,Female,North
BRW-01668,Company_1668,Manufacturing,14,142099608.0,0.14315744767473632,0.018175504457697084,2582732.058641008,6885611.0,45896871.0,0.15002353537295526,2654140.0,312110.0,8.503833572030464,44201499.0,15.497182904031515,715,3830900.0,3,2852227.0,0.6743669006736761,0.4,0,5732942.0,Male,East
BRW-01669,Company_1669,Telecom,10,3996519.0,0.2683712465728361,0.12843091680831317,513276.5992118429,5871685.0,10034954.0,0.5851232018479405,652416.0,1747853.0,0.3732668746931952,554823.0,0.012993381120983012,857,407041.0,3,42700432.0,0.8678839826493912,0.35,0,38166.0,Male,West
BRW-01670,Company_1670,Healthcare,35,5192837.0,0.1760844129610286,-0.0747471364427722,-388149.69576407585,13031204.0,2198852.0,5.926364336315342,1928530.0,7260905.0,0.2656045953493958,98094782.0,10.521562843028166,648,91470.0,0,9323213.0,0.9112446711361695,0.25,1,867838.0,Male,East
BRW-01671,Company_1671,Real Estate,25,11064393.0,0.02946473559110608,0.15195263301334266,1681263.6490443975,45803655.0,3513758.0,13.035514103272307,6194982.0,1446317.0,4.283277951321908,114788113.0,4.354805976717586,644,4043250.0,2,26358949.0,0.6178218040019112,0.55,0,10035871.0,Male,Central
BRW-01672,Company_1672,Construction,3,14448980.0,0.0653070881022238,0.4159843713918372,6010549.862553228,11742820.0,14584299.0,0.8051685716832484,604013.0,808132.0,0.7474178136519608,1913339.0,0.07574742294570035,670,2147839.0,0,25259459.0,0.7321354592769331,0.5,0,40631.0,Female,East
BRW-01673,Company_1673,Manufacturing,38,1709354.0,0.26452558819955996,0.23603009241484804,403458.98258969013,11789711.0,16670690.0,0.7072118966154433,4692856.0,5064231.0,0.9266668667628182,10003089.0,2.963421635777599,792,583404.0,1,3375519.0,0.928990917697517,0.4,0,3131074.0,Female,East
BRW-01674,Company_1674,Pharmaceuticals,17,228556255.0,0.0968633682422322,0.106346482905483,24306153.865298714,9020974.0,28099207.0,0.32104015173666106,1014939.0,30776142.0,0.03297810905024713,23342304.0,0.7785287359312081,711,1452353.0,2,29982584.0,0.928214611726784,0.2,0,189638.0,Male,East
BRW-01675,Company_1675,Construction,12,19866394.0,0.02389723739643506,0.44176927743253186,8776362.522569986,29975052.0,28113200.0,1.0662269301884193,441009.0,26907739.0,0.016389670778742472,3590633.0,0.24424700732822718,730,2215546.0,3,14700826.0,0.7357572560052905,0.5,0,19845.0,Male,Central
BRW-01676,Company_1676,Healthcare,24,15868447.0,-0.01467075131950539,-0.029082313142209215,-461491.1447345504,3785325.0,43150099.0,0.0877245939175112,14275510.0,2713384.0,5.261144290250002,149695271.0,47.703931508119645,764,1363591.0,2,3138006.0,0.7609549192772809,0.25,0,38543877.0,Female,North
BRW-01677,Company_1677,IT Services,29,275460915.0,0.12095571622493706,0.23447317917084226,64588196.47735915,998975.0,5821204.0,0.17160965813779105,772887.0,4998277.0,0.15463065479751226,9178893.0,0.6593941850366852,790,4913575.0,3,13920190.0,0.9260688296624553,0.2,0,122313.0,Female,East
BRW-01678,Company_1678,IT Services,25,70893566.0,-0.04822852038183641,0.1877895344511524,13313069.754722046,23367774.0,131256302.0,0.17803163326945146,1731056.0,14166003.0,0.1221979042219669,4072692.0,1.2747909723074304,646,4253117.0,0,3194791.0,0.8714895837593326,0.2,0,529616.0,Female,North
BRW-01679,Company_1679,Manufacturing,36,10819571.0,0.27271931357514595,0.15035703829075,1626798.6511364884,15599520.0,146496051.0,0.10648423481064186,1388721.0,2648638.0,0.5243149406166714,10001374.0,0.22577296752783307,741,10833082.0,0,44298367.0,0.6248349799300441,0.4,0,78638.0,Male,South
BRW-01680,Company_1680,Financial Services,26,30919938.0,-0.07567275306356196,0.2768509768474614,8560215.039362943,64690661.0,7844767.0,8.246344697510494,4525896.0,3448941.0,1.3122563383205632,2945112.0,0.1468814635360809,792,18544702.0,1,20050943.0,0.7497962163316438,0.3,0,748331.0,Female,West
BRW-01681,Company_1681,Healthcare,38,22689080.0,0.3017101588279132,0.03816247100696393,865871.3576746852,232846.0,5650739.0,0.04120628448663361,3431313.0,1345719.0,2.5497971346193857,9169504.0,1.1079840185503715,716,8591445.0,0,8275844.0,0.7958861106482594,0.25,0,4362264.0,Male,South
BRW-01682,Company_1682,Healthcare,1,212091064.0,0.03721545261913265,0.21751471606467948,46132927.56581576,7644339.0,1720677.0,4.4426319160238,2551398.0,33989756.0,0.0750637317001119,4525953.0,0.14378086348961241,634,1175271.0,0,31478131.0,0.8624456058278719,0.25,0,172219.0,Male,Central
BRW-01683,Company_1683,Energy,20,18790532.0,-0.08151060304414838,0.20227899873174193,3800929.9985967563,10428681.0,17985329.0,0.5798437393142077,1129059.0,4697328.0,0.2403619163145694,2761969.0,1.5120124772538655,618,4208053.0,0,1826683.0,0.9032056851943452,0.45,0,281680.0,Female,Central
BRW-01684,Company_1684,Financial Services,28,2777080.0,0.10837636078480645,0.0754784804263544,209609.77842242026,921431.0,25214365.0,0.036543889305009694,2195776.0,1438736.0,1.526183034147311,29391031.0,6.9974180218976505,736,294293.0,1,4200267.0,0.8090789105612617,0.3,0,2814971.0,Female,North
BRW-01685,Company_1685,Telecom,16,1445786.0,-0.06295587373214338,0.4139994696500781,598554.6372275079,7803676.0,7310395.0,1.067476508796514,5079699.0,994106.0,5.109811116911962,701769.0,0.10164989205196859,607,1603258.0,0,6903784.0,0.6271717042340448,0.35,0,1782974.0,Male,North
BRW-01686,Company_1686,Telecom,17,220794292.0,0.08515576415453904,0.15817952839660326,34925136.981221914,52713598.0,20569449.0,2.562713052609574,3901374.0,213491.0,18.274099263672642,125045094.0,1.5045596805236656,634,72393.0,0,83110756.0,0.9329510115128604,0.35,0,6867725.0,Female,East
BRW-01687,Company_1687,Real Estate,28,7400647.0,-0.006631529739899847,0.16336195533663506,1208984.1646762022,203092493.0,2770737.0,73.29906075565427,17586702.0,297561.0,59.102647515475766,12554425.0,4.1208783994700875,660,1926126.0,1,3046540.0,0.6031574144199967,0.55,0,28490457.0,Female,South
BRW-01688,Company_1688,Retail,12,66010045.0,0.22176099018036372,0.05667873896451095,3741366.109590621,38787568.0,46791332.0,0.8289477027722206,10267725.0,829535.0,12.377672578405278,141911544.0,88.06013167610904,722,1464436.0,2,1611529.0,0.8772655479292972,0.5,0,18481905.0,Male,North
BRW-01689,Company_1689,IT Services,27,26900223.0,0.10051244149064482,0.16039914586603415,4314772.792805847,5461822.0,7747080.0,0.7050167669603558,17187580.0,6040472.0,2.845403000725274,37618689.0,17.946529214933637,746,9217434.0,0,2096153.0,0.8069314238603467,0.2,0,46949368.0,Female,North
BRW-01690,Company_1690,Pharmaceuticals,30,12929445.0,-0.09827512481118024,0.4601705528182781,5949749.853283522,58954279.0,20717961.0,2.8455636225223313,24893388.0,2932412.0,8.489045710819042,1184502.0,0.053859152982698486,643,766209.0,1,21992584.0,0.9342320421419988,0.2,0,10753944.0,Female,North
BRW-01691,Company_1691,Telecom,34,16358020.0,-0.009555481063900806,0.1496745768034098,2448379.7208417132,34868832.0,18853110.0,1.8495001700249896,4328053.0,439871.0,9.839346446238906,9880596.0,2.014307653071522,596,4224626.0,0,4905206.0,0.745326228912189,0.35,0,10127644.0,Female,West
BRW-01692,Company_1692,Financial Services,37,259707569.0,0.18574208743896942,0.24224423316163715,62912660.89867797,4296942.0,1393696.0,3.083124954706798,11762560.0,652247.0,18.033876684941923,601517.0,0.07936455788527601,765,1853079.0,0,7579163.0,0.780755657109653,0.3,0,4446248.0,Male,North
BRW-01693,Company_1693,Healthcare,6,2752183.0,0.2730638155685713,0.29406572783922147,809322.697041732,3712834.0,39858210.0,0.0931510448374113,5408800.0,2779895.0,1.945684298980969,2291291.0,0.12024707188859282,754,1727819.0,0,19054858.0,0.716652537842827,0.25,0,1420715.0,Male,West
BRW-01694,Company_1694,Pharmaceuticals,7,13528609.0,0.07320877887984743,0.1582317226631885,2140655.107306716,6901483.0,5715361.0,1.2075320863315395,23918049.0,14770921.0,1.6192658115722227,7237516.0,0.9539663956771017,737,1031742.0,0,7586761.0,0.7600626554479846,0.2,0,17734470.0,Female,Central
BRW-01695,Company_1695,Automotive,32,94098121.0,-0.07665948428033555,0.130849163725944,12312660.441032689,1837151.0,18680777.0,0.0983444586729739,235088.0,528421.0,0.44488685179648085,3085906.0,0.28314649010608683,730,5129038.0,1,10898619.0,0.8106377753735259,0.45,0,11637.0,Male,East
BRW-01696,Company_1696,Telecom,32,3524618.0,0.23810544662763322,0.23667166574714077,834177.2131823559,5575052.0,2698330.0,2.0661112369090375,2036327.0,3439113.0,0.5921080254972647,4348348.0,0.28653097861673416,668,2567571.0,1,15175838.0,0.6917851557659151,0.35,0,141070.0,Male,South
BRW-01697,Company_1697,Healthcare,25,174236514.0,0.18508455123400624,0.15104899573387195,26318250.459870722,18441782.0,8241949.0,2.237550822317534,6047229.0,1161801.0,5.20504268369309,3266962.0,0.5655521910165655,685,777483.0,2,5776587.0,0.9412426052745648,0.25,0,4617032.0,Female,North
BRW-01698,Company_1698,Telecom,33,92098994.0,0.27598093764538234,0.14017859126564827,12910307.235903393,42192832.0,22655170.0,1.8623930051112834,7686232.0,1202962.0,6.389416798355394,251662487.0,33.44547103811106,706,3984002.0,0,7524560.0,0.7606398426938916,0.35,0,17985783.0,Female,West
BRW-01699,Company_1699,IT Services,7,36313260.0,0.12353136776319598,0.2927867873111355,10632042.732193964,5033982.0,4012145.0,1.254685647032785,3183660.0,484991.0,6.564355700712589,10620350.0,0.9383118294427955,632,5175910.0,0,11318571.0,0.9101433286598467,0.2,0,4301663.0,Male,North
BRW-01700,Company_1700,Automotive,12,11356089.0,0.00191046263046607,0.17166922957043396,1949491.0495632798,71316003.0,4284732.0,16.644211669665296,270020.0,4205042.0,0.0642133742746507,22639255.0,1.069313187389322,730,32333312.0,0,21171771.0,0.7973970834199583,0.45,0,47641.0,Male,North
BRW-01701,Company_1701,Construction,16,2907054.0,0.15753327280933693,0.32558878059176877,946504.1669744238,23562292.0,17023099.0,1.3841363793903578,2504660.0,1106212.0,2.2641751633726956,8221929.0,2.0435418350577574,709,1367179.0,0,4023371.0,0.6731061390996942,0.5,0,3402593.0,Female,West
BRW-01702,Company_1702,Telecom,16,69759826.0,0.12894938351623725,0.16896879741082535,11787233.906808427,25228365.0,11982798.0,2.105381639131225,11120570.0,1300377.0,8.55179801565391,14739997.0,34.00983147363661,689,1827548.0,1,433403.0,0.90013873880886,0.35,1,26022134.0,Male,North
BRW-01703,Company_1703,Financial Services,36,1491379551.0,-0.006231053776905193,0.021936532997677144,32715696.73257242,2238871.0,22279233.0,0.10049138134641433,2036052.0,6460349.0,0.3151612528732963,407152.0,0.023222320558619686,773,471277.0,1,17532786.0,0.6224663779296302,0.3,0,128271.0,Male,South
BRW-01704,Company_1704,Telecom,13,30063994.0,0.10979578757711092,-0.1,-3006399.4000000004,133771052.0,9422690.0,14.196693067829562,3755577.0,6877773.0,0.5460454210911845,108913141.0,4.846928997630943,691,1670654.0,1,22470545.0,0.6390233576630084,0.35,1,1599558.0,Male,Central
BRW-01705,Company_1705,Retail,7,1561148.0,0.05074611667669303,-0.040577813622322795,-63347.972580861984,20379635.0,31635748.0,0.6441963804934727,57934517.0,825891.0,70.14781230475656,3009539.0,0.27727740427120523,752,666247.0,0,10853891.0,0.8047832251966556,0.5,0,15642320.0,Female,East
BRW-01706,Company_1706,Pharmaceuticals,36,47979037.0,0.19153067674755203,-0.019915255951711508,-955514.8021716366,5395085.0,7419732.0,0.7271265691096971,2469890.0,2831529.0,0.8722810635945938,49560423.0,4.264862113004285,604,17125273.0,0,11620638.0,0.9479088057459222,0.2,0,2068261.0,Male,North
BRW-01707,Company_1707,Pharmaceuticals,9,87784408.0,0.15380103654731522,0.21198455169934766,18608938.376072627,4140488.0,29993088.0,0.13804806834000993,2581618.0,5882662.0,0.43885192811486906,52537597.0,10.395252749357489,767,7069456.0,2,5053998.0,0.6735893106639299,0.2,0,1239177.0,Female,West
BRW-01708,Company_1708,IT Services,32,6096475.0,-0.07773870899217845,0.06344007681430336,386760.8422964801,5577894.0,4934993.0,1.130273714618498,4374310.0,1590975.0,2.7494506516754496,598698.0,0.04085725313865553,748,650098.0,3,14653407.0,0.6416864688057009,0.2,0,1731881.0,Female,South
BRW-01709,Company_1709,Financial Services,11,9172607.0,-0.09286338690414862,-0.05689576512769906,-521882.4934806883,1928964.0,7037833.0,0.2740848960063565,4668313.0,4432551.0,1.053188546913832,9665985.0,0.4634562545954329,872,754932.0,1,20856304.0,0.8888416676755986,0.3,0,957027.0,Male,North
BRW-01710,Company_1710,Automotive,8,7872865.0,0.06652832396396696,0.16429131738300748,1293443.362428571,39131989.0,35208746.0,1.111428049399202,4000488.0,1352851.0,2.9570773447502017,16321593.0,1.7358601033310266,828,1427968.0,0,9402596.0,0.629332726914205,0.45,0,6776482.0,Male,Central
BRW-01711,Company_1711,Energy,33,10885631.0,0.08492289280689735,0.05018063194429745,546247.8426924346,2249271.0,7902923.0,0.2846125054473509,5896097.0,1308776.0,4.505043257942338,10477082.0,0.0976322341709027,774,22918000.0,0,107311709.0,0.6300659529468564,0.45,0,1751141.0,Male,Central
BRW-01712,Company_1712,Financial Services,23,18657436.0,0.19414651611377398,0.23557189655087582,4395167.583296587,13725106.0,3593092.0,3.8198582669583003,548478.0,647829.0,0.8466387786919408,8873588.0,4.769923040163499,656,1308910.0,2,1860320.0,0.7850482021380334,0.3,1,390065.0,Male,West
BRW-01713,Company_1713,Pharmaceuticals,25,6640171.0,0.15699558658428334,0.23259223767201945,1544452.231414851,4524982.0,116819323.0,0.03873487574709814,2725583.0,15469692.0,0.17618856431087546,4621773.0,0.44189950394296595,629,2513374.0,0,10458877.0,0.6706878162207554,0.2,0,289064.0,Male,North
BRW-01714,Company_1714,Retail,8,3783815.0,0.29880284648191135,0.24529035386198156,928133.3202982737,24305050.0,14045885.0,1.7304034789973377,517846.0,1108777.0,0.46704209499106225,3045687.0,1.109145123939494,641,32601434.0,0,2745976.0,0.794268207604804,0.5,0,86155.0,Female,North
BRW-01715,Company_1715,Construction,22,31376290.0,0.009920980358685522,-0.1,-3137629.0,29801141.0,25796322.0,1.1552476296718723,3555302.0,758094.0,4.689784261866916,43447347.0,2.028333179740154,740,6095481.0,1,21420221.0,0.7525838069284838,0.5,0,6399544.0,Male,North
BRW-01716,Company_1716,IT Services,4,18365913.0,0.0013570895859189719,0.18544909516558578,3405941.947739869,3382557.0,970439.0,3.4855910720910104,8095863.0,565545.0,14.315127328280989,16137216.0,8.829634169028573,803,372558.0,1,1827619.0,0.8380563465665829,0.2,0,23316085.0,Female,Central
BRW-01717,Company_1717,Energy,3,12555098.0,-0.06397210084675657,0.16543171199183285,2077011.3563652367,8445882.0,72432836.0,0.1166029434964697,2654999.0,2194400.0,1.2098969149212018,11733781.0,5.012343564246893,603,209681.0,3,2340976.0,0.8941857291377114,0.45,0,2120102.0,Female,North
BRW-01718,Company_1718,Retail,29,27365252.0,0.192411067216262,0.03340268642666447,914072.9315426527,1019592.0,350712412.0,0.002907202489009136,789964.0,585171.0,1.3499688980333988,804780.0,0.1705905445382113,632,3764816.0,0,4717611.0,0.6887121956650888,0.5,0,95978.0,Male,North
BRW-01719,Company_1719,Automotive,29,2470019.0,0.08326282760239412,-0.07649169150437413,-188935.93135794267,113898102.0,65046889.0,1.751015336782435,1712769.0,843184.0,2.031308668916074,6046385.0,0.521596435495802,702,103180105.0,0,11592074.0,0.9495125044183025,0.45,0,598857.0,Male,North
BRW-01720,Company_1720,Automotive,34,35848217.0,-0.1980405275442469,0.16695780946350885,5985139.783492519,44101514.0,77179408.0,0.5714155442677723,48715785.0,5171887.0,9.419342607573869,8172354.0,1.6681892418702262,609,24980689.0,2,4898936.0,0.7471565586229265,0.45,0,80454477.0,Female,North
BRW-01721,Company_1721,Retail,34,12948205.0,0.11032480665618391,0.3076939264507446,3984084.0369391637,1095467.0,8970717.0,0.12211586631081257,28761420.0,3397192.0,8.466230797013887,31363982.0,6.338307882613113,666,5752127.0,0,4948320.0,0.6473598907675377,0.5,0,51770556.0,Female,West
BRW-01722,Company_1722,Manufacturing,28,34595501.0,0.11989552517256064,-0.1,-3459550.1,2420885.0,19819713.0,0.12214530441761168,1449423.0,394597.0,3.6731635740677855,649963.0,0.08764690795121376,799,10614133.0,0,7415697.0,0.8725529496282423,0.4,0,469613.0,Non-Binary,Central
BRW-01723,Company_1723,IT Services,13,43990034.0,0.05834795858782346,0.08009749525152039,3523491.539429221,7259144.0,26316129.0,0.2758439025799006,1438653.0,4731670.0,0.30404755529283417,1717350.0,0.24623545865162733,757,11884690.0,1,6974421.0,0.8334851901206992,0.2,0,103583.0,Male,East
BRW-01724,Company_1724,Financial Services,15,131790872.0,0.12449822794376267,0.19578421355833955,25802572.228687793,9418073.0,6343035.0,1.4847894604413407,2776852.0,2062328.0,1.3464641189645299,131971547.0,3.3556567453338624,766,281157.0,0,39328082.0,0.7443799514974381,0.3,0,3140703.0,Non-Binary,West
BRW-01725,Company_1725,Healthcare,23,28188697.0,-0.10303535488385808,0.31499039930323575,8879168.923867924,3175333.0,12624232.0,0.25152680562850827,20989180.0,7760781.0,2.704518694121288,2686972.0,0.1522874096333134,621,4463879.0,3,17644084.0,0.863595413714101,0.25,0,7663360.0,Male,North
BRW-01726,Company_1726,Construction,26,119649626.0,0.32615477511500407,0.14251541829824188,17051916.498618197,1595357.0,4407456.0,0.3619676834056464,236467.0,10870762.0,0.021752566954131924,552752.0,0.08605585678239912,560,23440980.0,0,6423176.0,0.653379599934226,0.5,0,10641.0,Male,East
BRW-01727,Company_1727,Healthcare,4,14903852.0,0.13703891391138842,0.411720353763694,6136219.217881738,16071321.0,9114640.0,1.7632423482175545,1421526.0,287676.0,4.941396079630975,3118127.0,0.04309842318304386,665,75304736.0,3,72348980.0,0.8216888915106058,0.25,0,575718.0,Male,South
BRW-01728,Company_1728,Financial Services,26,16010154.0,-0.18605483246179333,-0.035436784713626046,-567348.3805299989,120749258.0,40187634.0,3.0046370730698633,6058536.0,4963176.0,1.2206971462029261,2701390.0,0.18593014179376655,513,6981177.0,1,14529058.0,0.7464351980630398,0.3,0,931850.0,Male,East
BRW-01729,Company_1729,Financial Services,9,21075204.0,0.07911543510048365,-0.06203255059667373,-1307348.6584652206,9645462.0,1760459.0,5.478944139599878,5095251.0,14101254.0,0.3613331579352334,23598426.0,6.9981954720434585,736,425831.0,1,3372072.0,0.8708575983402769,0.3,0,2140005.0,Female,West
BRW-01730,Company_1730,IT Services,5,77144230.0,0.14100802994781717,0.3021258059668427,23307262.664441485,5736912.0,45980333.0,0.12476881964363286,1721189.0,2549936.0,0.6749927547229598,23167529.0,2.0172766785867315,759,7700269.0,1,11484556.0,0.935514782053155,0.2,0,1115319.0,Male,Central
BRW-01731,Company_1731,Financial Services,32,62235654.0,-0.0869398112384573,-0.1,-6223565.4,4899976.0,2207050.0,2.2201462494523234,2239051.0,4528315.0,0.4944555547801876,2076008.0,0.13675624012168888,637,7512657.0,1,15180352.0,0.8892049068952188,0.3,0,141060.0,Female,West
BRW-01732,Company_1732,Pharmaceuticals,20,29579965.0,0.16004454185201566,0.2353838803560779,6962646.942496972,1714984.0,15602591.0,0.10991660872757553,5370554.0,2597250.0,2.067783976211772,5033447.0,1.1266403158162628,746,12039884.0,0,4467660.0,0.9338303718369189,0.2,0,6005522.0,Female,Central
BRW-01733,Company_1733,Manufacturing,11,3830083.0,0.3321388434512998,0.14465610738074255,554044.8977251566,3243044.0,17402461.0,0.1863554708523426,1766314.0,6422447.0,0.27502192310471024,19883596.0,6.410351425545531,746,6013414.0,0,3101794.0,0.7859886351353733,0.4,0,635873.0,Non-Binary,Central
BRW-01734,Company_1734,Energy,15,60586870.0,-0.016655359082429377,0.07187992770720024,4354979.835605539,48845198.0,29132923.0,1.6766321842599803,663201.0,3141428.0,0.21111443231726706,20908611.0,2.158066083320509,610,53241062.0,3,9688586.0,0.7446769131786827,0.45,0,218856.0,Male,Central
BRW-01735,Company_1735,Financial Services,32,6635158.0,0.1442658043804916,0.12879993498373538,854607.9190068117,397808.0,11796952.0,0.03372124988545771,2475354.0,175107.0,14.13615597231423,1882502.0,0.3037148358691277,668,4348232.0,1,6198254.0,0.9343636773100915,0.3,0,947270.0,Female,South
BRW-01736,Company_1736,Healthcare,28,6114380.0,0.11128978984882953,0.02531137276446735,154763.35140360388,9871427.0,4182278.0,2.360298535798305,4342823.0,1714372.0,2.5331844353591664,2221905.0,0.05696874889509362,662,3573432.0,1,39002172.0,0.9183312224617235,0.25,0,1485158.0,Male,East
BRW-01737,Company_1737,Financial Services,22,4378743.0,0.22524349997185722,0.14179991335004685,620905.3779821242,9266645.0,18281704.0,0.5068807860098388,135041.0,1586475.0,0.08512010266779958,212509769.0,11.39691423291165,774,2206010.0,0,18646254.0,0.7800662406163772,0.3,0,56717.0,Female,West
BRW-01738,Company_1738,Automotive,17,21321935.0,0.06367371430637865,0.182090320122583,3882517.9697829066,10613093.0,198640399.0,0.05342867311986887,5887457.0,4669400.0,1.2608591551678685,6018958.0,1.2855667586297927,758,3783415.0,1,4681948.0,0.6702870237296583,0.45,0,3149219.0,Female,West
BRW-01739,Company_1739,Manufacturing,26,148721568.0,-0.08000749395428035,0.1300533628264636,19341740.043224577,26459520.0,14399572.0,1.8375211542731162,14094053.0,8139307.0,1.7316033500636663,83484595.0,6.136377150912243,745,4971495.0,1,13604866.0,0.7301967873794982,0.4,0,17571823.0,Male,Central
BRW-01740,Company_1740,Pharmaceuticals,7,5677146.0,0.21562733704620596,0.10980764613824756,623394.0390431676,9739905.0,5087760.0,1.9143794293796426,1912871.0,1508756.0,1.2678456504261455,12520984.0,0.3968441452767737,655,3927505.0,0,31551388.0,0.9133514229636457,0.2,0,461969.0,Male,South
BRW-01741,Company_1741,Pharmaceuticals,26,299571575.0,-0.07108908860802153,0.21049643940486587,63058749.88440773,4497629.0,8363837.0,0.5377470247510772,1965636.0,455955.0,4.311021238891472,45925791.0,20.82890162714346,809,10574765.0,2,2204906.0,0.6393602041554769,0.2,0,5661032.0,Female,South
BRW-01742,Company_1742,Telecom,25,94557184.0,0.3513292066839417,0.3791486154953796,35851225.398741856,3318641.0,17545105.0,0.18914909946967548,1079895.0,2863224.0,0.3771603698626549,22701216.0,7.104346938941565,714,146034.0,1,3195397.0,0.6288924178235886,0.35,0,421159.0,Female,North
BRW-01743,Company_1743,Pharmaceuticals,10,2684747.0,0.16411540235227506,0.1480555917621125,397491.80581655627,62302720.0,10613682.0,5.870037761632791,2601044.0,781415.0,3.3286290528988403,11484321.0,1.306905054476753,739,2665229.0,2,8787417.0,0.8362651102526887,0.2,0,4895017.0,Male,South
BRW-01744,Company_1744,Telecom,19,13603494.0,-0.009833910492304782,0.2783988606005061,3787197.2297858214,42354192.0,8983519.0,4.714654389370759,1415145.0,958119.0,1.477001836930656,11282268.0,1.2252448748253455,838,7105639.0,3,9208173.0,0.7343937728415232,0.35,0,998779.0,Male,Central
BRW-01745,Company_1745,Retail,11,5073922.0,0.24629774187593867,0.06405876023935879,325029.1528712078,665770969.0,72053434.0,9.239961550757434,28671334.0,34570465.0,0.8293591992656391,1381862.0,0.1638407830237358,752,4988615.0,0,8434175.0,0.7776854974353509,0.5,0,2140095.0,Male,Central
BRW-01746,Company_1746,Construction,13,65491648.0,0.07862164489536716,0.0199102439010152,1303954.6851594343,5829941.0,27254741.0,0.21390556549755635,3940861.0,879166.0,4.482494224646739,6920423.0,1.062648677267526,690,483697.0,0,6512427.0,0.6202916809795622,0.5,0,3768976.0,Female,East
BRW-01747,Company_1747,Real Estate,8,5486247.0,0.046789165850896534,0.2343978464776829,1285964.4820446484,3411561.0,12708438.0,0.26844846955633184,130448.0,303201.0,0.4302346290591751,4060979.0,0.633177026204247,660,7241628.0,0,6413654.0,0.7719380134679424,0.55,0,11151.0,Male,Central
BRW-01748,Company_1748,Pharmaceuticals,4,2122958.0,-0.022130406414664724,0.151975854769998,322638.3566908054,17535717.0,12825805.0,1.3672214440168518,7692851.0,4090950.0,1.8804554246677607,5434340.0,0.41644137019490135,561,3520572.0,0,13049471.0,0.6140119652007775,0.2,0,2891648.0,Female,East
BRW-01749,Company_1749,Energy,31,14818861.0,-0.20172684992977558,0.3155396809971699,4675938.672681402,16911844.0,18034815.0,0.9377331046793047,43086046.0,4631819.0,9.3021848862866,5104588.0,0.18483489924001198,574,10289655.0,0,27617013.0,0.8802301073144279,0.45,0,12796556.0,Female,South
BRW-01750,Company_1750,Automotive,28,139571994.0,0.1706588855550241,0.3390508218832512,47321999.2775842,23081284.0,28699126.0,0.8042503871285005,7015286.0,5690479.0,1.232810940377613,11337187.0,2.063805057103672,768,7760560.0,1,5493341.0,0.829062134806512,0.45,0,5708024.0,Female,North
BRW-01751,Company_1751,Agriculture,11,18096438.0,-0.16421901427264107,0.2806901810912984,5079492.459327454,31664170.0,68256140.0,0.46390214178677347,19482455.0,5432021.0,3.586593537360489,23136693.0,0.22730353383139243,541,5319825.0,3,101787651.0,0.6765291659663519,0.6,0,4208210.0,Female,West
BRW-01752,Company_1752,Retail,1,43910578.0,-0.03899414977770674,0.278082999648022,12210785.246518444,22748515.0,8936953.0,2.5454438950899827,9027372.0,2361311.0,3.8230322803593935,7229733.0,0.11452309247023093,780,3286432.0,0,63129040.0,0.6757362425423212,0.5,0,2437390.0,Male,Central
BRW-01753,Company_1753,Pharmaceuticals,38,46541114.0,0.14492668307754158,-0.1,-4654111.4,44568924.0,4442352.0,10.032729051473398,14453914.0,2391264.0,6.044463495262968,37218687.0,1.1085644239535803,764,5021194.0,0,33573769.0,0.6937358541151533,0.2,0,23073257.0,Male,South
BRW-01754,Company_1754,Construction,24,2499463.0,0.004898539775672811,0.23334269994804346,583231.4448402366,54407250.0,7516948.0,7.237943213396818,13435887.0,6122443.0,2.194529994884396,4765089.0,0.2877519072945286,630,5036379.0,0,16559712.0,0.6491359873671435,0.5,1,2653691.0,Male,Central
BRW-01755,Company_1755,Telecom,31,6267818.0,0.10357278061864228,0.2835455795358005,1777212.087234922,55882793.0,5123198.0,10.907792767760924,13668823.0,13664522.0,1.0003146835056005,10120209.0,0.1529042697469331,714,23942730.0,0,66186568.0,0.7041088394696657,0.35,0,1599756.0,Male,East
BRW-01756,Company_1756,Healthcare,26,24390305.0,-0.10205429709244797,0.027386087740590814,667955.0327497708,298938.0,2347335.0,0.12735202800110423,5256701.0,436755.0,12.035784282299499,391327720.0,58.8605506869561,746,290029515.0,0,6648386.0,0.7273701994347181,0.25,0,14193093.0,Male,South
BRW-01757,Company_1757,Agriculture,5,10469403.0,0.027731094029314778,0.18105270139077434,1895513.695098677,12591989.0,79615496.0,0.15816002505140425,249559.0,955557.0,0.26116572725046516,1465801.0,0.3792788841580405,707,652681.0,1,3864704.0,0.7893762454228708,0.6,0,11358.0,Female,West
BRW-01758,Company_1758,Construction,20,311428964.0,0.1045078557437282,0.054872614278931614,17088921.41685928,2224816.0,40853512.0,0.05445837668843803,637982.0,4212298.0,0.15145695972674306,4722802.0,0.8993209585034428,798,61334.0,0,5251519.0,0.7865192898347355,0.5,0,86063.0,Female,East
BRW-01759,Company_1759,Construction,11,3826712.0,-0.06272087739035824,0.30330127137610535,1160646.6147901989,43278721.0,945794.0,45.759092615207315,655770.0,2692185.0,0.24358272422484925,584443.0,0.17930933554886586,588,1481138.0,1,3259411.0,0.8078434773785155,0.5,0,29510.0,Male,South
BRW-01760,Company_1760,Pharmaceuticals,33,6175558.0,0.3329545216612882,0.06528023219082028,403141.8601478777,289684.0,19030171.0,0.015222353218877896,73984.0,231265.0,0.319908676588863,12517909.0,1.2471606912177848,740,796744.0,0,10037125.0,0.7329258701036628,0.2,0,22145.0,Male,West
BRW-01761,Company_1761,Retail,38,37348989.0,-0.01561358693210911,0.08485654716760237,3169306.246740762,80505649.0,9322286.0,8.635826058562667,1702917.0,996574.0,1.7087695356596342,9109296.0,0.7595534781149144,651,11544046.0,1,11992961.0,0.8076676247684522,0.5,0,663066.0,Male,East
BRW-01762,Company_1762,Agriculture,27,9418251.0,0.2867625182023858,0.12431398007327815,1170820.2671391321,2428903.0,8080061.0,0.30060450031200253,27322193.0,2851116.0,9.582978530870532,10730270.0,0.9878141961806707,560,30651086.0,3,10862639.0,0.8983769900696911,0.6,1,19432260.0,Female,West
BRW-01763,Company_1763,IT Services,34,315606.0,0.054829168288030014,0.44992922662803286,142000.36349916694,1722357.0,741310.0,2.32339328567902,379055.0,2012955.0,0.18830764308807546,2264052.0,0.2579725532167265,607,11107724.0,0,8776328.0,0.9127146343269736,0.2,1,27292.0,Female,South
BRW-01764,Company_1764,Real Estate,15,439884101.0,-0.15527133491220307,0.3005606724091436,132211861.17865163,15163078.0,14213573.0,1.066802621212652,9743518.0,1288861.0,7.5597837472126574,2834696.0,0.2792328282206903,658,2041069.0,1,10151728.0,0.6264347036646778,0.55,0,2367675.0,Male,East
BRW-01765,Company_1765,IT Services,32,4821241.0,-0.09053512128934789,0.37351246306966607,1800793.6009624598,5076303.0,16067621.0,0.3159336832793303,7229323.0,33028509.0,0.2188812937671121,9636671.0,0.1910466651722608,701,9805832.0,0,50441450.0,0.9413413823617409,0.2,0,520511.0,Female,North
BRW-01766,Company_1766,Automotive,21,56026709.0,0.10641189333970699,-0.03757438265762891,-2105169.0030136216,128197674.0,3568748.0,35.922300503621855,4615603.0,1924411.0,2.398448461140338,1083590.0,0.06559460826230919,627,20222915.0,1,16519497.0,0.9130864583680216,0.45,0,1095958.0,Male,Central
BRW-01767,Company_1767,Agriculture,5,3685487.0,0.23491636288376355,0.02768463045929198,102031.34565752462,68651238.0,102697197.0,0.6684820943215997,19266354.0,2616266.0,7.364062612875521,33339815.0,1.4914578002781087,659,8870065.0,0,22353843.0,0.7941432938740447,0.6,0,20689167.0,Male,North
BRW-01768,Company_1768,IT Services,6,6618952.0,0.3454665698938045,0.34062955724612365,2254610.6891933447,4129835.0,37868075.0,0.10905848504159546,3072582.0,2325761.0,1.3211076627789087,1103142.0,0.1025795195804954,668,7476083.0,1,10754017.0,0.8579758065834671,0.2,0,584526.0,Male,West
BRW-01769,Company_1769,Pharmaceuticals,38,2117190.0,0.0992328092889942,-0.0312193377872009,-66097.26976968387,42445329.0,4075062.0,10.415870625803821,32033310.0,2556118.0,12.532010442393332,7085541.0,4.011459386013333,629,2751022.0,1,1766324.0,0.807952884859249,0.2,0,92255933.0,Female,South
BRW-01770,Company_1770,Manufacturing,22,7946244.0,-0.09658656212418719,0.09939789949804007,789839.9624989039,3921833.0,50006345.0,0.07842670608246402,2423597.0,2074585.0,1.168231637541177,4621880.0,3.1905509745515546,654,525659.0,0,1448614.0,0.9088934164421408,0.4,0,2038552.0,Male,Central
BRW-01771,Company_1771,Telecom,18,9189548.0,0.12177276208171181,0.42664096087534276,3920637.5887300842,3871405.0,8379805.0,0.46199219886474696,5471404.0,162944.0,33.578225781705484,4197199.0,0.05884302076912944,745,16934415.0,3,71328747.0,0.9041825721034191,0.35,0,1920463.0,Male,South
BRW-01772,Company_1772,Manufacturing,14,19799188.0,-0.043782201004022955,0.0643842323634372,1274755.5207993775,25939492.0,51967547.0,0.49914789129554465,2643454.0,604257.0,4.374710802339398,799235.0,0.1530841406833743,831,41520506.0,2,5220886.0,0.6697697319462097,0.4,0,856479.0,Male,West
BRW-01773,Company_1773,Financial Services,10,13813359.0,0.1388287431791828,-0.038519694325827025,-532086.3662929117,78905511.0,2593511.0,30.424193525998724,817743.0,1358880.0,0.6017767560220505,8316120.0,1.7340462643373176,716,413960.0,0,4795788.0,0.6843119395648937,0.3,0,358395.0,Male,South
BRW-01774,Company_1774,IT Services,13,2779329.0,-0.06122118286083243,0.1856969405251594,516112.89201285073,4585415.0,17967481.0,0.2552063221769194,433706.0,5258012.0,0.08248477133852655,1451224.0,0.12774164222404097,710,10313918.0,0,11360617.0,0.913511496996385,0.2,0,31227.0,Female,East
BRW-01775,Company_1775,Automotive,31,11008192.0,-0.2334355355754718,-0.03356915689934914,-369535.72442616,5140222.0,3404048.0,1.510031729860528,7747361.0,1384534.0,5.595641135832608,10965760.0,0.7116886087156699,693,981579.0,2,15408086.0,0.716273354785343,0.45,0,5458571.0,Male,East
BRW-01776,Company_1776,Financial Services,30,211665128.0,0.2775283489429848,0.3284700087567499,69525646.4476586,13961402.0,5363638.0,2.6029719748103854,24665847.0,731131.0,33.736516798608186,2844143.0,0.1626605326978987,668,6582061.0,0,17485144.0,0.7367410368255808,0.3,0,9323690.0,Female,West
BRW-01777,Company_1777,Healthcare,3,177163894.0,0.04603749029821074,0.07261695006123668,12865101.64325223,2324497.0,1442665.0,1.6112509756242956,4714869.0,6157538.0,0.7657067214677812,8240688.0,0.15726481607640477,746,400663.0,1,52400073.0,0.7003230470619195,0.25,0,487378.0,Male,South
BRW-01778,Company_1778,Energy,30,47847553.0,0.08744905007248724,0.048571316530569564,2324018.6419762033,93000515.0,3330567.0,27.923319686011514,7066866.0,10032214.0,0.7044173196048928,587117.0,0.014731650593130618,778,10543675.0,0,39854121.0,0.7839428834031341,0.45,0,492824.0,Male,West
BRW-01779,Company_1779,Healthcare,6,65309553.0,0.22950520613592823,0.1835258823196802,11985993.338228917,2291394.0,3307306.0,0.6928277296301795,317590.0,315126.0,1.0078158964480988,34914658.0,8.840559461099131,607,6207617.0,1,3949371.0,0.8555046103632957,0.25,0,288065.0,Male,Central
BRW-01780,Company_1780,Agriculture,29,531510867.0,0.36182700639971815,0.13146745770294524,69876382.42597826,3437343.0,2846439.0,1.2075936959851603,5826265.0,2227326.0,2.6158103412745413,46016543.0,1.965559419433838,783,11303770.0,0,23411422.0,0.7177122907252151,0.6,0,7189421.0,Male,South
BRW-01781,Company_1781,Construction,8,56903732.0,0.18801209782234354,0.2102819032416984,11965825.066515537,125882389.0,18371986.0,6.851865778045673,144440.0,80483.0,1.7946424133989365,3882054.0,0.6414434093515266,830,8632942.0,0,6052059.0,0.8200249007170123,0.5,1,49882.0,Male,East
BRW-01782,Company_1782,Telecom,33,63483132.0,0.09545024243054169,0.24258053392832404,15399772.056002274,12260370.0,1759556.0,6.967873163529229,543959.0,1364496.0,0.39865166431293,593837082.0,76.67871506997754,619,4325178.0,0,7744483.0,0.8733664846457438,0.35,0,212144.0,Male,North
BRW-01783,Company_1783,IT Services,17,2310849.0,0.149430931416986,0.15392547078277266,355698.5202328994,163999698.0,20969350.0,7.820923880762929,24186114.0,19026077.0,1.2712086011630983,27814651.0,9.347065273679389,773,10664261.0,0,2975762.0,0.8069798451982508,0.2,0,29515772.0,Female,East
BRW-01784,Company_1784,Automotive,11,4551895.0,0.03578254350700439,0.04062616680167622,184926.04553371595,6395363.0,48987182.0,0.13055176085548745,3336641.0,2214054.0,1.5070271515386926,6032496.0,3.690432886688188,830,1675195.0,1,1634630.0,0.6828555575396661,0.45,0,3318750.0,Female,South
BRW-01785,Company_1785,Automotive,13,22999074.0,0.08541715677344591,0.2676609942077718,6155955.012698115,389073267.0,5041094.0,77.18030844489144,3831450.0,378021.0,10.135521213051092,4254866.0,0.4941755139064556,757,7751739.0,0,8610029.0,0.7834723812123293,0.45,0,1874475.0,Female,South
BRW-01786,Company_1786,Retail,11,7194567.0,0.1017295456788776,0.0967908218277206,696368.0526245983,22375451.0,13230866.0,1.6911553112883684,7502163.0,389359.0,19.26793455927676,2752434.0,0.8057174672611799,685,1426831.0,0,3416127.0,0.8450475077983022,0.5,0,5440161.0,Male,South
BRW-01787,Company_1787,Energy,31,5406254.0,-0.03799378852046999,0.0757093230593158,409303.8306267183,2874376.0,9793478.0,0.29349897007998893,10823122.0,647476.0,16.715840099339434,3663363.0,0.1630136116450048,762,8347900.0,3,22472742.0,0.6588459848116601,0.45,0,3214467.0,Male,South
BRW-01788,Company_1788,Real Estate,28,6428883.0,0.08317603803168153,0.1971192738187261,1267256.7484255533,2808732.0,8941223.0,0.31413283013600823,2177654.0,885572.0,2.459033868467083,7535953.0,1.1233036124065603,634,2453641.0,1,6708740.0,0.6414246856866728,0.55,0,1624106.0,Male,Central
BRW-01789,Company_1789,Real Estate,6,2855176.0,0.13506527787558953,-0.05143949031068057,-146868.7981872877,998678.0,682426.0,1.463420995945354,5072661.0,204570.0,24.796579182777617,8321568.0,0.687819353160013,674,6806763.0,2,12098478.0,0.7983623516795638,0.55,0,2826150.0,Female,North
BRW-01790,Company_1790,Real Estate,16,7369963.0,0.1575525346363325,0.22690512397764634,1672282.3682256665,1176762.0,3789821.0,0.3105058760015642,2945331.0,2943511.0,1.0006179692829518,1081601.0,0.031006051707187444,641,2125625.0,1,34883544.0,0.8188591927455868,0.55,0,238719.0,Non-Binary,East
BRW-01791,Company_1791,IT Services,4,40190987.0,0.1455985673643972,0.20349144046610268,8178521.838384407,3304192.0,84622550.0,0.03904623485056601,328412.0,3808115.0,0.08624001999939078,67802956.0,33.697071563893424,592,2188075.0,3,2012131.0,0.7355553685433622,0.2,0,157638.0,Female,Central
BRW-01792,Company_1792,Real Estate,35,357442794.0,-0.12085378271115609,0.31461835683276235,112458064.50999157,2007905.0,21608827.0,0.09292058782641983,1920777.0,1302441.0,1.4747505071243097,28923274.0,6.717890746758148,703,2338622.0,2,4305409.0,0.9297089438797305,0.55,0,1529640.0,Male,West
BRW-01793,Company_1793,Pharmaceuticals,26,79835057.0,0.2643888413899485,0.11995294324987278,9576450.06167136,185926.0,10966435.0,0.016954095204677253,6074262.0,23088952.0,0.2630808768158521,141932074.0,13.32944471976973,724,443919.0,0,10648010.0,0.708036893801341,0.2,0,2915646.0,Male,South
BRW-01794,Company_1794,Manufacturing,12,62722653.0,0.25194218411807234,0.338979783842672,21261711.355978925,31398839.0,1296422.0,24.21959422194762,1834947.0,1184263.0,1.549440834138334,15430178.0,1.2703734303185983,752,11974841.0,0,12146174.0,0.6761993381179636,0.4,0,1300267.0,Male,East
BRW-01795,Company_1795,Automotive,11,2115285.0,0.06557773876718166,0.24355714806022505,515192.78193457314,28431453.0,29853187.0,0.9523757730665147,1860096.0,8396774.0,0.2215250497959038,42716039.0,1.5945434902978224,341,3504286.0,0,26788882.0,0.81089532545999,0.45,0,489391.0,Male,West
BRW-01796,Company_1796,Energy,37,28888237.0,0.1483263042658151,0.1767852990668113,5107015.617557924,14112413.0,4906229.0,2.87642711409779,10567547.0,375029.0,28.177871103645042,1362259.0,0.06440923539827813,714,472681.0,0,21150056.0,0.8888844524974112,0.45,0,3138561.0,Male,North
BRW-01797,Company_1797,Manufacturing,25,21846694.0,0.04751693493372377,0.3980035110607245,8695060.917069264,1619374.0,3318548.0,0.48797652226922067,4162716.0,2841761.0,1.464836253000779,21930020.0,2.239904708636975,706,1447792.0,1,9790603.0,0.9399135687006978,0.4,1,4390342.0,Male,East
BRW-01798,Company_1798,Construction,18,37360018.0,0.19279364942171995,0.19142552770161403,7151661.160591799,105075339.0,3742752.0,28.074345007538568,5541705.0,3402635.0,1.6286505521013708,604713.0,0.05024242466540112,612,1331422.0,0,12035903.0,0.726964040179515,0.5,0,812295.0,Male,Central
BRW-01799,Company_1799,Energy,19,14061748.0,-0.042140776920005424,0.11779592068468189,1656416.5520959843,6802140.0,27038623.0,0.2515712338024302,285762.0,845164.0,0.3381138594238995,2069009.0,0.16721152278766338,664,5953325.0,0,12373602.0,0.8558523076777815,0.45,0,14145.0,Male,West
BRW-01800,Company_1800,Manufacturing,23,292248525.0,0.2813690892936387,0.19486079916857893,56947781.13733842,2546297.0,13454793.0,0.1892483080751738,6404299.0,2423363.0,2.642730931052867,381577615.0,186.70628781073057,760,2387550.0,0,2043731.0,0.7876386445075505,0.4,0,12185884.0,Male,East
BRW-01801,Company_1801,Energy,38,26144863.0,0.18533114177269355,0.11532369994632205,3015122.3357496974,12595866.0,41347258.0,0.3046360582209331,619914.0,834913.0,0.7424884479120005,5257498.0,0.6917997194640869,707,12743403.0,1,7599739.0,0.8147755674198642,0.45,0,105079.0,Female,Central
BRW-01802,Company_1802,Construction,18,30259932.0,0.1888150687353336,0.22483760167136327,6803570.537618539,11557657.0,56562992.0,0.2043324864368475,3150962.0,1363686.0,2.3106196656564153,8634663.0,0.7579195590816308,698,544434.0,2,11392584.0,0.8887903214183881,0.5,0,1655450.0,Male,South
BRW-01803,Company_1803,Financial Services,26,1272304.0,0.0642420685361274,0.33848247383970065,430652.6053961465,208121.0,6032298.0,0.03450110811814865,663441.0,1411990.0,0.4698620600272948,25467443.0,1.811871890712737,771,6263540.0,0,14055873.0,0.7720709660387536,0.3,0,252435.0,Male,East
BRW-01804,Company_1804,Pharmaceuticals,6,20583215.0,-0.131892775739904,0.1790395161012889,3685208.853408791,8483061.0,13919005.0,0.6094588219877195,13248411.0,367138.0,36.08554525670114,8383856.0,2.3778140241818537,885,5561531.0,2,3525866.0,0.7891422670407418,0.2,0,38155424.0,Female,South
BRW-01805,Company_1805,IT Services,4,135419649.0,0.21259020501811549,0.19081675920879934,25840338.555373125,10647211.0,10184530.0,1.0454296815435096,50851078.0,3713434.0,13.693811255616431,1920031.0,0.7684725613697482,680,1740520.0,0,2498502.0,0.7315483319955587,0.2,0,56271828.0,Female,West
BRW-01806,Company_1806,IT Services,29,55581636.0,-0.12693420023538254,0.2757397433435145,15326066.045252645,5034820.0,2858600.0,1.7612881266045874,2619875.0,4034447.0,0.6493763211224931,1992476.0,0.28348987711970813,719,4789708.0,1,7028384.0,0.8618402519145747,0.2,0,244985.0,Male,West
BRW-01807,Company_1807,Automotive,34,952279.0,0.21439589903368184,0.32246880289297564,307080.26915012,1224224.0,3397319.0,0.3603499228803881,2583526.0,1266760.0,2.039473902338326,29568196.0,0.46526122872712244,628,3093559.0,0,63551815.0,0.8748763220513079,0.45,0,808987.0,Female,West
BRW-01808,Company_1808,Real Estate,17,12304645.0,-0.035819082524833484,0.12568376817410112,1546494.1496446126,1279536.0,12030958.0,0.10635361653214843,15342303.0,2650989.0,5.787386221751119,13900083.0,3.548953435200455,871,20019580.0,1,3916670.0,0.6649792290852348,0.55,0,24854531.0,Male,South
BRW-01809,Company_1809,Pharmaceuticals,16,324517234.0,-0.15805729810459057,0.2006803207444356,65124222.60621706,19213009.0,13681036.0,1.4043532664958074,7708472.0,657554.0,11.722931161651877,31157664.0,1.0839833488231185,656,3713151.0,0,28743673.0,0.7042327142625855,0.2,0,12032432.0,Male,South
BRW-01810,Company_1810,Healthcare,2,19269593.0,0.0801499555570296,0.2762714768936099,5323638.917248768,27851614.0,13716913.0,2.0304577254038336,2937519.0,441183.0,6.658262765648799,21446516.0,0.49476771392363644,555,18011501.0,1,43346635.0,0.6797277419079528,0.25,0,1962076.0,Male,Central
BRW-01811,Company_1811,Real Estate,34,39177924.0,0.257420082580761,0.21959427072924453,8603247.649465768,4537949.0,13742747.0,0.33020681162166404,5679165.0,1226994.0,4.628515193623446,9729680.0,1.0462631263026296,749,11421762.0,1,9299457.0,0.9068485658857401,0.55,0,4812940.0,Male,East
BRW-01812,Company_1812,Automotive,8,273965825.0,-0.064840562262803,-0.04345073229223581,-11904015.719296524,15767739.0,5503016.0,2.86528989461599,68662942.0,4543574.0,15.112096091733932,9063771.0,2.0130350868620823,571,504623.0,2,4502539.0,0.8715861248355439,0.45,0,135952625.0,Female,Central
BRW-01813,Company_1813,Agriculture,13,19155085.0,0.31985519365922394,0.2979272351893706,5706821.513867385,4471000.0,186832992.0,0.02393046285995108,1193254.0,1811173.0,0.6588290247099395,10274158.0,0.692340602887718,803,2884406.0,1,14839744.0,0.748563969328726,0.6,0,130628.0,Male,South
BRW-01814,Company_1814,Pharmaceuticals,8,79125423.0,0.17851108157460122,0.24274575776564827,19207360.764662456,2471020.0,19349245.0,0.12770626824425096,1357521.0,1171517.0,1.1587709279754985,5149942.0,0.47687809673307974,747,11387898.0,0,10799283.0,0.6499795285944822,0.2,0,360075.0,Male,East
BRW-01815,Company_1815,Manufacturing,30,44772014.0,0.10351392835488148,0.25127384882481685,11250036.277418584,12258686.0,7343803.0,1.6692556064949446,10766903.0,2966182.0,3.629884939668254,5240367.0,1.3923678080537523,617,4715899.0,3,3763636.0,0.6377598748910354,0.4,0,16190808.0,Non-Binary,West
BRW-01816,Company_1816,Energy,32,61695608.0,0.014656361564133136,0.03694191268159672,2279153.76357402,1585416.0,23742559.0,0.06677527612860618,77722207.0,660638.0,117.64701599511987,18868231.0,4.103304894568668,753,3696779.0,1,4598300.0,0.6588315132107754,0.45,0,153889970.0,Male,Central
BRW-01817,Company_1817,Healthcare,36,42662185.0,0.025115397230778443,0.1982867921642607,8459347.81036824,152195454.0,5275219.0,28.85101550267098,4264451.0,455198.0,9.368322426015874,77133947.0,5.515013718904561,673,4055245.0,3,13986174.0,0.9348107188704504,0.25,0,11514018.0,Female,Central
BRW-01818,Company_1818,Pharmaceuticals,30,10623246.0,0.1445250843126335,0.2812014280085554,2987271.9452861743,1028621.0,15128385.0,0.06799277860837237,251616.0,1298517.0,0.19377166893335326,719473.0,0.03183572521007942,734,8120857.0,0,22599547.0,0.6626922853704957,0.2,0,18116.0,Male,Central
BRW-01819,Company_1819,Construction,1,12339347.0,0.2069061287778592,0.07433032741161572,917187.7025555382,13602186.0,23696429.0,0.5740183647916585,5871221.0,714929.0,8.212301903682878,319173208.0,49.60216378076055,597,1829237.0,0,6434662.0,0.6353180878676215,0.5,0,10568198.0,Male,South
BRW-01820,Company_1820,Agriculture,39,6703469.0,-0.009024432647813233,0.105534654018674,707448.2816399066,11132274.0,28377978.0,0.39228565219531664,1487455.0,475700.0,3.12686960927137,25114132.0,3.028522151905985,592,2127512.0,0,8292536.0,0.9301378184465717,0.6,0,2141935.0,Male,East
BRW-01821,Company_1821,Construction,17,2064578.0,-0.0409769990927152,0.28325749452811155,584807.1915378595,9744499.0,3240444.0,3.007148400914072,6677424.0,5866296.0,1.138268996608934,17077250.0,0.9847367746084291,725,11502003.0,2,17341943.0,0.8043016871780542,0.5,0,2245408.0,Female,West
BRW-01822,Company_1822,IT Services,20,156222974.0,0.047925977236719944,0.09994768502752058,15614124.599414537,82234879.0,555240322.0,0.14810682076488887,425497.0,27885231.0,0.015258865337752973,1958196.0,0.2618511558608605,850,4467532.0,0,7478278.0,0.7621863868461545,0.2,0,30636.0,Female,South
BRW-01823,Company_1823,IT Services,24,24523060.0,0.28904430137860165,0.15497893469453522,3800557.7142501688,158053.0,60500506.0,0.0026124243884435546,357294.0,306958.0,1.1639795542727205,3054558.0,0.46369522784772077,648,2509785.0,0,6587425.0,0.8685373694907751,0.2,0,92565.0,Male,West
BRW-01824,Company_1824,Real Estate,22,144854489.0,-0.1025332510504701,0.05584576090713059,8089509.159018578,16479012.0,167921300.0,0.09813532828690984,2094225.0,1203720.0,1.7397926928249985,22229487.0,5.324244385343356,642,3451713.0,1,4175143.0,0.7691600203870113,0.55,0,1967499.0,Male,North
BRW-01825,Company_1825,Manufacturing,29,252787308.0,0.25137164671141576,0.3983926280782999,100708599.97895864,5896879.0,10774155.0,0.5473170241826831,38972812.0,2444506.0,15.943015094659168,12945938.0,3.154963400689582,672,7043940.0,2,4103355.0,0.6399154742136274,0.4,0,84181274.0,Non-Binary,North
BRW-01826,Company_1826,Healthcare,22,26170051.0,0.08634197473896989,0.24247473182022705,6345576.097946664,21337224.0,19700420.0,1.083084671134693,417723.0,251519.0,1.6607943702290076,1279638.0,0.00998376523824835,594,3182955.0,0,128171883.0,0.6465701227789824,0.25,0,93657.0,Female,West
BRW-01827,Company_1827,Telecom,9,3367787.0,-0.1679108714737922,0.14935260279526003,502987.7541100404,9645706.0,15305936.0,0.6301937607609387,2021766.0,1517673.0,1.3321477471446437,2438404.0,0.33388981544621266,744,4153801.0,0,7303019.0,0.6210569515598816,0.35,0,350712.0,Female,North
BRW-01828,Company_1828,Agriculture,37,17997039.0,0.010755139765147678,0.12691497713613561,2284093.793203141,7940362.0,7599013.0,1.0449200383102335,363776.0,1655928.0,0.21968091627116862,2929805.0,0.08419565867486524,772,249817.0,1,34797577.0,0.7805615705619102,0.6,0,13096.0,Male,East
BRW-01829,Company_1829,Agriculture,10,8826637.0,0.1714502109410409,0.03259624522231361,287715.2241403465,1452836.0,36365486.0,0.03995095679593126,5049543.0,3526982.0,1.43168906683134,2577171.0,0.05383720471380405,738,4713272.0,0,47869702.0,0.8063015691471279,0.6,0,520515.0,Female,East
BRW-01830,Company_1830,Pharmaceuticals,36,1238949.0,0.3502720917561142,0.1667879890526309,206641.812248768,3237441.0,5073890.0,0.6380588388674491,4557371.0,784438.0,5.809720067462225,13352201.0,1.8053851914941028,686,2690519.0,0,7395762.0,0.7169742633386763,0.2,0,11848047.0,Male,South
BRW-01831,Company_1831,Real Estate,37,11380440.0,-0.11910590850723517,0.25980696974280554,2956717.6307398137,974334102.0,33865289.0,28.770877261054018,386208.0,1007095.0,0.3834867778245569,1912634.0,0.14890630241767186,618,12998617.0,0,12844546.0,0.804133797839638,0.55,0,15641.0,Female,West
BRW-01832,Company_1832,IT Services,28,21697209.0,-0.3428764714082887,0.08282230832679194,1797012.933628845,21631327.0,8058923.0,2.6841457991166067,22557889.0,6361438.0,3.546035574655357,28586923.0,2.9036872569969736,865,3031957.0,0,9845041.0,0.9353193913996998,0.2,0,64966720.0,Male,South
BRW-01833,Company_1833,Real Estate,28,9202755.0,-0.11643292231869047,0.19266493455556585,1773048.1898059065,43093803.0,23649046.0,1.8222215466018568,182899.0,3279850.0,0.055764423444845515,957423.0,0.5401991252302025,631,30220435.0,1,1772351.0,0.6980274917403407,0.55,0,13338.0,Female,East
BRW-01834,Company_1834,Energy,21,7592583.0,0.24956232617997587,0.13591418704211752,1031939.7459948017,5241691.0,84643471.0,0.06192670121093331,34784393.0,4749588.0,7.323663794909412,38427406.0,20.414678097816445,629,8183450.0,0,1882341.0,0.8516556205510117,0.45,0,68873098.0,Male,East
BRW-01835,Company_1835,Pharmaceuticals,24,3554398.0,-0.18906125606026297,0.34561391154905985,1228449.3959821553,2462250.0,12489311.0,0.1971485699132186,25692336.0,241616.0,106.33496815207539,874846855.0,93.75742273491444,556,1070586.0,2,9330960.0,0.9328201407064833,0.2,0,73993928.0,Female,East
BRW-01836,Company_1836,Pharmaceuticals,2,32406942.0,0.30458808363190804,0.1035961483229363,3357234.370124794,28477978.0,37365880.0,0.762138540236747,5171614.0,889136.0,5.816442235560999,28577469.0,4.918691374522502,586,513252.0,0,5809973.0,0.9427826232155836,0.2,0,14894248.0,Female,Central
BRW-01837,Company_1837,Healthcare,8,398773412.0,0.26222134216428805,0.27325870493241966,108968306.12460221,511152.0,7955031.0,0.06425517835754778,12536651.0,12231408.0,1.0249555877004848,3929805.0,0.06670469192513387,727,2887659.0,0,58913471.0,0.6240235559979386,0.25,0,1734684.0,Female,North
BRW-01838,Company_1838,Manufacturing,27,164420188.0,0.1086554363094137,0.34728271151320406,57100288.716150776,3348062.0,3549791.0,0.9431713182068132,2502587.0,1792768.0,1.3959338877457164,4196036.0,0.5982321223371343,665,3411574.0,2,7014059.0,0.8617733969745409,0.4,0,752361.0,Female,South
BRW-01839,Company_1839,Automotive,22,64388161.0,-0.0139547965520542,0.13474432754669174,8675939.455913123,5220673.0,107615469.0,0.04851229103027659,324306.0,1705092.0,0.19019842319451197,1647431.0,0.026352256917801156,630,256202.0,0,62515745.0,0.7932352826169278,0.45,0,16053.0,Female,South
BRW-01840,Company_1840,Financial Services,37,66526683.0,0.08828909387257144,0.10937070628197072,7276070.306306775,36670518.0,35936030.0,1.0204387345948138,4660943.0,1796402.0,2.594597648745855,44793794.0,8.117086714637805,636,3023827.0,2,5518456.0,0.6172982414854006,0.3,0,10158348.0,Female,East
BRW-01841,Company_1841,Automotive,27,19796887.0,0.17166310282101527,0.2907242782229552,5755435.684136406,16528043.0,12468242.0,1.325611234878884,309782.0,13046014.0,0.023745335261380583,11347765.0,0.1886863684943507,658,1995481.0,1,60140883.0,0.7863690574267461,0.45,1,15334.0,Male,Central
BRW-01842,Company_1842,Retail,29,1612393.0,0.1487714697087948,-0.03374686972822108,-54413.21652169557,4371647.0,33790505.0,0.1293750084713144,3216100.0,809802.0,3.971459725390002,588816.0,0.03993286740376342,646,4420331.0,1,14745146.0,0.9224867367657911,0.5,0,868347.0,Male,South
BRW-01843,Company_1843,Retail,3,13878514.0,0.34094890599051575,0.2316713566923182,3215254.1672533317,15455253.0,4326745.0,3.572026876548797,511312.0,4438180.0,0.11520755913289701,1004367.0,0.06434964043360936,812,67390448.0,2,15607965.0,0.7568223834636693,0.5,0,23009.0,Female,South
BRW-01844,Company_1844,Pharmaceuticals,13,5643886.0,0.04098463252602547,-0.009038615140497863,-51012.913450843924,5639310.0,24907698.0,0.22640830853143037,14120251.0,2721587.0,5.188239733567315,636856.0,0.11955994245557307,670,267065.0,0,5326666.0,0.9191304712910772,0.2,0,6099948.0,Female,Central
BRW-01845,Company_1845,Real Estate,10,30463662.0,-0.11512644604344967,0.32668939981995954,9952155.455098107,44236316.0,19008675.0,2.3271645010941318,5781960.0,384827.0,15.024790295924413,27886498.0,1.7625047370498097,711,13486374.0,0,15822083.0,0.9167192425692623,0.55,0,8254493.0,Male,East
BRW-01846,Company_1846,Energy,36,153593807.0,-0.14159210606981876,0.14974843866499982,23000432.78686332,12663509.0,31981014.0,0.39596957757594625,9042605.0,1385628.0,6.525992888428288,1977333.0,0.040947933499578384,704,6773312.0,1,48288956.0,0.6519830241691391,0.45,0,2685654.0,Female,Central
BRW-01847,Company_1847,Healthcare,9,466194919.0,-0.17159369020887255,0.1691066291109276,78836651.26073194,120199595.0,105063664.0,1.1440643632601242,5446254.0,729016.0,7.4706817536490915,31040644.0,4.037538968141435,707,1551302.0,3,7688010.0,0.8487024598223937,0.25,0,14704886.0,Male,North
BRW-01848,Company_1848,Telecom,27,26613563.0,0.10944183838034087,0.09309009487707841,2477459.1046871035,5857940.0,83294678.0,0.07032790173787692,54910798.0,430242.0,127.62740590782418,3846581.0,0.6078007965949335,670,3389813.0,1,6328686.0,0.7124654299606472,0.35,0,39048547.0,Male,South
BRW-01849,Company_1849,Retail,34,1981303.0,0.04484469489163145,-0.009924871592665474,-19664.177861162883,55845128.0,2767328.0,20.18015494362976,15151342.0,8332681.0,1.8183031585748741,29172709.0,4.2017731074620706,662,12869526.0,0,6942951.0,0.7718764826349684,0.5,0,16529840.0,Female,North
BRW-01850,Company_1850,Healthcare,1,26536032.0,0.08489819043414076,0.33190325251584596,8807395.32966457,10176798.0,1336686.0,7.613448772973777,42094715.0,458656.0,91.77820244758065,6040256.0,0.13450489554801429,751,3862811.0,2,44907331.0,0.872185658078455,0.25,0,17048360.0,Female,South
BRW-01851,Company_1851,Pharmaceuticals,32,27640268.0,-0.0005589311209274472,0.15947309899688483,4407879.195064428,3122469.0,19674854.0,0.1587035330120603,847397.0,4872731.0,0.17390593203155846,36938333.0,1.7672225982377785,717,179139.0,1,20901912.0,0.7687628954713772,0.2,0,359409.0,Female,North
BRW-01852,Company_1852,Manufacturing,25,66870322.0,-0.08652502880840156,0.5650522328049634,37785224.75448687,440033656.0,17951885.0,24.51183435545435,1448620.0,705077.0,2.0545528296160143,2708140.0,0.07165392035427592,639,5648410.0,0,37794721.0,0.9258522624350866,0.4,0,321437.0,Female,South
BRW-01853,Company_1853,Construction,29,23469369.0,0.17215038269411786,0.0827781836328518,1942751.7368291595,63373936.0,3747535.0,16.910827807924996,86252.0,10108592.0,0.00853254256057198,2952273.0,0.24279523250839383,471,9653531.0,0,12159517.0,0.8284756776436017,0.5,0,3881.0,Male,East
BRW-01854,Company_1854,Automotive,7,26689410.0,-0.28945958497693774,0.10239670481008813,2732907.637325414,12628730.0,4625412.0,2.730292408483307,1814677.0,1198072.0,1.5146631298760593,4488368.0,0.48562440248643546,651,1758449.0,1,9242467.0,0.7670073212428279,0.45,0,440484.0,Male,West
BRW-01855,Company_1855,Energy,3,9359560.0,-0.04023933516306044,0.07233070623960325,676983.5848919409,28035848.0,5812817.0,4.823107828251289,3099268.0,2966191.0,1.0448642569327946,31035359.0,2.285748722267619,591,11943084.0,0,13577764.0,0.8700619816700218,0.45,0,2137287.0,Female,Central
BRW-01856,Company_1856,IT Services,20,15129349.0,0.1979735239952587,0.15886073289543756,2403459.470370855,1753233.0,72713266.0,0.024111597131236038,6271136.0,1004965.0,6.240147427873182,1752688.0,0.06764394641198065,626,13443693.0,0,25910492.0,0.7189341544365238,0.2,0,2709131.0,Female,South
BRW-01857,Company_1857,Healthcare,20,52161156.0,-0.055125764005455505,0.36902614893413116,19248830.52263245,1848311.0,8310284.0,0.22241246840511486,1474142.0,147204.0,10.014211473795047,3741932.0,0.5391457626219962,594,23172499.0,0,6940482.0,0.9318658274062926,0.25,0,1072950.0,Male,Central
BRW-01858,Company_1858,Manufacturing,30,1187397.0,0.13875131296977453,0.3012164804128421,357663.54519276746,47258138.0,2410498.0,19.605126573377547,9865967.0,268056.0,36.80548166994333,6107872.0,0.17489175768668677,792,14719034.0,1,34923726.0,0.7803165357452806,0.4,0,3196573.0,Female,South
BRW-01859,Company_1859,Telecom,35,15007598.0,-0.040038864330469714,-0.0005464600301519351,-8201.052455588122,8950286.0,13560640.0,0.6600193899388679,8881797.0,203277.0,43.692859040329004,16168861.0,1.2620875446210988,792,148758412.0,2,12811203.0,0.6997514765487158,0.35,0,13115238.0,Female,West
BRW-01860,Company_1860,Financial Services,35,67784896.0,0.011623268925456912,0.3244944090956623,21995819.773130924,7034053.0,14602829.0,0.481691083166756,1606618.0,2688756.0,0.5975318706748137,4904566.0,6.122396346959003,760,18792447.0,0,801085.0,0.7995188793651296,0.3,0,806405.0,Female,East
BRW-01861,Company_1861,Automotive,39,283038478.0,0.16623807737071972,0.26193495433453534,74137670.80984639,5769485.0,4245894.0,1.3588383603456986,776345.0,1915722.0,0.4052490887252489,21135108.0,0.9830970958664781,673,4218450.0,0,21498494.0,0.6438947546383718,0.45,0,125932.0,Female,East
BRW-01862,Company_1862,IT Services,27,13289640.0,-0.11167724755946991,0.23776653919821875,3159831.709990216,11162842.0,29753774.0,0.3751739737226621,3608713.0,4047523.0,0.8915853247565673,2894353.0,1.1625046791733809,646,10873294.0,0,2489755.0,0.728732526565767,0.2,0,1795359.0,Male,Central
BRW-01863,Company_1863,Automotive,26,142957033.0,0.19179174951145186,0.09789109998714858,13994221.2112691,6068523.0,57350198.0,0.10581520388447127,3794197.0,877625.0,4.323250450647542,39173638.0,1.8670166119974394,580,3982964.0,1,20981943.0,0.6145274793794417,0.45,0,7012991.0,Male,West
BRW-01864,Company_1864,Pharmaceuticals,14,304760192.0,0.08688807386716497,0.10681076416471015,32551668.994503785,421590.0,9564318.0,0.044079458244753233,1313744.0,146451.0,8.970474967907574,27639857.0,1.26269881156311,773,2252346.0,1,21889508.0,0.8505573655287575,0.2,0,2388763.0,Female,Central
BRW-01865,Company_1865,Financial Services,17,13550397.0,0.2684658301068545,0.19644806798707212,2661949.311107818,74314222.0,2410411.0,30.830506154134646,2215940.0,9457355.0,0.23430861648858306,3762930.0,0.30446954721954983,769,685945.0,0,12358969.0,0.6214237342008384,0.3,0,141684.0,Female,East
BRW-01866,Company_1866,Automotive,18,10456007.0,0.11122249574701093,0.11362048055660676,1188016.5400432441,7528147.0,10548622.0,0.71366158407595,389731.0,6504165.0,0.059920211138522604,26190069.0,1.711225649891603,739,2733416.0,1,15304859.0,0.7376120935400061,0.45,0,110041.0,Male,North
BRW-01867,Company_1867,Telecom,29,18382107.0,-0.08042299307190214,0.3375158380906961,6204252.249977851,138626378.0,21041514.0,6.58823178844299,9045933.0,3105513.0,2.9128617678104174,1728240.0,0.0648125039259935,611,12528948.0,3,26665224.0,0.6891873852753105,0.35,0,3082898.0,Female,Central
BRW-01868,Company_1868,Manufacturing,20,21360892.0,0.3391991632911854,0.10848531886492092,2317343.1798591386,632038.0,1099657.0,0.5747586977041953,9268196.0,7519796.0,1.232506143450415,11326393.0,2.092320290867873,673,981701.0,2,5413316.0,0.6342436090347936,0.4,0,8224638.0,Female,South
BRW-01869,Company_1869,Retail,27,124054805.0,-0.06789144172032364,-0.05361172473939427,-6650792.058259232,628330.0,26109776.0,0.024064931692063092,3518273.0,1755195.0,2.0044900968324906,2718192.0,0.13835226457192312,690,6130501.0,1,19646891.0,0.7570809842028626,0.5,0,634711.0,Male,East
BRW-01870,Company_1870,Financial Services,18,7567794.0,0.04592658737990866,0.0238251667964543,180303.95433120607,5878897.0,9341738.0,0.6293150557942156,10306167.0,2725636.0,3.7811957351620924,14217319.0,0.5000476401020838,558,1975258.0,1,28431928.0,0.6482367228176171,0.3,0,6493504.0,Female,South
BRW-01871,Company_1871,Pharmaceuticals,4,242642119.0,0.22361133904426594,0.03144439526101614,7629734.696806514,38504704.0,15439828.0,2.493855599048409,3979771.0,852253.0,4.669700582220793,6887879.0,0.13334588990469473,814,3535051.0,2,51654227.0,0.7604060711441807,0.2,0,1719261.0,Male,West
BRW-01872,Company_1872,IT Services,1,7267069.0,-0.2019891662025457,0.14839823116520073,1078420.1853554642,1426164.0,10349537.0,0.13779977425079265,36924990.0,548620.0,67.305097690391,2845792.0,0.9676661627362132,591,3249831.0,1,2940881.0,0.7402803753339668,0.2,0,51452731.0,Male,East
BRW-01873,Company_1873,Real Estate,1,3624992.0,0.29595034701708095,0.20592792402831891,746487.0771792638,1345509.0,5932002.0,0.22682203633410164,467609.0,298935.0,1.5642445205662752,841347.0,0.06292846256994071,637,4738358.0,0,13369895.0,0.794215499485915,0.55,0,59248.0,Female,East
BRW-01874,Company_1874,Agriculture,26,52992758.0,-0.09263264384894702,0.18645605240103497,9880820.462523365,15524477.0,12823757.0,1.21060277338359,4424579.0,803463.0,5.50687896408551,6425349.0,1.8912737102802584,558,106223709.0,2,3397365.0,0.899026506855964,0.6,0,6025025.0,Male,Central
BRW-01875,Company_1875,Healthcare,20,152983502.0,0.011750087024364156,0.23530907972304246,35998407.068428226,5557670.0,7954876.0,0.6986493945789483,12673492.0,48368801.0,0.2620179015390954,53199487.0,16.33779484322629,683,1632294.0,2,3256221.0,0.7562738683278967,0.25,0,5703071.0,Male,Central
BRW-01876,Company_1876,Automotive,23,31578379.0,0.12332868562965137,0.1497263971139183,4728116.914367818,20097779.0,9539034.0,2.1068985489622376,30650209.0,319871.0,95.82023121748699,13610417.0,1.069635709428884,680,3377897.0,0,12724347.0,0.6078931194068367,0.45,0,32456712.0,Female,South
BRW-01877,Company_1877,Retail,10,46391490.0,0.07374412158718988,0.15397116063112362,7142951.5587071655,5709119.0,5093615.0,1.1208381236434,10733311.0,643584.0,16.6773790563795,851074.0,0.08863738381024293,778,2589049.0,0,9601749.0,0.6744849014937004,0.5,0,2897994.0,Female,Central
BRW-01878,Company_1878,Financial Services,11,453019558.0,0.198376408767568,0.3902231969162424,176778740.1883431,15834567.0,27899797.0,0.567551313453954,689023.0,2270872.0,0.30341767241056633,6259638.0,0.22416596574939882,624,376250.0,0,27924122.0,0.6883755303362973,0.3,0,43408.0,Male,North
BRW-01879,Company_1879,Automotive,5,156251770.0,-0.16012113564565755,0.3246429085513052,50726029.07908957,68971219.0,64627996.0,1.0672034134061126,273055.0,35213738.0,0.007754217750066245,52833805.0,8.405094969301262,613,12977318.0,0,6285925.0,0.7248419190446296,0.45,0,90108.0,Male,East
BRW-01880,Company_1880,Construction,1,25301851.0,0.18911770306590758,0.2289960578285477,5794024.134765297,1430708.0,5137448.0,0.2784860735357178,2533683.0,562628.0,4.503292578235391,5583001.0,0.7184122872541999,706,1024278.0,1,7771304.0,0.8282319642794644,0.5,0,1638206.0,Male,West
BRW-01881,Company_1881,Healthcare,17,12651416.0,0.2010863581660295,0.2900004570812672,3668916.422725257,52545001.0,12734456.0,4.126206637628915,5624134.0,932518.0,6.0311200093510156,2064971.0,0.18808192362509726,533,28004811.0,1,10979103.0,0.8906346819325676,0.25,0,2277774.0,Female,East
BRW-01882,Company_1882,Real Estate,22,124845596.0,0.2343838743868839,-0.051145819859243796,-6385330.363235928,689539.0,3936361.0,0.17517164325841983,13485190.0,4438406.0,3.0382950459477915,122173673.0,32.55017737275187,806,1102340.0,0,3753394.0,0.8714069394250585,0.55,0,21846008.0,Male,South
BRW-01883,Company_1883,Telecom,34,83798517.0,-0.15844911579496157,0.08129536573014709,6812431.087158948,22164553.0,23339095.0,0.9496748717259658,632095.0,4147135.0,0.15241723444806246,1756717.0,0.40739453228814504,594,6354341.0,1,4312077.0,0.9477872686600725,0.35,0,50215.0,Male,Central
BRW-01884,Company_1884,Agriculture,29,45256869.0,-0.1403402850743533,0.12813557831934355,5799015.082237772,74693509.0,19174496.0,3.895461195148952,8171043.0,861624.0,9.483293776294792,6328763.0,0.23328757594847355,845,48053867.0,1,27128589.0,0.7142818526855759,0.6,0,1764945.0,Male,East
BRW-01885,Company_1885,Manufacturing,4,14790261.0,0.028643652551223267,0.08270808455771951,1223274.1574187411,4048666.0,7313590.0,0.5535811340831064,58898.0,728849.0,0.08080949440900048,3532138.0,0.6882306441232524,636,7061486.0,0,5132200.0,0.6658428545052482,0.4,0,7296.0,Male,Central
BRW-01886,Company_1886,Automotive,5,21539856.0,-0.12412386719540512,-0.005488477057023294,-118221.00546758555,23366938.0,13265818.0,1.7614395311740647,1078152.0,3393867.0,0.31767646826570745,23659612.0,0.8161177833877501,585,1477516.0,0,28990437.0,0.8558810270806791,0.45,0,145183.0,Male,South
BRW-01887,Company_1887,Real Estate,11,19360020.0,-0.19059518491217553,0.2304652563078948,4461811.971425969,4279558.0,41380931.0,0.10341859869178394,11880585.0,1377006.0,8.627831957281263,18295313.0,1.1216971198597017,746,933827.0,0,16310385.0,0.9178523601245048,0.55,0,10794399.0,Male,Central
BRW-01888,Company_1888,Real Estate,21,15164183.0,0.022180391416825172,0.3462897311141544,5251200.853635831,21382250.0,2128981.0,10.043415115768944,547536.0,2799610.0,0.19557574248708123,2319819.0,1.2269487529102638,742,132441.0,1,1890721.0,0.8324955262623288,0.55,0,90693.0,Non-Binary,West
BRW-01889,Company_1889,Telecom,35,9803772.0,0.11511370421866468,0.17846283324007722,1749608.9275597383,300214.0,3109001.0,0.0965628198373626,624449.0,1618141.0,0.385904945301463,3111138.0,0.20599989975248664,743,2033472.0,3,15102618.0,0.8477820697040577,0.35,0,36530.0,Non-Binary,South
BRW-01890,Company_1890,Energy,12,35955692.0,0.4998469295441989,0.25778184547607835,9268724.639129467,11333064.0,29449913.0,0.3848250286910855,1486397.0,3022506.0,0.49177619770607645,10944431.0,0.730417779313066,708,422995.0,3,14983795.0,0.7921932737277939,0.45,0,179139.0,Male,East
BRW-01891,Company_1891,Telecom,26,9161560.0,0.16230127310685355,0.17489592552149233,1602319.5154206832,16079994.0,15640487.0,1.02810052985559,4263020.0,3422146.0,1.2457150438014497,12327742.0,0.9088584217691187,879,3395847.0,3,13563984.0,0.8575642809876461,0.35,0,1882335.0,Female,East
BRW-01892,Company_1892,Automotive,19,31517981.0,0.34284049998497285,0.12700334283879128,4002888.9465295095,66787262.0,13467635.0,4.959093192004892,613612.0,191505.0,3.204139818073585,6304648.0,0.8176460594522179,592,1869984.0,1,7710729.0,0.8310935531292398,0.45,0,496700.0,Female,West
BRW-01893,Company_1893,Energy,7,1035288.0,0.07337733704396344,0.2903035870821268,300547.8200630809,35600965.0,45425449.0,0.7837228910225436,3114485.0,1137540.0,2.737910106097275,5603824.0,1.614502630275641,808,4110340.0,1,3470928.0,0.6323558272277651,0.45,0,4543161.0,Male,North
BRW-01894,Company_1894,Energy,7,9822525.0,0.16393489893009405,0.008617087103091114,84641.55349729005,6977114.0,34117492.0,0.20450254067612764,1709535.0,2959222.0,0.5776972536371878,1407138.0,0.041207113553763816,571,629305.0,0,34147938.0,0.8328076264886378,0.45,0,97772.0,Male,Central
BRW-01895,Company_1895,Retail,26,125459531.0,0.05807934567008381,-0.04360832951346788,-5471080.568453139,13284350.0,114733759.0,0.11578414234833757,18567030.0,5244521.0,3.5402711629391583,142576311.0,17.760330606308383,832,1605225.0,1,8027795.0,0.6750686836445361,0.5,0,33420654.0,Male,East
BRW-01896,Company_1896,Retail,5,6257906.0,0.4824684825075334,0.006924021370749434,43329.874880141106,1015433.0,42880336.0,0.023680620793628558,1582203.0,1331243.0,1.1885146524604056,23152046.0,6.302834936126481,728,7717138.0,0,3673274.0,0.7309582049214391,0.5,0,1128283.0,Female,West
BRW-01897,Company_1897,IT Services,21,58711897.0,-0.02283862952935871,0.2824305573931306,16582033.795318073,104647949.0,27532305.0,3.800914787159492,3410977.0,216759.0,15.736192101863812,8965125.0,0.6385111509271886,824,5470022.0,2,14040670.0,0.8318617190290192,0.2,1,3136243.0,Female,Central
BRW-01898,Company_1898,Financial Services,14,7089138.0,-0.002496145019978621,0.19046533282633046,1350235.0286217867,25058887.0,13732106.0,1.8248391889168938,4195427.0,8876687.0,0.47263427530628543,38428189.0,9.089151918272776,771,223889.0,2,4227917.0,0.6637741055768773,0.3,0,1762079.0,Non-Binary,South
BRW-01899,Company_1899,Financial Services,4,77336647.0,0.1994811031484306,0.22518455750961439,17415018.633972246,545059.0,12323321.0,0.04422987567800306,1741738.0,5535994.0,0.3146205876269758,6543533.0,1.9023186744916152,526,11218716.0,0,3439766.0,0.7417233756413073,0.3,0,695802.0,Female,West
BRW-01900,Company_1900,Pharmaceuticals,23,15468814.0,0.1111209355458989,0.3812307592149059,5897187.705374165,12851622.0,14593866.0,0.8806180020689512,10371290.0,2250266.0,4.608915297606906,2619149.0,0.4290561105974598,672,694992.0,0,6104443.0,0.9469834453403849,0.2,0,6407806.0,Female,South
BRW-01901,Company_1901,Manufacturing,20,14578087.0,0.01637569947843262,0.040399239053861835,588943.6216609955,14411120.0,19145453.0,0.7527175902958477,14166922.0,1135501.0,12.476351428707304,14931455.0,3.268653645134986,599,335205.0,1,4568074.0,0.9259451294496601,0.4,0,30600552.0,Female,South
BRW-01902,Company_1902,Financial Services,15,26206741.0,0.22405657231072346,0.3245004442996641,8504099.098146224,2783123.0,3443238.0,0.8082863257531644,1569946.0,4074981.0,0.3852645238678355,10946271.0,3.0671583450644238,819,2383353.0,0,3568863.0,0.6865761541916884,0.3,0,659377.0,Female,South
BRW-01903,Company_1903,Retail,29,3219896.0,0.07382792529033165,0.1324410703021645,426446.4725016583,10275760.0,20101659.0,0.5111896231455512,5074205.0,1148604.0,4.417711049490469,110743724.0,5.564001068549715,764,125008581.0,0,19903612.0,0.793715273645182,0.5,0,9133569.0,Male,Central
BRW-01904,Company_1904,IT Services,8,103816578.0,0.07277049088289174,0.11419669497039138,11855510.090735845,2393530.0,10940786.0,0.21877128217558756,813179.0,5672905.0,0.1433443459137169,2941403.0,0.37091770576018945,712,2010703.0,0,7930068.0,0.8080722728897608,0.2,0,72389.0,Male,North
BRW-01905,Company_1905,IT Services,19,170654254.0,0.11458734612933363,0.18974644527019244,32381038.06673652,1080683.0,22487294.0,0.0480574920193825,7615548.0,17125973.0,0.4446782413660093,2096538.0,0.06744235713086981,667,3844210.0,0,31086368.0,0.8989604855314672,0.2,0,548319.0,Female,South
BRW-01906,Company_1906,Energy,39,14075591.0,-0.18011810342685075,0.2085283506815834,2935159.776098539,3541212.0,7324897.0,0.4834486432439059,4635407.0,1104435.0,4.19708068190461,207753257.0,54.94709345673027,733,9281266.0,0,3780968.0,0.8949384921135555,0.45,0,9178106.0,Female,East
BRW-01907,Company_1907,Pharmaceuticals,28,53026707.0,-0.1589880987684154,0.15473494325121123,8205084.498443605,11494571.0,6640448.0,1.7309930397778825,1893787.0,5058244.0,0.3743960602936394,52524436.0,33.25979646875635,623,899060.0,1,1579216.0,0.6707866424664348,0.2,0,909018.0,Male,Central
BRW-01908,Company_1908,Telecom,27,77700016.0,0.2430343418880212,0.2532377161273958,19676574.594902113,35765618.0,19323976.0,1.8508414701590672,5362274.0,903313.0,5.9362237272974845,23093164.0,2.2395540668618468,722,5255404.0,0,10311500.0,0.6598440031134907,0.35,0,12547721.0,Female,Central
BRW-01909,Company_1909,Manufacturing,4,21064794.0,-0.02154425063762569,0.19022916921732924,4007138.2623541816,9867210.0,25977063.0,0.3798431570249817,7954779.0,6802682.0,1.1693590602413784,3187194.0,0.05606029518425292,690,958657.0,0,56852964.0,0.7539991107764448,0.4,0,1004615.0,Non-Binary,South
BRW-01910,Company_1910,Automotive,15,4581923.0,0.06005729776854571,0.1560802059897048,715147.4856689662,36293058.0,7097684.0,5.113365555107053,20698705.0,1475001.0,14.033001311184663,16627751.0,1.1003152038667514,634,7590790.0,1,15111806.0,0.8467052665680094,0.45,0,22547349.0,Female,East
BRW-01911,Company_1911,Energy,35,263911189.0,0.32186579541843896,0.13004590370642627,34320569.07174246,23512779.0,71345770.0,0.32956093501323297,5934084.0,11267074.0,0.5266747580893888,1282287.0,0.005792342798432721,755,6003818.0,0,221376227.0,0.6235547141662594,0.45,0,309408.0,Male,West
BRW-01912,Company_1912,Telecom,37,13406061.0,0.06681988161056229,0.20860157588611794,2796525.4510254264,1880227.0,70761053.0,0.026571495105202927,12392668.0,1420898.0,8.721709284051858,4113948.0,0.33215103616850783,850,5249580.0,1,12385774.0,0.7316131631516707,0.35,0,4815998.0,Female,Central
BRW-01913,Company_1913,Financial Services,1,9687024.0,0.04848667788392585,0.017201060706467347,166627.08788900616,23246254.0,2193938.0,10.595670162205968,56927156.0,675184.0,84.31341928508483,1551612.0,0.1379660865336591,585,4248456.0,0,11246328.0,0.6711752581918742,0.3,0,21518465.0,Male,South
BRW-01914,Company_1914,Pharmaceuticals,3,282217299.0,0.2144116384242934,0.05106434040240143,14411240.223582305,24230315.0,5766453.0,4.201943690177707,693184.0,1327466.0,0.5221854855902256,2871769.0,2.789327632494007,775,67150378.0,0,1029555.0,0.9488509778991246,0.2,0,347492.0,Male,South
BRW-01915,Company_1915,Energy,24,60314805.0,-0.009739737482928959,0.13590599169645823,8197143.387503497,121169575.0,16843056.0,7.194036985091246,18943732.0,1517123.0,12.486607554820832,1487997.0,0.10915285185874184,635,4668842.0,1,13632231.0,0.7923881396936239,0.45,0,5626288.0,Female,North
BRW-01916,Company_1916,Healthcare,27,35539138.0,0.2604393843923059,0.24538500716275066,8720771.632687984,16452394.0,22860604.0,0.7196832279810618,874386.0,2632952.0,0.3320932808143556,25237835.0,2.3993238536066337,746,7262424.0,0,10518727.0,0.6451678197880155,0.25,0,393474.0,Female,North
BRW-01917,Company_1917,Financial Services,36,5631346.0,0.21133368791547197,0.43714201484698284,2461697.9367404976,1394420.0,189293252.0,0.007366453784805526,1121104.0,1336219.0,0.8390115400158656,129751492.0,21.94529148255103,650,5688678.0,1,5912497.0,0.8316183508685475,0.3,0,790120.0,Male,West
BRW-01918,Company_1918,Telecom,34,80535295.0,0.35454997929625054,0.16088092369396764,12956592.649566174,3870440.0,17349481.0,0.22308677573197863,3211666.0,2661988.0,1.2064910861765394,38433866.0,4.9591202117949384,676,728295.0,0,7750137.0,0.6957070880947016,0.35,0,3022380.0,Female,West
BRW-01919,Company_1919,Manufacturing,29,1861741000.0,-0.02355145649157986,-0.03290775496029155,-61265716.62752815,551923.0,12740684.0,0.043319727314504675,1240412.0,2718921.0,0.4562146321225839,27336169.0,3.293074731710514,683,1031952.0,0,8301107.0,0.7198138112049741,0.4,0,446548.0,Male,West
BRW-01920,Company_1920,Automotive,24,90491049.0,0.28504619693036204,0.08517029884412408,7707149.686048276,19109885.0,3739108.0,5.110812495704191,965259.0,1187160.0,0.8130817976668708,5366674.0,0.7229956768510124,808,643329.0,0,7422829.0,0.8967235717759952,0.45,0,187253.0,Female,West
BRW-01921,Company_1921,Telecom,24,50836886.0,0.16311381605058894,0.2590670219510676,13170160.661285922,106212388.0,2185878.0,48.5902412713604,2985844.0,2940485.0,1.0154253412531127,11855165.0,0.16506089917521657,692,1010661.0,3,71822975.0,0.6787836604609583,0.35,0,354732.0,Female,South
BRW-01922,Company_1922,Energy,4,71245285.0,-0.11880495755125327,0.06356614692612628,4528788.254103741,246047.0,12479443.0,0.01971618286840343,1983010.0,981179.0,2.021046087364194,1779145.0,0.29011012197981495,672,1528986.0,0,6132653.0,0.9106156233905204,0.45,0,396768.0,Male,South
BRW-01923,Company_1923,Energy,3,14765841.0,-0.3094264636666984,0.0233105690545867,344200.15627954755,113163645.0,173010394.0,0.6540858137454689,1205067.0,21851429.0,0.055148198538951455,1265822.0,0.1202621246921175,693,2414906.0,0,10525524.0,0.6952300661998208,0.45,0,59651.0,Male,South
BRW-01924,Company_1924,Automotive,34,14556147.0,-0.039704032314299434,0.2584402681936894,3761894.534546768,18734106.0,11363051.0,1.6486861100345225,783147.0,2838959.0,0.275857003973286,1005171.0,0.16941045248154205,851,2372787.0,0,5933346.0,0.603161082127317,0.45,0,38766.0,Non-Binary,East
BRW-01925,Company_1925,Real Estate,23,14279447.0,0.12385217110186292,0.23578560730714954,3366888.0829052543,1767590.0,5796252.0,0.3049539072914864,27721641.0,4134140.0,6.7055383452088355,1425159.0,0.07326756199749201,744,7759426.0,0,19451431.0,0.614706498865883,0.55,0,6736359.0,Male,West
BRW-01926,Company_1926,Manufacturing,23,10196704.0,0.1456021898911711,0.0032951108691844366,33599.27018025642,13059703.0,25203244.0,0.518175457168313,540203.0,1568433.0,0.3444218883293782,24909619.0,2.3490259974483774,651,24786346.0,3,10604232.0,0.6699153899300483,0.4,0,194473.0,Male,East
BRW-01927,Company_1927,Construction,5,14236686.0,0.07113784020724026,0.07260079854531828,1033594.7722389532,1855210.0,1320237.0,1.4052087578148789,2542048.0,835081.0,3.0440699236721662,29360167.0,4.371297799073011,819,18156427.0,1,6716578.0,0.7629189015196043,0.5,0,4575686.0,Male,Central
BRW-01928,Company_1928,Financial Services,31,14137469.0,0.07248059511154509,0.3293604212180994,4656322.744797822,17203607.0,16113183.0,1.0676727206739525,17485526.0,5406976.0,3.233882074956117,2298363.0,1.7747771261336742,714,4962678.0,0,1295014.0,0.713811398462741,0.3,0,39101469.0,Male,Central
BRW-01929,Company_1929,IT Services,6,16734336.0,0.06110097498497149,0.28234131241132093,4724794.388572015,9772096.0,39399111.0,0.24802833119690618,11010071.0,2945719.0,3.737650217943321,13802843.0,1.2178375571681228,630,940393.0,3,11333894.0,0.6951620633795675,0.2,0,19308208.0,Female,South
BRW-01930,Company_1930,Automotive,37,16046205.0,0.23468257006075355,0.03631541810385866,582724.6435552273,14563302.0,4699323.0,3.0990206250941625,4641613.0,86170.0,53.865140244397764,49275361.0,7.5572762962915245,731,15774955.0,1,6520253.0,0.9470594665026164,0.45,0,9190394.0,Male,Central
BRW-01931,Company_1931,Manufacturing,10,34778773.0,-0.13544345474246078,-0.058666722589414216,-2040356.6275912093,2239114.0,75726879.0,0.029568285396149953,1282776.0,19990714.0,0.06416859026803193,7075402.0,0.8460941193043313,687,1431153.0,0,8362428.0,0.9141718226664652,0.4,0,195363.0,Female,South
BRW-01932,Company_1932,IT Services,7,27185370.0,0.12024347863014173,0.21222214990330457,5769337.667316799,2785726.0,32333651.0,0.08615562510538556,3178338.0,4806069.0,0.6613174589633526,2913775.0,1.0697419901747955,429,6272376.0,0,2723810.0,0.7410293037723981,0.2,0,1079271.0,Male,West
BRW-01933,Company_1933,Manufacturing,39,31047961.0,-0.04341269137945622,0.14447184057135243,4485556.071657568,18863363.0,76553889.0,0.2464063289272433,605551.0,1255099.0,0.4824723129631105,4757013.0,0.1276897619154797,726,4984984.0,1,37254458.0,0.9477129109499818,0.4,0,32700.0,Female,East
BRW-01934,Company_1934,Manufacturing,38,236970530.0,-0.05598115975861516,0.2018090276072486,47822792.23087433,4180371.0,2809241.0,1.488077922799104,2131418.0,4101072.0,0.5197220337214188,76005608.0,3.6312410455903072,613,665213.0,1,20931027.0,0.631883022229276,0.4,0,797576.0,Female,South
BRW-01935,Company_1935,Telecom,21,27101547.0,0.2564345845860254,0.25615943326127255,6942316.920023741,11111895.0,11794689.0,0.9421099664340479,2083580.0,3288601.0,0.6335762126277367,8005903.0,0.2154521773259106,598,1485389.0,1,37158607.0,0.7786180503712228,0.35,0,154452.0,Male,North
BRW-01936,Company_1936,Manufacturing,20,665691221.0,-0.06748946153799139,0.06524766991247734,43434801.051442005,17530895.0,44302510.0,0.3957088346527356,2408333.0,3592434.0,0.67039013927879,218781514.0,7.819376372058207,544,7058071.0,1,27979406.0,0.8597815235382074,0.4,0,1162456.0,Non-Binary,North
BRW-01937,Company_1937,Real Estate,3,40998019.0,0.05907226491502075,0.12814253680969215,5253590.158831958,6365900.0,2427978.0,2.621892528724507,1002478.0,697573.0,1.4370919787721446,3264603.0,0.20317885049894097,710,2599439.0,1,16067631.0,0.8121625906408403,0.55,0,116693.0,Male,West
BRW-01938,Company_1938,Construction,22,12349308.0,0.3737747602818492,0.07211297715530413,890545.3656878144,50256566.0,45648715.0,1.100941502932963,256832.0,2159499.0,0.11893123408196342,4159031.0,1.4667876813324356,688,257987507.0,2,2835468.0,0.6522282562759989,0.5,0,56508.0,Female,East
BRW-01939,Company_1939,Energy,4,182886236.0,0.2057115452122512,0.07641179604234115,13974665.76418347,6727232.0,11806771.0,0.5697774124883583,21376011.0,2849025.0,7.502918892281081,1079486.0,0.01922792511610157,775,1676538.0,0,56141574.0,0.6254824941825594,0.45,0,6348675.0,Non-Binary,South
BRW-01940,Company_1940,Agriculture,28,21438718.0,0.011754453055943276,0.24777110319893156,5311894.810030792,6430975.0,45242823.0,0.14214353639817,15319765.0,8695284.0,1.7618473690051561,44392593.0,12.63180758888557,636,720596.0,3,3514349.0,0.909317756832938,0.6,0,12955722.0,Female,West
BRW-01941,Company_1941,IT Services,12,666286.0,0.024144041239117862,0.19728822976132981,131450.3854547574,3445027.0,19019286.0,0.18113334111841312,12139576.0,2242557.0,5.413271808354566,10235295.0,1.5064563075501973,661,3646495.0,3,6794285.0,0.6777137781155482,0.2,0,26334347.0,Female,East
BRW-01942,Company_1942,Energy,38,24010344.0,-0.10408043479874395,-0.007553012413288401,-181350.4262793247,42286271.0,79637186.0,0.5309864975517028,5766806.0,3326503.0,1.7335935865401033,2302876.0,0.12780712128788563,858,2016076.0,3,18018369.0,0.7476205086242144,0.45,0,989732.0,Male,North
BRW-01943,Company_1943,Agriculture,36,16621976.0,0.2750967863399078,0.26701243702998145,4438274.320013863,3076145.0,3108678.0,0.9895344614223598,4220836.0,665086.0,6.346291537798814,5189044.0,0.2740401085905749,542,249497.0,1,18935344.0,0.7450740348174296,0.6,0,911701.0,Male,South
BRW-01944,Company_1944,Construction,5,268892191.0,0.23170277118816013,0.13799159105061606,37104861.257176146,58336311.0,21744781.0,2.6827728601739946,1154839.0,2149484.0,0.5372631118616785,18405999.0,1.1687682080298305,797,11446073.0,3,15748202.0,0.6771917573364608,0.5,0,217550.0,Male,East
BRW-01945,Company_1945,Construction,13,6284834.0,0.18299034108046716,0.2725398488193506,1712867.7082147147,11349328.0,2388370.0,4.751911658615851,1355608.0,5612383.0,0.24153871153506246,2570915.0,0.4317367390220462,637,14460408.0,0,5954820.0,0.8720043596249148,0.5,0,87790.0,Non-Binary,Central
BRW-01946,Company_1946,IT Services,23,14665638.0,0.19952494172137078,0.05823143448645149,854001.1383990134,496523921.0,24238333.0,20.48506803314122,29006578.0,872381.0,33.249858433576115,14848369.0,3.065871654916309,900,11765306.0,0,4843114.0,0.7641342612087646,0.2,0,83538945.0,Non-Binary,South
BRW-01947,Company_1947,IT Services,30,161733272.0,-0.03617869140961355,0.06891743775628432,11146242.706180202,3299595.0,21712179.0,0.15196976996321881,40806870.0,1244555.0,32.7882955849315,34250335.0,0.3056466219890934,757,5286362.0,0,112058607.0,0.8382265845922168,0.2,0,17960374.0,Male,Central
BRW-01948,Company_1948,Construction,37,43645590.0,-0.1521868664103776,0.21020547577280016,9174542.011334568,60176403.0,10406094.0,5.782803539656326,2477771.0,623622.0,3.9731873263173423,4637465.0,0.5428035585240876,649,2669799.0,0,8543541.0,0.9169206792582199,0.5,1,1210449.0,Male,West
BRW-01949,Company_1949,Agriculture,25,18677213.0,0.16408106379557136,0.048424789419639014,904440.1064707442,19103134.0,5719794.0,3.3398284379073027,3287527.0,389843.0,8.432929582089246,544534.0,0.07203933194537841,588,4235092.0,0,7558842.0,0.9132221940551887,0.6,1,710106.0,Male,East
BRW-01950,Company_1950,Automotive,27,7766044.0,0.21328368104320916,0.14701425951098804,1141719.2079897516,4111789.0,9915015.0,0.4147032137920907,9805778.0,705811.0,13.892903492714774,5922952.0,1.3605672575446282,732,2720560.0,0,4353295.0,0.9022349852811973,0.45,0,13208006.0,Male,East
BRW-01951,Company_1951,Manufacturing,14,40940019.0,0.3210570024690444,0.03479118451688709,1424351.7551538635,19492094.0,16472176.0,1.1833344190024184,3761017.0,3893373.0,0.966004550294937,4173345.0,0.36771688017535464,547,1263821.0,0,11349342.0,0.7347850528833066,0.4,0,480951.0,Male,East
BRW-01952,Company_1952,Financial Services,36,23116294.0,0.04986646905898568,0.13303563203140195,3075290.7825137046,18118264.0,20604584.0,0.8793316633166841,4212437.0,1475738.0,2.8544593590058946,1372205.0,0.12667969770911097,755,32960768.0,1,10832082.0,0.9129594305679415,0.3,0,1515053.0,Female,East
BRW-01953,Company_1953,Pharmaceuticals,39,7635020.0,0.027987308212952117,0.17617749218341228,1345118.6763701965,5400986.0,148899058.0,0.03627280142851675,2988557.0,708627.0,4.217384862015049,21426796.0,2.4507128889372827,588,21800781.0,1,8743086.0,0.7504636550934393,0.2,0,8607044.0,Female,South
BRW-01954,Company_1954,Healthcare,16,8254179.0,0.04411096929958163,0.18183095218809103,1500865.227100945,16893193.0,41787164.0,0.40426750654178145,800704.0,27096367.0,0.029550233448261406,22714036.0,1.7450215223333438,622,8800506.0,0,13016478.0,0.7440960297079591,0.25,0,314380.0,Female,Central
BRW-01955,Company_1955,Pharmaceuticals,22,7119100.0,0.1806115738149332,0.13623032744803815,969837.3241353284,50889257.0,7244288.0,7.024741420448577,1868192.0,854156.0,2.1871763621910256,12327079.0,0.23782300298012865,475,1724145.0,0,51832996.0,0.6336362214573381,0.2,1,588393.0,Female,Central
BRW-01956,Company_1956,Energy,21,5450220.0,0.03768660759871305,0.22000203603817658,1199059.4968559907,19135030.0,29363142.0,0.6516683176593187,2675109.0,4195359.0,0.6376351493078067,4637899.0,0.9463189980634521,710,7858908.0,1,4900988.0,0.73076819128607,0.45,0,532679.0,Female,West
BRW-01957,Company_1957,Telecom,21,98056131.0,0.07216413698549902,0.19773588546144458,19389215.888208404,4738458.0,42185322.0,0.11232480073697669,74597.0,2956649.0,0.025230243687957656,10882671.0,1.173039750143495,722,2286728.0,1,9277324.0,0.6050442556914746,0.35,0,17064.0,Female,West
BRW-01958,Company_1958,Energy,8,80124324.0,0.20465793368584306,0.16927600035158358,13563125.097594397,4354614.0,6668061.0,0.6530554155015356,3727580.0,2670605.0,1.395780583133566,3351317.0,0.720876266872362,702,2155859.0,0,4648948.0,0.9391525970207079,0.45,0,1237710.0,Male,East
BRW-01959,Company_1959,Telecom,16,98297749.0,-0.01387542328506039,0.1048979360746675,10311230.990885712,7794159.0,34024358.0,0.2290758512158892,106520586.0,220344.0,483.4263813565091,24819223.0,2.080130353328996,562,3191028.0,3,11931570.0,0.7035488521742084,0.35,0,249258171.0,Male,North
BRW-01960,Company_1960,Agriculture,31,24318534.0,0.2886730978132645,0.30818924994942104,7494710.753329494,47142855.0,2460608.0,19.159019169644587,1716755.0,9103618.0,0.18857939902801293,4609457.0,0.915843171694132,814,6334482.0,1,5033019.0,0.9407319726814348,0.6,0,188673.0,Male,North
BRW-01961,Company_1961,Telecom,10,16786018.0,0.17496335109898642,0.22635446498791129,3799590.1236674488,2868548.0,6382857.0,0.4494143532568013,3435556.0,2909163.0,1.1809427038145666,6088143.0,1.1586974780080084,687,1792132.0,0,5254298.0,0.6947178477438538,0.35,0,1833414.0,Female,East
BRW-01962,Company_1962,IT Services,32,17251796.0,-0.19864309440104727,0.055666936332960534,960354.6295612232,16001560.0,2652261.0,6.033174701443523,926594.0,5972988.0,0.15513070591625064,6898364.0,3.3411589887352022,658,2653527.0,1,2064661.0,0.8149524267785876,0.2,0,444765.0,Non-Binary,Central
BRW-01963,Company_1963,Automotive,34,111736319.0,0.0026968705207452703,0.2578660650828591,28813004.907373104,852816.0,11372760.0,0.07498759536052854,633586.0,7774923.0,0.08149095733926146,1194305001.0,121.87980892820204,764,23580008.0,0,9799038.0,0.7360422821125936,0.45,0,209083.0,Female,West
BRW-01964,Company_1964,Financial Services,9,1575020.0,-0.22365152473091632,0.28505923643432113,448973.99856878445,21680358.0,8298833.0,2.6124583284832545,2053102.0,15500832.0,0.13245107537123973,1925130.0,0.1409618956300736,664,265456.0,0,13657094.0,0.8416616747690817,0.3,0,129345.0,Non-Binary,South
BRW-01965,Company_1965,Financial Services,17,11164737.0,0.05049809025697993,0.1702122288849387,1900374.7696841438,27443951.0,9098799.0,3.016216534048446,8407963.0,598378.0,14.051233415611176,4387823.0,0.07683211089821307,735,15029334.0,3,57109233.0,0.8943132362965728,0.3,0,3178210.0,Male,North
BRW-01966,Company_1966,IT Services,11,6381933.0,0.005253334381919647,0.17818952087104728,1137193.5835011255,186032555.0,38980464.0,4.772456023805771,2302186.0,836915.0,2.75079697365088,803523.0,0.0565437030554681,637,2683299.0,2,14210653.0,0.6967706186687511,0.2,0,911930.0,Female,West
BRW-01967,Company_1967,Automotive,32,185734969.0,0.20522821388002832,-0.06706448152598557,-12456219.397230003,35602969.0,16333012.0,2.1798163633372485,1865210.0,986159.0,1.891386793218139,13010703.0,2.2955371769594155,765,1638991.0,0,5667824.0,0.6333828669054696,0.45,0,2328370.0,Female,North
BRW-01968,Company_1968,Real Estate,10,11802403.0,-0.05215275234330009,0.07878707080119304,929876.7607852132,4868024.0,38278070.0,0.12717526962108408,6874941.0,701136.0,9.805417486168894,119249187.0,52.269056639004425,763,2075765.0,0,2281448.0,0.8857461447049878,0.55,0,11137404.0,Female,Central
BRW-01969,Company_1969,Pharmaceuticals,22,2076131.0,0.13816025029017348,0.28124332996231843,583897.9958779982,889248.0,103142318.0,0.008621562988127114,4413355.0,9684277.0,0.4557236997946569,6302104.0,2.4053143516884057,663,3325090.0,0,2620074.0,0.6277539495787398,0.2,0,2118410.0,Non-Binary,Central
BRW-01970,Company_1970,Agriculture,17,33771758.0,0.16532714142026508,0.08608521621569518,2907249.089414133,19216786.0,180926080.0,0.10621346515541892,4969902.0,594908.0,8.354054149458152,3391049.0,1.3941400097600725,712,13157144.0,0,2432358.0,0.9009362617784097,0.6,0,4988692.0,Female,East
BRW-01971,Company_1971,Pharmaceuticals,4,13864313.0,0.11857922783420213,0.16081896933823497,2229644.5272426927,5439331.0,12387953.0,0.43908227298874375,19490577.0,1257827.0,15.495423062612694,8111637.0,0.13956402768219456,698,4253258.0,2,58121258.0,0.6925183411076641,0.2,0,8419929.0,Male,East
BRW-01972,Company_1972,Real Estate,25,10476097.0,0.2510185372658793,0.07696558439210802,806298.9277534096,14667630.0,27831927.0,0.5270073276993243,16142262.0,279904.0,57.6705024919169,41953613.0,3.540487878565395,689,1563440.0,0,11849669.0,0.6141941946373479,0.55,0,26150464.0,Male,North
BRW-01973,Company_1973,Real Estate,21,8974987.0,0.39024332762628133,0.20769787017980765,1864085.6847914613,3016846.0,12167624.0,0.24794041565219177,30818017.0,4772798.0,6.457011284154225,70574861.0,14.227127491440523,604,9214226.0,2,4960583.0,0.8984201913853168,0.55,0,49925188.0,Female,North
BRW-01974,Company_1974,Energy,37,8459265.0,0.09679129140486012,0.227249106617147,1922360.4138877,6853059.0,49478030.0,0.13850710833662722,530064.0,1701184.0,0.31158515975628753,1847530.0,0.542926973907897,616,2830542.0,0,3402906.0,0.7977184836356264,0.45,0,47485.0,Non-Binary,West
BRW-01975,Company_1975,Construction,38,69918475.0,0.14077692753355525,0.23045695940822192,16113199.15495978,693858.0,39178087.0,0.01771035891286987,11826853.0,5722825.0,2.0666106220947484,23849136.0,6.317769071214566,669,7207444.0,3,3774929.0,0.8318898811745602,0.5,0,14664900.0,Male,East
BRW-01976,Company_1976,Energy,1,33790189.0,-0.05204154307481655,0.04327668484719588,1462327.3602801848,1849990.0,6631577.0,0.27896678588414403,38598902.0,4598320.0,8.394129509444861,7629735.0,1.5791122349022417,705,4912168.0,0,4831660.0,0.8140327874355656,0.45,0,60342478.0,Female,Central
BRW-01977,Company_1977,Construction,25,17949115.0,-0.07292851210348637,0.1928042528203864,3460665.70636219,1497181.0,7912508.0,0.18921697277058389,282382.0,276584.0,1.0209591987996456,77343657.0,2.3338374252213074,629,664721.0,0,33140121.0,0.6864010913038782,0.5,0,172980.0,Female,West
BRW-01978,Company_1978,Healthcare,36,4651227.0,0.2350744475499092,0.3691883713586268,1717178.9209492716,32906631.0,77303951.0,0.4256785086485617,3171954.0,2475395.0,1.281392552949104,277912480.0,32.22556651660052,701,7706788.0,0,8623974.0,0.7185838736055542,0.25,0,3658066.0,Male,West
BRW-01979,Company_1979,Telecom,17,18749169.0,0.21522882591550369,0.26981864861815935,5058875.442293487,2569196.0,7579789.0,0.33895345385558173,1447139.0,535599.0,2.7019025392083647,136369117.0,65.25756111146735,516,277531.0,0,2089705.0,0.6109595624380133,0.35,0,3049822.0,Male,South
BRW-01980,Company_1980,Automotive,24,35710017.0,-0.07444298112568946,0.19119974833093067,6827746.263293256,70202544.0,12811395.0,5.479695108948315,3151840.0,2348657.0,1.3419748639435798,2024088.0,0.022599454686808677,700,2812954.0,1,89563576.0,0.8850821738252522,0.45,0,418739.0,Male,Central
BRW-01981,Company_1981,Construction,2,37806125.0,-0.1162330813764209,-0.051716921024524826,-1955216.3808683136,2607322.0,32935086.0,0.07916548087454574,18264456.0,981370.0,18.611163362275835,2514927.0,0.8850733242066662,706,718791.0,0,2841489.0,0.7598586957359419,0.5,0,14548845.0,Male,West
BRW-01982,Company_1982,Pharmaceuticals,15,30747725.0,-0.017310520702088453,0.15007722262682466,4614533.170093382,206107225.0,12010709.0,17.160286527607443,402881.0,17900342.0,0.022506887158530983,112858614.0,22.93081011406217,765,169569.0,1,4921701.0,0.7928058491033406,0.2,0,193383.0,Male,South
BRW-01983,Company_1983,IT Services,32,6053281.0,0.058793304584883396,0.37756386967771316,2285500.1986065772,477705.0,92318786.0,0.005174515562038309,4720766.0,48453390.0,0.09742901172799237,7603046.0,0.23082742828955027,813,4730544.0,0,32938225.0,0.6284003618759876,0.2,0,339895.0,Male,East
BRW-01984,Company_1984,Energy,39,656866.0,0.018631038727513385,0.33823282032157187,222173.63975334962,16792664.0,50613414.0,0.33178286823760067,1401532.0,1478092.0,0.9482028532710729,2802034.0,0.20819219666181757,754,11407292.0,1,13458880.0,0.946283268633064,0.45,0,131565.0,Male,Central
BRW-01985,Company_1985,Automotive,6,359213738.0,0.10407723024983791,0.23537019897437544,84548208.98738916,9415775.0,5070737.0,1.8568845402779635,19124149.0,2232763.0,8.565235286846258,1150811.0,0.20719399928127344,843,3118740.0,1,5554267.0,0.6037903597315171,0.45,0,5679872.0,Female,East
BRW-01986,Company_1986,Agriculture,1,3387303.0,0.21755937685589083,0.09368035054862542,317323.7324544105,1443870.0,7256383.0,0.1989792712182817,6146551.0,127760.0,48.109759629307845,10957624.0,4.224549569607799,697,22450622.0,1,2593796.0,0.782092989969615,0.6,0,8851033.0,Female,South
BRW-01987,Company_1987,Automotive,23,1267508.0,0.14931565681324074,0.18627347789345408,236103.1234177762,3888767.0,29653000.0,0.1311424432218513,2580207.0,275640.0,9.3607518475118,4789787.0,1.4172045034193428,703,3271638.0,0,3379742.0,0.7310611234682409,0.45,0,3620114.0,Female,Central
BRW-01988,Company_1988,Telecom,39,29378493.0,0.16041814965261855,0.27281770000626304,8014972.889910099,6004848.0,13764059.0,0.4362701121616732,1113284.0,3151665.0,0.3532366691140495,15958403.0,4.445942267729899,764,4265222.0,1,3589430.0,0.8239816054679996,0.35,0,434181.0,Female,North
BRW-01989,Company_1989,Healthcare,17,1862113.0,-0.2877304591613316,0.29286470323551167,545347.1711359883,12925458.0,1427349.0,9.05556310645602,176156408.0,1907227.0,92.36253242926384,11819664.0,1.3208074318650163,691,924008.0,0,8948816.0,0.6516156656065755,0.25,0,314102735.0,Non-Binary,North
BRW-01990,Company_1990,Construction,34,7223151.0,-0.16208545301786237,0.21751443667749953,1571139.6208015175,2181176.0,4569620.0,0.47732098570100234,4974487.0,3287200.0,1.5132895737133203,1434876.0,0.13339069783959048,673,7828239.0,0,10756941.0,0.753304219208566,0.5,0,677506.0,Female,North
BRW-01991,Company_1991,Healthcare,29,55023759.0,-0.039468521146908644,0.28260476192611794,15549976.312475089,16818341.0,19402536.0,0.8668114381124489,388508.0,760984.0,0.5105330591273153,2607090.0,0.34041143575807936,809,7319743.0,1,7658643.0,0.7180161723125823,0.25,0,30384.0,Non-Binary,West
BRW-01992,Company_1992,Agriculture,9,344991695.0,-0.014709047223925964,0.17295689044045925,59668690.794983335,10634200.0,42655149.0,0.2493063557389905,968871.0,2851047.0,0.339829774875765,36650867.0,4.289462088430582,757,1746438.0,0,8544396.0,0.7228833521787632,0.6,0,232529.0,Male,North
BRW-01993,Company_1993,Real Estate,13,43196400.0,0.20597417524088502,0.16765120042912016,7241928.314216446,28595992.0,43393336.0,0.6589949973195194,6070326.0,95282.0,63.708384496709805,41828473.0,13.461191862616813,752,477748.0,1,3107337.0,0.8226062510357937,0.55,0,9833928.0,Female,West
BRW-01994,Company_1994,Financial Services,6,12500274.0,-0.05183521472021972,0.12493019738735972,1561661.6982160807,2437435.0,154453609.0,0.01578101670786458,1093573.0,954495.0,1.145707263309642,5090309.0,0.42729224385741726,630,347852.0,0,11912944.0,0.9234031514676845,0.3,0,224851.0,Female,West
BRW-01995,Company_1995,Agriculture,6,22361933.0,0.18003914920360525,0.23094441988419978,5164363.644174343,4809004.0,6390012.0,0.7525812545295292,1315185.0,3470722.0,0.37893689585714563,11571717.0,0.36187943484758395,775,14817292.0,3,31976718.0,0.6673028208670825,0.6,0,57113.0,Male,South
BRW-01996,Company_1996,Retail,20,1602573.0,-0.0377658608209447,0.3000408326680586,480837.3373313487,77297917.0,6767478.0,11.421966289071603,14344666.0,15185949.0,0.9446011609415282,1865215.0,0.24701121089743464,706,568688.0,0,7551134.0,0.8485994282854888,0.5,0,1219499.0,Male,North
BRW-01997,Company_1997,Agriculture,3,12284782.0,-0.1001326431089223,0.26501326448825824,3255630.181346594,2282866.0,14212128.0,0.16062801006098382,12561089.0,1723088.0,7.289866629059787,8198629.0,1.1071222687486386,620,32083183.0,0,7405350.0,0.6528744200328034,0.6,0,10012796.0,Female,Central
BRW-01998,Company_1998,Healthcare,17,12302679.0,-0.09316744885656873,0.03383562223774683,416268.79915626097,1100511.0,1960738.0,0.5612735810324576,1387743.0,4024026.0,0.3448642367459264,46641536.0,4.830745731134767,755,1008532.0,1,9655141.0,0.7369749469232107,0.25,0,624484.0,Male,West
BRW-01999,Company_1999,Automotive,12,30401211.0,0.41873997399338336,0.04026308217925481,1224046.4568418653,3448905.0,14596754.0,0.23627888527278837,18930459.0,888030.0,21.317340273031007,108521460.0,3.99184529799173,604,2089684.0,3,27185787.0,0.8262036146658827,0.45,0,37482309.0,Male,South
